<?xml version="1.0"?>
<testResults>
  <FitNesseVersion>v20140418</FitNesseVersion>
  <rootPath>AbapSlim.NotWorkingSlimTests.SystemExitIsPrevented</rootPath>
    <result>
    <counts>
      <right>0</right>
      <wrong>3</wrong>
      <ignores>0</ignores>
      <exceptions>1</exceptions>
    </counts>
    <runTimeInMillis>43</runTimeInMillis>
    <content>&lt;br/&gt;&lt;table&gt;
	&lt;tr&gt;
		&lt;td colspan="2"&gt;SystemExitTable &lt;span class="error"&gt;Unknown construction message&lt;/span&gt;&lt;/td&gt;
	&lt;/tr&gt;
	&lt;tr&gt;
		&lt;td&gt;System exit code&lt;/td&gt;
		&lt;td&gt;exception message?&lt;/td&gt;
	&lt;/tr&gt;
	&lt;tr&gt;
		&lt;td&gt;0&lt;/td&gt;
		&lt;td&gt;[/__ERROR__/] &lt;span class="fail"&gt;expected [prevented system exit with exit code 0]&lt;/span&gt;&lt;/td&gt;
	&lt;/tr&gt;
	&lt;tr&gt;
		&lt;td&gt;1&lt;/td&gt;
		&lt;td&gt;[/__ERROR__/] &lt;span class="fail"&gt;expected [prevented system exit with exit code 1]&lt;/span&gt;&lt;/td&gt;
	&lt;/tr&gt;
	&lt;tr&gt;
		&lt;td&gt;42&lt;/td&gt;
		&lt;td&gt;[/__ERROR__/] &lt;span class="fail"&gt;expected [prevented system exit with exit code 42]&lt;/span&gt;&lt;/td&gt;
	&lt;/tr&gt;
&lt;/table&gt;
</content>
    <relativePageName>SystemExitIsPrevented</relativePageName>
    
    
    
    <instructions>
            <instructionResult>
        <instruction>{id='decisionTable_0_0', instruction='make', instanceName='decisionTable_0', className='SystemExitTable', args=[]}</instruction>
        <slimResult>error(a=/__ERROR__/;Unknown construction message)</slimResult>
                <expectation>
                    <status>error</status>
                    <instructionId>decisionTable_0_0</instructionId>
                    <col>0</col>
                              <row>0</row>
                    <type>ConstructionExpectation</type>
                    <actual>/__ERROR__/</actual>
                                        <evaluationMessage>Unknown construction message</evaluationMessage>
                  </expectation>
        
      </instructionResult>
            <instructionResult>
        <instruction>{id='decisionTable_0_4', instruction='call', instanceName='decisionTable_0', methodName='setSystemExitCode', args=[0]}</instruction>
        <slimResult></slimResult>
                <expectation>
                    <instructionId>decisionTable_0_4</instructionId>
                    <col>0</col>
                              <row>2</row>
                    <type>VoidReturnExpectation</type>
                                      </expectation>
        
      </instructionResult>
            <instructionResult>
        <instruction>{id='decisionTable_0_6', instruction='call', instanceName='decisionTable_0', methodName='exceptionMessage', args=[]}</instruction>
        <slimResult>fail(a=/__ERROR__/;e=prevented system exit with exit code 0)</slimResult>
                <expectation>
                    <status>fail</status>
                    <instructionId>decisionTable_0_6</instructionId>
                    <col>1</col>
                              <row>2</row>
                    <type>ReturnedValueExpectation</type>
                    <actual>/__ERROR__/</actual>
                              <expected>prevented system exit with exit code 0</expected>
                            </expectation>
        
      </instructionResult>
            <instructionResult>
        <instruction>{id='decisionTable_0_8', instruction='call', instanceName='decisionTable_0', methodName='setSystemExitCode', args=[1]}</instruction>
        <slimResult></slimResult>
                <expectation>
                    <instructionId>decisionTable_0_8</instructionId>
                    <col>0</col>
                              <row>3</row>
                    <type>VoidReturnExpectation</type>
                                      </expectation>
        
      </instructionResult>
            <instructionResult>
        <instruction>{id='decisionTable_0_10', instruction='call', instanceName='decisionTable_0', methodName='exceptionMessage', args=[]}</instruction>
        <slimResult>fail(a=/__ERROR__/;e=prevented system exit with exit code 1)</slimResult>
                <expectation>
                    <status>fail</status>
                    <instructionId>decisionTable_0_10</instructionId>
                    <col>1</col>
                              <row>3</row>
                    <type>ReturnedValueExpectation</type>
                    <actual>/__ERROR__/</actual>
                              <expected>prevented system exit with exit code 1</expected>
                            </expectation>
        
      </instructionResult>
            <instructionResult>
        <instruction>{id='decisionTable_0_12', instruction='call', instanceName='decisionTable_0', methodName='setSystemExitCode', args=[42]}</instruction>
        <slimResult></slimResult>
                <expectation>
                    <instructionId>decisionTable_0_12</instructionId>
                    <col>0</col>
                              <row>4</row>
                    <type>VoidReturnExpectation</type>
                                      </expectation>
        
      </instructionResult>
            <instructionResult>
        <instruction>{id='decisionTable_0_14', instruction='call', instanceName='decisionTable_0', methodName='exceptionMessage', args=[]}</instruction>
        <slimResult>fail(a=/__ERROR__/;e=prevented system exit with exit code 42)</slimResult>
                <expectation>
                    <status>fail</status>
                    <instructionId>decisionTable_0_14</instructionId>
                    <col>1</col>
                              <row>4</row>
                    <type>ReturnedValueExpectation</type>
                    <actual>/__ERROR__/</actual>
                              <expected>prevented system exit with exit code 42</expected>
                            </expectation>
        
      </instructionResult>
      
    </instructions>
    
  </result>
  
    <finalCounts>
    <right>0</right>
    <wrong>1</wrong>
    <ignores>0</ignores>
    <exceptions>0</exceptions>
  </finalCounts>
  <totalRunTimeInMillis>44</totalRunTimeInMillis>
  
</testResults>

