<?xml version="1.0"?>
<testResults>
  <FitNesseVersion>v20140418</FitNesseVersion>
  <rootPath>AbapSlim.NotWorkingSlimTests.TestExceptionCount</rootPath>
    <result>
    <counts>
      <right>0</right>
      <wrong>0</wrong>
      <ignores>0</ignores>
      <exceptions>0</exceptions>
    </counts>
    <runTimeInMillis>54</runTimeInMillis>
    <content>&lt;br/&gt;The amount of exceptions counted should not exceed the number of errors displayed on the screen.&lt;br/&gt;&lt;br/&gt;&lt;table&gt;
	&lt;tr&gt;
		&lt;td colspan="4"&gt;script&lt;/td&gt;
	&lt;/tr&gt;
	&lt;tr&gt;
		&lt;td&gt;given page&lt;/td&gt;
		&lt;td&gt;TestPage&lt;/td&gt;
		&lt;td&gt;with content&lt;/td&gt;
		&lt;td&gt;&lt;span class="meta"&gt;undefined variable: SUT_PATH&lt;/span&gt; 
!define TEST_SYSTEM {slim}
!define TEST_RUNNER {C:\Fitnesse\ABAPSlim.jar}
!path C:\Fitnesse\
!define COMMAND_PATTERN {java -Djava.library.path=C:\Fitnesse\ABAPSlim_lib\ -jar C:\Fitnesse\ABAPSlim.jar}
|lorem ipsum                |
|foo        |bar       |baz?|
|dolor      |sit       |amet|
|consectetur|adipiscing|elit|
&lt;/td&gt;
	&lt;/tr&gt;
	&lt;tr&gt;
		&lt;td&gt;test results for page&lt;/td&gt;
		&lt;td&gt;TestPage&lt;/td&gt;
		&lt;td&gt;should contain&lt;/td&gt;
		&lt;td&gt;0 right, 0 wrong, 0 ignored, 7 exceptions&lt;/td&gt;
	&lt;/tr&gt;
&lt;/table&gt;
</content>
    <relativePageName>TestExceptionCount</relativePageName>
    
    
    
    <instructions>
            <instructionResult>
        <instruction>{id='scriptTable_0_0', instruction='call', instanceName='scriptTableActor', methodName='givenPageWithContent', args=[TestPage, &lt;span class="meta"&gt;undefined variable: SUT_PATH&lt;/span&gt; 
!define TEST_SYSTEM {slim}
!define TEST_RUNNER {C:\Fitnesse\ABAPSlim.jar}
!path C:\Fitnesse\
!define COMMAND_PATTERN {java -Djava.library.path=C:\Fitnesse\ABAPSlim_lib\ -jar C:\Fitnesse\ABAPSlim.jar}
|lorem ipsum                |
|foo        |bar       |baz?|
|dolor      |sit       |amet|
|consectetur|adipiscing|elit|
]}</instruction>
        <slimResult></slimResult>
                <expectation>
                    <instructionId>scriptTable_0_0</instructionId>
                    <col>0</col>
                              <row>1</row>
                    <type>ScriptActionExpectation</type>
                                      </expectation>
        
      </instructionResult>
            <instructionResult>
        <instruction>{id='scriptTable_0_1', instruction='call', instanceName='scriptTableActor', methodName='testResultsForPageShouldContain', args=[TestPage, 0 right, 0 wrong, 0 ignored, 7 exceptions]}</instruction>
        <slimResult></slimResult>
                <expectation>
                    <instructionId>scriptTable_0_1</instructionId>
                    <col>0</col>
                              <row>2</row>
                    <type>ScriptActionExpectation</type>
                                      </expectation>
        
      </instructionResult>
      
    </instructions>
    
  </result>
  
    <finalCounts>
    <right>0</right>
    <wrong>0</wrong>
    <ignores>1</ignores>
    <exceptions>0</exceptions>
  </finalCounts>
  <totalRunTimeInMillis>55</totalRunTimeInMillis>
  
</testResults>

