<?xml version="1.0"?>
<testResults>
  <FitNesseVersion>v20140418</FitNesseVersion>
  <rootPath>FitNesse.SuiteAcceptanceTests.SuiteFitDecoratorTests.MultipleDivision</rootPath>
    <result>
    <counts>
      <right>20</right>
      <wrong>0</wrong>
      <ignores>0</ignores>
      <exceptions>0</exceptions>
    </counts>
    <runTimeInMillis>8</runTimeInMillis>
    <content>&lt;div class="collapsible closed"&gt;&lt;ul&gt;&lt;li&gt;&lt;a href='#' class='expandall'&gt;Expand All&lt;/a&gt;&lt;/li&gt;&lt;li&gt;&lt;a href='#' class='collapseall'&gt;Collapse All&lt;/a&gt;&lt;/li&gt;&lt;/ul&gt;
	&lt;p class="title"&gt;Included page: &lt;a href="FitNesse.SuiteAcceptanceTests.SuiteFitDecoratorTests.SetUp"&gt;.FitNesse.SuiteAcceptanceTests.SuiteFitDecoratorTests.SetUp&lt;/a&gt; &lt;a href="FitNesse.SuiteAcceptanceTests.SuiteFitDecoratorTests.SetUp?edit&amp;amp;redirectToReferer=true&amp;amp;redirectAction=" class="edit"&gt;(edit)&lt;/a&gt;&lt;/p&gt;
	&lt;div&gt;&lt;table&gt;
	&lt;tr&gt;
		&lt;td&gt;Import&lt;/td&gt;
	&lt;/tr&gt;
	&lt;tr&gt;
		&lt;td&gt;fit.decorator&lt;/td&gt;
	&lt;/tr&gt;
	&lt;tr&gt;
		&lt;td&gt;fit.decorator.performance&lt;/td&gt;
	&lt;/tr&gt;
	&lt;tr&gt;
		&lt;td&gt;eg&lt;/td&gt;
	&lt;/tr&gt;
&lt;/table&gt;
&lt;/div&gt;
&lt;/div&gt;
&lt;br/&gt;What if you want to execute the same fitnesse test multiple times. This seems like nice a candidate for a decorator.&lt;br/&gt;&lt;br/&gt;If you want to loop 5 times over a fitnesse table and make sure each time the test does not take more than 1000 milliseconds.&lt;br/&gt;&lt;br/&gt;&lt;table&gt;
	&lt;tr&gt;
		&lt;td&gt;Loop&lt;/td&gt;
		&lt;td&gt;5&lt;/td&gt;
		&lt;td&gt;times&lt;/td&gt;
	&lt;/tr&gt;
	&lt;tr&gt;
		&lt;td&gt;Max Time&lt;/td&gt;
		&lt;td class="pass" class="pass" class="pass" class="pass" class="pass"&gt;1000&lt;hr&gt;actual 1.0&lt;hr&gt;actual 1.0&lt;hr&gt;actual 0.0&lt;hr&gt;actual 0.0&lt;hr&gt;actual 0.0&lt;/td&gt;
		&lt;td&gt;milliseconds&lt;/td&gt;
	&lt;/tr&gt;
	&lt;tr&gt;
		&lt;td colspan="3"&gt;Division&lt;/td&gt;
	&lt;/tr&gt;
	&lt;tr&gt;
		&lt;td&gt;numerator&lt;/td&gt;
		&lt;td&gt;denominator&lt;/td&gt;
		&lt;td&gt;quotient()&lt;/td&gt;
	&lt;/tr&gt;
	&lt;tr&gt;
		&lt;td&gt;10&lt;/td&gt;
		&lt;td&gt;2&lt;/td&gt;
		&lt;td class="pass" class="pass" class="pass" class="pass" class="pass"&gt;5&lt;/td&gt;
	&lt;/tr&gt;
	&lt;tr&gt;
		&lt;td&gt;12.6&lt;/td&gt;
		&lt;td&gt;3&lt;/td&gt;
		&lt;td class="pass" class="pass" class="pass" class="pass" class="pass"&gt;4.2&lt;/td&gt;
	&lt;/tr&gt;
	&lt;tr&gt;
		&lt;td&gt;100&lt;/td&gt;
		&lt;td&gt;4&lt;/td&gt;
		&lt;td class="pass" class="pass" class="pass" class="pass" class="pass"&gt;25&lt;/td&gt;
	&lt;/tr&gt;
&lt;/table&gt;
&lt;br/&gt;Once you run this test, you can see actual time taken for each run. In our case, we'll see 5 actual timing printed, since we are looping 5 times.&lt;br/&gt;&lt;br/&gt;&lt;b&gt;Note:&lt;/b&gt; As you can see, you can pipe decorators. Similar to how you can pipe Unix shell commands.&lt;br/&gt;&lt;div class="collapsible closed"&gt;&lt;ul&gt;&lt;li&gt;&lt;a href='#' class='expandall'&gt;Expand All&lt;/a&gt;&lt;/li&gt;&lt;li&gt;&lt;a href='#' class='collapseall'&gt;Collapse All&lt;/a&gt;&lt;/li&gt;&lt;/ul&gt;
	&lt;p class="title"&gt;Included page: &lt;a href="FitNesse.SuiteAcceptanceTests.SuiteFitDecoratorTests.TearDown"&gt;.FitNesse.SuiteAcceptanceTests.SuiteFitDecoratorTests.TearDown&lt;/a&gt; &lt;a href="FitNesse.SuiteAcceptanceTests.SuiteFitDecoratorTests.TearDown?edit&amp;amp;redirectToReferer=true&amp;amp;redirectAction=" class="edit"&gt;(edit)&lt;/a&gt;&lt;/p&gt;
	&lt;div&gt;&lt;table&gt;
	&lt;tr&gt;
		&lt;td&gt;fit.Summary&lt;/td&gt;
	&lt;/tr&gt;
&lt;tr&gt;
&lt;td&gt; &lt;span class="fit_grey"&gt;EncapsulatedFixtureName&lt;/span&gt;&lt;/td&gt;
&lt;td&gt; &lt;span class="fit_grey"&gt;Division&lt;/span&gt;&lt;/td&gt;&lt;/tr&gt;
&lt;tr&gt;
&lt;td&gt; &lt;span class="fit_grey"&gt;actualTimeTaken&lt;/span&gt;&lt;/td&gt;
&lt;td&gt; &lt;span class="fit_grey"&gt;0&lt;/span&gt;&lt;/td&gt;&lt;/tr&gt;
&lt;tr&gt;
&lt;td&gt; &lt;span class="fit_grey"&gt;count&lt;/span&gt;&lt;/td&gt;
&lt;td&gt; &lt;span class="fit_grey"&gt;5&lt;/span&gt;&lt;/td&gt;&lt;/tr&gt;
&lt;tr&gt;
&lt;td&gt; &lt;span class="fit_grey"&gt;counts&lt;/span&gt;&lt;/td&gt;
&lt;td class="pass"&gt; &lt;span class="fit_grey"&gt;20 right, 0 wrong, 0 ignored, 0 exceptions&lt;/span&gt;&lt;/td&gt;&lt;/tr&gt;
&lt;tr&gt;
&lt;td&gt; &lt;span class="fit_grey"&gt;maxTime&lt;/span&gt;&lt;/td&gt;
&lt;td&gt; &lt;span class="fit_grey"&gt;1000&lt;/span&gt;&lt;/td&gt;&lt;/tr&gt;
&lt;tr&gt;
&lt;td&gt; &lt;span class="fit_grey"&gt;run date&lt;/span&gt;&lt;/td&gt;
&lt;td&gt; &lt;span class="fit_grey"&gt;Tue May 13 01:54:53 CST 2014&lt;/span&gt;&lt;/td&gt;&lt;/tr&gt;
&lt;tr&gt;
&lt;td&gt; &lt;span class="fit_grey"&gt;run elapsed time&lt;/span&gt;&lt;/td&gt;
&lt;td&gt; &lt;span class="fit_grey"&gt;0:00.00&lt;/span&gt;&lt;/td&gt;&lt;/tr&gt;&lt;/table&gt;
&lt;/div&gt;
&lt;/div&gt;
</content>
    <relativePageName>MultipleDivision</relativePageName>
    
    
    
  </result>
  
    <finalCounts>
    <right>1</right>
    <wrong>0</wrong>
    <ignores>0</ignores>
    <exceptions>0</exceptions>
  </finalCounts>
  <totalRunTimeInMillis>9</totalRunTimeInMillis>
  
</testResults>

