<?xml version="1.0"?>
<testResults>
  <FitNesseVersion>v20140418</FitNesseVersion>
  <rootPath>FitNesse.SuiteAcceptanceTests.SuiteWidgetTests.TestIncludeCollapsed</rootPath>
    <result>
    <counts>
      <right>3</right>
      <wrong>0</wrong>
      <ignores>1</ignores>
      <exceptions>0</exceptions>
    </counts>
    <runTimeInMillis>81</runTimeInMillis>
    <content>&lt;div class="collapsible closed"&gt;&lt;ul&gt;&lt;li&gt;&lt;a href='#' class='expandall'&gt;Expand All&lt;/a&gt;&lt;/li&gt;&lt;li&gt;&lt;a href='#' class='collapseall'&gt;Collapse All&lt;/a&gt;&lt;/li&gt;&lt;/ul&gt;
	&lt;p class="title"&gt;Included page: &lt;a href="FitNesse.SuiteAcceptanceTests.ScenarioLibrary"&gt;.FitNesse.SuiteAcceptanceTests.ScenarioLibrary&lt;/a&gt; &lt;a href="FitNesse.SuiteAcceptanceTests.ScenarioLibrary?edit&amp;amp;redirectToReferer=true&amp;amp;redirectAction=" class="edit"&gt;(edit)&lt;/a&gt;&lt;/p&gt;
	&lt;div&gt;&lt;table&gt;
	&lt;tr&gt;
		&lt;td&gt;scenario&lt;/td&gt;
		&lt;td&gt;given page&lt;/td&gt;
		&lt;td&gt;page&lt;/td&gt;
		&lt;td&gt;with content&lt;/td&gt;
		&lt;td&gt;content&lt;/td&gt;
	&lt;/tr&gt;
	&lt;tr&gt;
		&lt;td&gt;create page&lt;/td&gt;
		&lt;td&gt;@page&lt;/td&gt;
		&lt;td&gt;with content&lt;/td&gt;
		&lt;td colspan="2"&gt;@content&lt;/td&gt;
	&lt;/tr&gt;
	&lt;tr&gt;
		&lt;td&gt;$IT=&lt;/td&gt;
		&lt;td&gt;echo&lt;/td&gt;
		&lt;td colspan="3"&gt;@page&lt;/td&gt;
	&lt;/tr&gt;
&lt;/table&gt;
&lt;br/&gt;&lt;table&gt;
	&lt;tr&gt;
		&lt;td&gt;scenario&lt;/td&gt;
		&lt;td&gt;given page&lt;/td&gt;
		&lt;td colspan="2"&gt;page&lt;/td&gt;
	&lt;/tr&gt;
	&lt;tr&gt;
		&lt;td&gt;given page&lt;/td&gt;
		&lt;td&gt;@page&lt;/td&gt;
		&lt;td&gt;with content&lt;/td&gt;
		&lt;td&gt;nothing&lt;/td&gt;
	&lt;/tr&gt;
&lt;/table&gt;
&lt;br/&gt;&lt;table&gt;
	&lt;tr&gt;
		&lt;td&gt;scenario&lt;/td&gt;
		&lt;td&gt;given test page&lt;/td&gt;
		&lt;td&gt;page&lt;/td&gt;
	&lt;/tr&gt;
	&lt;tr&gt;
		&lt;td&gt;given page&lt;/td&gt;
		&lt;td colspan="2"&gt;@page&lt;/td&gt;
	&lt;/tr&gt;
	&lt;tr&gt;
		&lt;td&gt;make&lt;/td&gt;
		&lt;td&gt;@page&lt;/td&gt;
		&lt;td&gt;a test page&lt;/td&gt;
	&lt;/tr&gt;
&lt;/table&gt;
&lt;br/&gt;&lt;table&gt;
	&lt;tr&gt;
		&lt;td&gt;scenario&lt;/td&gt;
		&lt;td&gt;given slim test page&lt;/td&gt;
		&lt;td colspan="2"&gt;page&lt;/td&gt;
	&lt;/tr&gt;
	&lt;tr&gt;
		&lt;td&gt;given page&lt;/td&gt;
		&lt;td&gt;@page&lt;/td&gt;
		&lt;td&gt;with content&lt;/td&gt;
		&lt;td&gt;!define TEST_SYSTEM {slim}&lt;/td&gt;
	&lt;/tr&gt;
	&lt;tr&gt;
		&lt;td&gt;make&lt;/td&gt;
		&lt;td&gt;@page&lt;/td&gt;
		&lt;td colspan="2"&gt;a test page&lt;/td&gt;
	&lt;/tr&gt;
&lt;/table&gt;
&lt;br/&gt;&lt;table&gt;
	&lt;tr&gt;
		&lt;td&gt;scenario&lt;/td&gt;
		&lt;td&gt;page&lt;/td&gt;
		&lt;td&gt;source&lt;/td&gt;
		&lt;td&gt;should have link to&lt;/td&gt;
		&lt;td&gt;target&lt;/td&gt;
	&lt;/tr&gt;
	&lt;tr&gt;
		&lt;td&gt;check&lt;/td&gt;
		&lt;td&gt;request page&lt;/td&gt;
		&lt;td&gt;@source&lt;/td&gt;
		&lt;td colspan="2"&gt;200&lt;/td&gt;
	&lt;/tr&gt;
	&lt;tr&gt;
		&lt;td&gt;ensure&lt;/td&gt;
		&lt;td&gt;content contains&lt;/td&gt;
		&lt;td colspan="3"&gt;&amp;lt;a href="@target"&lt;/td&gt;
	&lt;/tr&gt;
	&lt;tr&gt;
		&lt;td&gt;$IT=&lt;/td&gt;
		&lt;td&gt;echo&lt;/td&gt;
		&lt;td colspan="3"&gt;@source&lt;/td&gt;
	&lt;/tr&gt;
&lt;/table&gt;
&lt;br/&gt;&lt;table&gt;
	&lt;tr&gt;
		&lt;td&gt;scenario&lt;/td&gt;
		&lt;td&gt;it should have link to&lt;/td&gt;
		&lt;td colspan="2"&gt;target&lt;/td&gt;
	&lt;/tr&gt;
	&lt;tr&gt;
		&lt;td&gt;page&lt;/td&gt;
		&lt;td&gt;$IT&lt;/td&gt;
		&lt;td&gt;should have link to&lt;/td&gt;
		&lt;td&gt;@target&lt;/td&gt;
	&lt;/tr&gt;
&lt;/table&gt;
&lt;br/&gt;&lt;table&gt;
	&lt;tr&gt;
		&lt;td&gt;scenario&lt;/td&gt;
		&lt;td&gt;and it should have link to&lt;/td&gt;
		&lt;td colspan="2"&gt;target&lt;/td&gt;
	&lt;/tr&gt;
	&lt;tr&gt;
		&lt;td&gt;page&lt;/td&gt;
		&lt;td&gt;$IT&lt;/td&gt;
		&lt;td&gt;should have link to&lt;/td&gt;
		&lt;td&gt;@target&lt;/td&gt;
	&lt;/tr&gt;
&lt;/table&gt;
&lt;br/&gt;&lt;table&gt;
	&lt;tr&gt;
		&lt;td&gt;scenario&lt;/td&gt;
		&lt;td&gt;page&lt;/td&gt;
		&lt;td&gt;source&lt;/td&gt;
		&lt;td&gt;should have creating link to&lt;/td&gt;
		&lt;td&gt;target&lt;/td&gt;
	&lt;/tr&gt;
	&lt;tr&gt;
		&lt;td&gt;check&lt;/td&gt;
		&lt;td&gt;request page&lt;/td&gt;
		&lt;td&gt;@source&lt;/td&gt;
		&lt;td colspan="2"&gt;200&lt;/td&gt;
	&lt;/tr&gt;
	&lt;tr&gt;
		&lt;td&gt;ensure&lt;/td&gt;
		&lt;td&gt;content contains&lt;/td&gt;
		&lt;td colspan="3"&gt;@target&amp;lt;a title="create page" href="@target?edit&amp;amp;nonExistent=true"&amp;gt;[?]&amp;lt;/a&amp;gt;&lt;/td&gt;
	&lt;/tr&gt;
&lt;/table&gt;
&lt;br/&gt;&lt;table&gt;
	&lt;tr&gt;
		&lt;td&gt;scenario&lt;/td&gt;
		&lt;td&gt;it should have creating link to&lt;/td&gt;
		&lt;td colspan="2"&gt;target&lt;/td&gt;
	&lt;/tr&gt;
	&lt;tr&gt;
		&lt;td&gt;page&lt;/td&gt;
		&lt;td&gt;$IT&lt;/td&gt;
		&lt;td&gt;should have creating link to&lt;/td&gt;
		&lt;td&gt;@target&lt;/td&gt;
	&lt;/tr&gt;
&lt;/table&gt;
&lt;br/&gt;&lt;table&gt;
	&lt;tr&gt;
		&lt;td&gt;scenario&lt;/td&gt;
		&lt;td&gt;page&lt;/td&gt;
		&lt;td&gt;source&lt;/td&gt;
		&lt;td&gt;should contain&lt;/td&gt;
		&lt;td&gt;text&lt;/td&gt;
	&lt;/tr&gt;
	&lt;tr&gt;
		&lt;td&gt;check&lt;/td&gt;
		&lt;td&gt;request page&lt;/td&gt;
		&lt;td&gt;@source&lt;/td&gt;
		&lt;td colspan="2"&gt;200&lt;/td&gt;
	&lt;/tr&gt;
	&lt;tr&gt;
		&lt;td&gt;ensure&lt;/td&gt;
		&lt;td&gt;content contains&lt;/td&gt;
		&lt;td colspan="3"&gt;@text&lt;/td&gt;
	&lt;/tr&gt;
	&lt;tr&gt;
		&lt;td&gt;show&lt;/td&gt;
		&lt;td colspan="4"&gt;content&lt;/td&gt;
	&lt;/tr&gt;
&lt;/table&gt;
&lt;br/&gt;&lt;table&gt;
	&lt;tr&gt;
		&lt;td&gt;scenario&lt;/td&gt;
		&lt;td&gt;page&lt;/td&gt;
		&lt;td&gt;source&lt;/td&gt;
		&lt;td&gt;should not contain&lt;/td&gt;
		&lt;td&gt;text&lt;/td&gt;
	&lt;/tr&gt;
	&lt;tr&gt;
		&lt;td&gt;check&lt;/td&gt;
		&lt;td&gt;request page&lt;/td&gt;
		&lt;td&gt;@source&lt;/td&gt;
		&lt;td colspan="2"&gt;200&lt;/td&gt;
	&lt;/tr&gt;
	&lt;tr&gt;
		&lt;td&gt;reject&lt;/td&gt;
		&lt;td&gt;content contains&lt;/td&gt;
		&lt;td colspan="3"&gt;@text&lt;/td&gt;
	&lt;/tr&gt;
	&lt;tr&gt;
		&lt;td&gt;show&lt;/td&gt;
		&lt;td colspan="4"&gt;content&lt;/td&gt;
	&lt;/tr&gt;
&lt;/table&gt;
&lt;br/&gt;&lt;table&gt;
	&lt;tr&gt;
		&lt;td&gt;scenario&lt;/td&gt;
		&lt;td&gt;page&lt;/td&gt;
		&lt;td&gt;source&lt;/td&gt;
		&lt;td&gt;should match&lt;/td&gt;
		&lt;td&gt;text&lt;/td&gt;
	&lt;/tr&gt;
	&lt;tr&gt;
		&lt;td&gt;check&lt;/td&gt;
		&lt;td&gt;request page&lt;/td&gt;
		&lt;td&gt;@source&lt;/td&gt;
		&lt;td colspan="2"&gt;200&lt;/td&gt;
	&lt;/tr&gt;
	&lt;tr&gt;
		&lt;td&gt;ensure&lt;/td&gt;
		&lt;td&gt;content matches&lt;/td&gt;
		&lt;td colspan="3"&gt;@text&lt;/td&gt;
	&lt;/tr&gt;
	&lt;tr&gt;
		&lt;td&gt;show&lt;/td&gt;
		&lt;td colspan="4"&gt;content&lt;/td&gt;
	&lt;/tr&gt;
&lt;/table&gt;
&lt;br/&gt;&lt;table&gt;
	&lt;tr&gt;
		&lt;td&gt;scenario&lt;/td&gt;
		&lt;td&gt;it should contain&lt;/td&gt;
		&lt;td colspan="2"&gt;text&lt;/td&gt;
	&lt;/tr&gt;
	&lt;tr&gt;
		&lt;td&gt;page&lt;/td&gt;
		&lt;td&gt;$IT&lt;/td&gt;
		&lt;td&gt;should contain&lt;/td&gt;
		&lt;td&gt;@text&lt;/td&gt;
	&lt;/tr&gt;
&lt;/table&gt;
&lt;br/&gt;&lt;table&gt;
	&lt;tr&gt;
		&lt;td&gt;scenario&lt;/td&gt;
		&lt;td&gt;it should not contain&lt;/td&gt;
		&lt;td colspan="2"&gt;text&lt;/td&gt;
	&lt;/tr&gt;
	&lt;tr&gt;
		&lt;td&gt;page&lt;/td&gt;
		&lt;td&gt;$IT&lt;/td&gt;
		&lt;td&gt;should not contain&lt;/td&gt;
		&lt;td&gt;@text&lt;/td&gt;
	&lt;/tr&gt;
&lt;/table&gt;
&lt;br/&gt;&lt;table&gt;
	&lt;tr&gt;
		&lt;td&gt;scenario&lt;/td&gt;
		&lt;td&gt;it should contain&lt;/td&gt;
		&lt;td&gt;text&lt;/td&gt;
		&lt;td&gt;in line&lt;/td&gt;
		&lt;td&gt;symbol&lt;/td&gt;
	&lt;/tr&gt;
	&lt;tr&gt;
		&lt;td&gt;check&lt;/td&gt;
		&lt;td&gt;request page&lt;/td&gt;
		&lt;td&gt;$IT&lt;/td&gt;
		&lt;td colspan="2"&gt;200&lt;/td&gt;
	&lt;/tr&gt;
	&lt;tr&gt;
		&lt;td&gt;$@symbol=&lt;/td&gt;
		&lt;td&gt;line number containing&lt;/td&gt;
		&lt;td colspan="3"&gt;@text&lt;/td&gt;
	&lt;/tr&gt;
&lt;/table&gt;
&lt;br/&gt;&lt;table&gt;
	&lt;tr&gt;
		&lt;td&gt;scenario&lt;/td&gt;
		&lt;td&gt;it should match&lt;/td&gt;
		&lt;td colspan="2"&gt;text&lt;/td&gt;
	&lt;/tr&gt;
	&lt;tr&gt;
		&lt;td&gt;page&lt;/td&gt;
		&lt;td&gt;$IT&lt;/td&gt;
		&lt;td&gt;should match&lt;/td&gt;
		&lt;td&gt;@text&lt;/td&gt;
	&lt;/tr&gt;
&lt;/table&gt;
&lt;br/&gt;&lt;table&gt;
	&lt;tr&gt;
		&lt;td&gt;scenario&lt;/td&gt;
		&lt;td&gt;test results for page&lt;/td&gt;
		&lt;td&gt;source&lt;/td&gt;
		&lt;td&gt;should contain&lt;/td&gt;
		&lt;td&gt;text&lt;/td&gt;
	&lt;/tr&gt;
	&lt;tr&gt;
		&lt;td&gt;check&lt;/td&gt;
		&lt;td&gt;request page&lt;/td&gt;
		&lt;td&gt;@source?test&lt;/td&gt;
		&lt;td colspan="2"&gt;200&lt;/td&gt;
	&lt;/tr&gt;
	&lt;tr&gt;
		&lt;td&gt;ensure&lt;/td&gt;
		&lt;td&gt;content contains&lt;/td&gt;
		&lt;td colspan="3"&gt;@text&lt;/td&gt;
	&lt;/tr&gt;
	&lt;tr&gt;
		&lt;td&gt;show&lt;/td&gt;
		&lt;td colspan="4"&gt;content&lt;/td&gt;
	&lt;/tr&gt;
&lt;/table&gt;
&lt;br/&gt;&lt;table&gt;
	&lt;tr&gt;
		&lt;td&gt;scenario&lt;/td&gt;
		&lt;td&gt;its test results should contain&lt;/td&gt;
		&lt;td colspan="2"&gt;text&lt;/td&gt;
	&lt;/tr&gt;
	&lt;tr&gt;
		&lt;td&gt;test results for page&lt;/td&gt;
		&lt;td&gt;$IT&lt;/td&gt;
		&lt;td&gt;should contain&lt;/td&gt;
		&lt;td&gt;@text&lt;/td&gt;
	&lt;/tr&gt;
&lt;/table&gt;
&lt;br/&gt;&lt;table&gt;
	&lt;tr&gt;
		&lt;td&gt;scenario&lt;/td&gt;
		&lt;td&gt;test ressults for page&lt;/td&gt;
		&lt;td&gt;source&lt;/td&gt;
		&lt;td&gt;should not contain&lt;/td&gt;
		&lt;td&gt;text&lt;/td&gt;
	&lt;/tr&gt;
	&lt;tr&gt;
		&lt;td&gt;check&lt;/td&gt;
		&lt;td&gt;request page&lt;/td&gt;
		&lt;td&gt;@source?test&lt;/td&gt;
		&lt;td colspan="2"&gt;200&lt;/td&gt;
	&lt;/tr&gt;
	&lt;tr&gt;
		&lt;td&gt;reject&lt;/td&gt;
		&lt;td&gt;content contains&lt;/td&gt;
		&lt;td colspan="3"&gt;@text&lt;/td&gt;
	&lt;/tr&gt;
	&lt;tr&gt;
		&lt;td&gt;show&lt;/td&gt;
		&lt;td colspan="4"&gt;content&lt;/td&gt;
	&lt;/tr&gt;
&lt;/table&gt;
&lt;br/&gt;&lt;table&gt;
	&lt;tr&gt;
		&lt;td&gt;scenario&lt;/td&gt;
		&lt;td&gt;and should contain&lt;/td&gt;
		&lt;td&gt;text&lt;/td&gt;
	&lt;/tr&gt;
	&lt;tr&gt;
		&lt;td&gt;ensure&lt;/td&gt;
		&lt;td&gt;content contains&lt;/td&gt;
		&lt;td&gt;@text&lt;/td&gt;
	&lt;/tr&gt;
	&lt;tr&gt;
		&lt;td&gt;show&lt;/td&gt;
		&lt;td colspan="2"&gt;content&lt;/td&gt;
	&lt;/tr&gt;
&lt;/table&gt;
&lt;br/&gt;&lt;table&gt;
	&lt;tr&gt;
		&lt;td&gt;scenario&lt;/td&gt;
		&lt;td&gt;and should match&lt;/td&gt;
		&lt;td&gt;text&lt;/td&gt;
	&lt;/tr&gt;
	&lt;tr&gt;
		&lt;td&gt;ensure&lt;/td&gt;
		&lt;td&gt;content matches&lt;/td&gt;
		&lt;td&gt;@text&lt;/td&gt;
	&lt;/tr&gt;
	&lt;tr&gt;
		&lt;td&gt;show&lt;/td&gt;
		&lt;td colspan="2"&gt;content&lt;/td&gt;
	&lt;/tr&gt;
&lt;/table&gt;
&lt;br/&gt;&lt;table&gt;
	&lt;tr&gt;
		&lt;td&gt;scenario&lt;/td&gt;
		&lt;td&gt;and should not contain&lt;/td&gt;
		&lt;td&gt;text&lt;/td&gt;
	&lt;/tr&gt;
	&lt;tr&gt;
		&lt;td&gt;reject&lt;/td&gt;
		&lt;td&gt;content contains&lt;/td&gt;
		&lt;td&gt;@text&lt;/td&gt;
	&lt;/tr&gt;
	&lt;tr&gt;
		&lt;td&gt;show&lt;/td&gt;
		&lt;td colspan="2"&gt;content&lt;/td&gt;
	&lt;/tr&gt;
&lt;/table&gt;
&lt;br/&gt;&lt;table&gt;
	&lt;tr&gt;
		&lt;td&gt;scenario&lt;/td&gt;
		&lt;td&gt;widget&lt;/td&gt;
		&lt;td&gt;wikiText&lt;/td&gt;
		&lt;td&gt;should render&lt;/td&gt;
		&lt;td&gt;htmlText&lt;/td&gt;
	&lt;/tr&gt;
	&lt;tr&gt;
		&lt;td&gt;create page&lt;/td&gt;
		&lt;td&gt;WidgetPage&lt;/td&gt;
		&lt;td&gt;with content&lt;/td&gt;
		&lt;td colspan="2"&gt;@wikiText&lt;/td&gt;
	&lt;/tr&gt;
	&lt;tr&gt;
		&lt;td&gt;check&lt;/td&gt;
		&lt;td&gt;request page&lt;/td&gt;
		&lt;td&gt;WidgetPage&lt;/td&gt;
		&lt;td colspan="2"&gt;200&lt;/td&gt;
	&lt;/tr&gt;
	&lt;tr&gt;
		&lt;td&gt;ensure&lt;/td&gt;
		&lt;td&gt;content matches&lt;/td&gt;
		&lt;td colspan="3"&gt;@htmlText&lt;/td&gt;
	&lt;/tr&gt;
	&lt;tr&gt;
		&lt;td&gt;show&lt;/td&gt;
		&lt;td colspan="4"&gt;content&lt;/td&gt;
	&lt;/tr&gt;
&lt;/table&gt;
&lt;br/&gt;&lt;table&gt;
	&lt;tr&gt;
		&lt;td&gt;scenario&lt;/td&gt;
		&lt;td&gt;the line&lt;/td&gt;
		&lt;td&gt;after&lt;/td&gt;
		&lt;td&gt;should come after&lt;/td&gt;
		&lt;td&gt;before&lt;/td&gt;
	&lt;/tr&gt;
	&lt;tr&gt;
		&lt;td&gt;check&lt;/td&gt;
		&lt;td&gt;echo int&lt;/td&gt;
		&lt;td&gt;$@before&lt;/td&gt;
		&lt;td colspan="2"&gt;&amp;lt; $@after&lt;/td&gt;
	&lt;/tr&gt;
&lt;/table&gt;
&lt;br/&gt;&lt;table&gt;
	&lt;tr&gt;
		&lt;td&gt;scenario&lt;/td&gt;
		&lt;td colspan="3"&gt;pass&lt;/td&gt;
	&lt;/tr&gt;
	&lt;tr&gt;
		&lt;td&gt;check&lt;/td&gt;
		&lt;td&gt;echo&lt;/td&gt;
		&lt;td&gt;pass&lt;/td&gt;
		&lt;td&gt;pass&lt;/td&gt;
	&lt;/tr&gt;
&lt;/table&gt;
&lt;/div&gt;
&lt;/div&gt;
&lt;div class="collapsible closed"&gt;&lt;ul&gt;&lt;li&gt;&lt;a href='#' class='expandall'&gt;Expand All&lt;/a&gt;&lt;/li&gt;&lt;li&gt;&lt;a href='#' class='collapseall'&gt;Collapse All&lt;/a&gt;&lt;/li&gt;&lt;/ul&gt;
	&lt;p class="title"&gt;Included page: &lt;a href="FitNesse.SuiteAcceptanceTests.SuiteWidgetTests.SetUp"&gt;.FitNesse.SuiteAcceptanceTests.SuiteWidgetTests.SetUp&lt;/a&gt; &lt;a href="FitNesse.SuiteAcceptanceTests.SuiteWidgetTests.SetUp?edit&amp;amp;redirectToReferer=true&amp;amp;redirectAction=" class="edit"&gt;(edit)&lt;/a&gt;&lt;/p&gt;
	&lt;div&gt;&lt;div class="collapsible"&gt;&lt;ul&gt;&lt;li&gt;&lt;a href='#' class='expandall'&gt;Expand All&lt;/a&gt;&lt;/li&gt;&lt;li&gt;&lt;a href='#' class='collapseall'&gt;Collapse All&lt;/a&gt;&lt;/li&gt;&lt;/ul&gt;
	&lt;p class="title"&gt;Included page: &lt;a href="FitNesse.SuiteAcceptanceTests.SetUp"&gt;&amp;lt;SuiteAcceptanceTests.SetUp&lt;/a&gt; &lt;a href="FitNesse.SuiteAcceptanceTests.SetUp?edit&amp;amp;redirectToReferer=true&amp;amp;redirectAction=" class="edit"&gt;(edit)&lt;/a&gt;&lt;/p&gt;
	&lt;div&gt;&lt;table&gt;
	&lt;tr&gt;
		&lt;td&gt;Import&lt;/td&gt;
	&lt;/tr&gt;
	&lt;tr&gt;
		&lt;td&gt;&lt;span class="pass"&gt;fitnesse.fixtures&lt;/span&gt;&lt;/td&gt;
	&lt;/tr&gt;
&lt;/table&gt;
&lt;br/&gt;&lt;table&gt;
	&lt;tr&gt;
		&lt;td&gt;&lt;span class="pass"&gt;SetUp&lt;/span&gt;&lt;/td&gt;
	&lt;/tr&gt;
&lt;/table&gt;
&lt;/div&gt;
&lt;/div&gt;
&lt;br/&gt;&lt;table&gt;
	&lt;tr&gt;
		&lt;td&gt;Library&lt;/td&gt;
	&lt;/tr&gt;
	&lt;tr&gt;
		&lt;td&gt;&lt;span class="pass"&gt;echo fixture&lt;/span&gt;&lt;/td&gt;
	&lt;/tr&gt;
	&lt;tr&gt;
		&lt;td&gt;&lt;span class="pass"&gt;page driver&lt;/span&gt;&lt;/td&gt;
	&lt;/tr&gt;
&lt;/table&gt;
&lt;br/&gt;&lt;/div&gt;
&lt;/div&gt;
&lt;br/&gt;&lt;h3&gt;You can set an included page to be collapsed when the page is rendered.&lt;/h3&gt;
To do this, add the option "-c":&lt;br/&gt;&lt;br/&gt;!include -c SomePage&lt;br/&gt;&lt;br/&gt;See &lt;a href="FitNesse.SuiteAcceptanceTests.SuiteWidgetTests.TestInclude"&gt;TestInclude&lt;/a&gt; for more info on included pages.&lt;br/&gt;&lt;hr/&gt;
&lt;br/&gt;&lt;ul&gt;
	&lt;li&gt;First create a page to be included.&lt;/li&gt;
&lt;/ul&gt;
&lt;table&gt;
	&lt;tr&gt;
		&lt;td colspan="2"&gt;script&lt;/td&gt;
	&lt;/tr&gt;
	&lt;tr&gt;
		&lt;td&gt;start&lt;/td&gt;
		&lt;td&gt;&lt;span class="pass"&gt;Page Builder&lt;/span&gt;&lt;/td&gt;
	&lt;/tr&gt;
	&lt;tr&gt;
		&lt;td&gt;line&lt;/td&gt;
		&lt;td&gt;included&lt;/td&gt;
	&lt;/tr&gt;
	&lt;tr&gt;
		&lt;td&gt;page&lt;/td&gt;
		&lt;td&gt;IncludedPage&lt;/td&gt;
	&lt;/tr&gt;
&lt;/table&gt;
&lt;ul&gt;
	&lt;li&gt;Next create a page to do the including.&lt;/li&gt;
&lt;/ul&gt;
&lt;table&gt;
	&lt;tr&gt;
		&lt;td colspan="2"&gt;script&lt;/td&gt;
	&lt;/tr&gt;
	&lt;tr&gt;
		&lt;td&gt;start&lt;/td&gt;
		&lt;td&gt;&lt;span class="pass"&gt;Page Builder&lt;/span&gt;&lt;/td&gt;
	&lt;/tr&gt;
	&lt;tr&gt;
		&lt;td&gt;line&lt;/td&gt;
		&lt;td&gt;before&lt;/td&gt;
	&lt;/tr&gt;
	&lt;tr&gt;
		&lt;td&gt;line&lt;/td&gt;
		&lt;td&gt;&amp;bang;include -c IncludedPage&lt;/td&gt;
	&lt;/tr&gt;
	&lt;tr&gt;
		&lt;td&gt;line&lt;/td&gt;
		&lt;td&gt;after&lt;/td&gt;
	&lt;/tr&gt;
	&lt;tr&gt;
		&lt;td&gt;page&lt;/td&gt;
		&lt;td&gt;IncludingPage&lt;/td&gt;
	&lt;/tr&gt;
&lt;/table&gt;
&lt;ul&gt;
	&lt;li&gt;Then request the including page.&lt;/li&gt;
&lt;/ul&gt;
&lt;table&gt;
	&lt;tr&gt;
		&lt;td colspan="3"&gt;&lt;span class="pass"&gt;Response Requester.&lt;/span&gt;&lt;/td&gt;
	&lt;/tr&gt;
	&lt;tr&gt;
		&lt;td&gt;uri&lt;/td&gt;
		&lt;td&gt;valid?&lt;/td&gt;
		&lt;td&gt;contents?&lt;/td&gt;
	&lt;/tr&gt;
	&lt;tr&gt;
		&lt;td&gt;IncludingPage&lt;/td&gt;
		&lt;td&gt;&lt;span class="pass"&gt;true&lt;/span&gt;&lt;/td&gt;
		&lt;td&gt; &lt;span class="ignore"&gt;&lt;pre&gt;HTTP/1.1 200 OK
Cache-Control: max-age=0
Content-Length: 6498
Content-Type: text/html; charset=utf-8

&amp;lt;!DOCTYPE html&amp;gt;
&amp;lt;html&amp;gt;
 &amp;lt;head&amp;gt;
  &amp;lt;meta http-equiv="Content-Type" content="text/html; charset=utf-8"/&amp;gt;
  &amp;lt;title&amp;gt;IncludingPage&amp;lt;/title&amp;gt;
    &amp;lt;!--[if lt IE 9]&amp;gt;
   &amp;lt;script&amp;gt;
    document.createElement('header');
    document.createElement('nav');
    document.createElement('section');
    document.createElement('article');
    document.createElement('footer');
   &amp;lt;/script&amp;gt;
  &amp;lt;![endif]--&amp;gt;
  
  &amp;lt;link rel="stylesheet" type="text/css" href="/files/fitnesse/css/fitnesse_wiki.css" /&amp;gt;
  &amp;lt;link rel="stylesheet" type="text/css" href="/files/fitnesse/css/fitnesse_pages.css" /&amp;gt;
  &amp;lt;link rel="stylesheet" type="text/css" href="/files/fitnesse/css/fitnesse_straight.css" /&amp;gt;
  &amp;lt;link rel="stylesheet" type="text/css" href="/files/fitnesse/wysiwyg/wysiwyg.css" media="screen"/&amp;gt;
  &amp;lt;link rel="stylesheet" type="text/css" href="/files/fitnesse/question.mark/question.mark.css" /&amp;gt;
  &amp;lt;link rel="wysiwyg.base" href="/" /&amp;gt;
  &amp;lt;link rel="wysiwyg.stylesheet" type="text/css" href="/files/fitnesse/css/fitnesse.css" media="screen" /&amp;gt;
  &amp;lt;link rel="wysiwyg.stylesheet" type="text/css" href="/files/fitnesse/wysiwyg/editor.css" media="screen" /&amp;gt;
  &amp;lt;link rel="shortcut icon" type="image/png" href="/files/fitnesse/images/favicon.png" /&amp;gt;
  &amp;lt;script src="/files/fitnesse/javascript/jquery-1.7.2.min.js" type="text/javascript"&amp;gt;&amp;lt;/script&amp;gt;
  &amp;lt;script src="/files/fitnesse/javascript/fitnesse.js" type="text/javascript"&amp;gt;&amp;lt;/script&amp;gt;
  &amp;lt;script src="/files/fitnesse/javascript/fitnesse_straight.js" type="text/javascript"&amp;gt;&amp;lt;/script&amp;gt;
 &amp;lt;/head&amp;gt;
 &amp;lt;body class="wikiPage"&amp;gt;

  &amp;lt;header&amp;gt;
   &amp;lt;a href="/FrontPage" id="art_niche"&amp;gt;&amp;lt;span&amp;gt;FitNesse&amp;lt;/span&amp;gt;&amp;lt;/a&amp;gt;

&amp;lt;ul&amp;gt;
&amp;lt;/ul&amp;gt;
&amp;lt;h1&amp;gt;IncludingPage&amp;lt;/h1&amp;gt;



  &amp;lt;/header&amp;gt;
  
    
  &amp;lt;nav&amp;gt;
   &amp;lt;ul&amp;gt;
    &amp;lt;li&amp;gt;&amp;lt;a href="IncludingPage?edit" accesskey="e"&amp;gt;Edit&amp;lt;/a&amp;gt;&amp;lt;/li&amp;gt;
   
  &amp;lt;li id="add" aria-haspopup="true"&amp;gt;&amp;lt;a href="IncludingPage?new" class="label"&amp;gt;Add&amp;lt;/a&amp;gt;
  &amp;lt;ul&amp;gt;
     &amp;lt;/ul&amp;gt;
 &amp;lt;/li&amp;gt;
  
 &amp;lt;li id="tools" aria-haspopup="true"&amp;gt;&amp;lt;a href="#" class="label"&amp;gt;Tools&amp;lt;/a&amp;gt;
      &amp;lt;ul&amp;gt;
     &amp;lt;li&amp;gt;&amp;lt;a href="IncludingPage?properties" accesskey="p"&amp;gt;Properties&amp;lt;/a&amp;gt;&amp;lt;/li&amp;gt;
       &amp;lt;li&amp;gt;&amp;lt;a href="IncludingPage?whereUsed" accesskey="w"&amp;gt;Where Used&amp;lt;/a&amp;gt;&amp;lt;/li&amp;gt;
       &amp;lt;li&amp;gt;&amp;lt;a href="IncludingPage?versions" accesskey="v"&amp;gt;Versions&amp;lt;/a&amp;gt;&amp;lt;/li&amp;gt;
    
     &amp;lt;li class="divider"&amp;gt;&amp;lt;a href="IncludingPage?refactor&amp;amp;amp;type=rename"&amp;gt;Rename&amp;lt;/a&amp;gt;&amp;lt;/li&amp;gt;
   &amp;lt;li&amp;gt;&amp;lt;a href="IncludingPage?refactor&amp;amp;amp;type=move"&amp;gt;Move&amp;lt;/a&amp;gt;&amp;lt;/li&amp;gt;
   &amp;lt;li&amp;gt;&amp;lt;a href="IncludingPage?refactor&amp;amp;amp;type=replace"&amp;gt;Replace&amp;lt;/a&amp;gt;&amp;lt;/li&amp;gt;
   &amp;lt;li&amp;gt;&amp;lt;a href="IncludingPage?deletePage"&amp;gt;Delete&amp;lt;/a&amp;gt;&amp;lt;/li&amp;gt;
       &amp;lt;li  class="divider"&amp;gt;&amp;lt;a href="/files" accesskey="f"&amp;gt;Files&amp;lt;/a&amp;gt;&amp;lt;/li&amp;gt;
       &amp;lt;li&amp;gt;&amp;lt;a href="?searchForm" accesskey="s"&amp;gt;Search&amp;lt;/a&amp;gt;&amp;lt;/li&amp;gt;
       &amp;lt;li&amp;gt;&amp;lt;a href="/RecentChanges" accesskey=""&amp;gt;Recent Changes&amp;lt;/a&amp;gt;&amp;lt;/li&amp;gt;
  
      
     &amp;lt;li class="divider"&amp;gt;&amp;lt;a href="/FitNesse.UserGuide" accesskey=""&amp;gt;User Guide&amp;lt;/a&amp;gt;&amp;lt;/li&amp;gt;
    &amp;lt;/ul&amp;gt;
 &amp;lt;/li&amp;gt;
&amp;lt;/ul&amp;gt;
  &amp;lt;/nav&amp;gt;
  
  &amp;lt;article&amp;gt;
   before&amp;lt;br/&amp;gt;&amp;lt;div class="collapsible closed"&amp;gt;&amp;lt;ul&amp;gt;&amp;lt;li&amp;gt;&amp;lt;a href='#' class='expandall'&amp;gt;Expand All&amp;lt;/a&amp;gt;&amp;lt;/li&amp;gt;&amp;lt;li&amp;gt;&amp;lt;a href='#' class='collapseall'&amp;gt;Collapse All&amp;lt;/a&amp;gt;&amp;lt;/li&amp;gt;&amp;lt;/ul&amp;gt;
	&amp;lt;p class="title"&amp;gt;Included page: &amp;lt;a href="IncludedPage"&amp;gt;IncludedPage&amp;lt;/a&amp;gt; &amp;lt;a href="IncludedPage?edit&amp;amp;amp;redirectToReferer=true&amp;amp;amp;redirectAction=" class="edit"&amp;gt;(edit)&amp;lt;/a&amp;gt;&amp;lt;/p&amp;gt;
	&amp;lt;div&amp;gt;included&amp;lt;br/&amp;gt;&amp;lt;/div&amp;gt;
&amp;lt;/div&amp;gt;
after&amp;lt;br/&amp;gt;

&amp;lt;div id="helpUnderlay" class="help-underlay"&amp;gt;
    &amp;lt;div id="helpModal" class="help-modal"&amp;gt;
        &amp;lt;h1&amp;gt;Keyboard Shortcuts &amp;lt;kbd class="help-key"&amp;gt;&amp;lt;span&amp;gt;?&amp;lt;/span&amp;gt;&amp;lt;/kbd&amp;gt;&amp;lt;/h1&amp;gt;
        &amp;lt;div id="helpClose" class="help-close"&amp;gt;&amp;amp;times;&amp;lt;/div&amp;gt;
        &amp;lt;div id="helpModalContent" class="help-modal-content"&amp;gt;
            &amp;lt;div id="helpListWrap" class="help-list-wrap"&amp;gt;
                &amp;lt;ul class="help-list"&amp;gt;
                    &amp;lt;li class="help-key-unit"&amp;gt;
                        &amp;lt;kbd class="help-key"&amp;gt;&amp;lt;span&amp;gt;t&amp;lt;/span&amp;gt;&amp;lt;/kbd&amp;gt;
                        &amp;lt;span class="help-key-def"&amp;gt;Test&amp;lt;/span&amp;gt;
                    &amp;lt;/li&amp;gt;
                    &amp;lt;li class="help-key-unit"&amp;gt;
                        &amp;lt;kbd class="help-key"&amp;gt;&amp;lt;span&amp;gt;e&amp;lt;/span&amp;gt;&amp;lt;/kbd&amp;gt;
                        &amp;lt;span class="help-key-def"&amp;gt;Edit page&amp;lt;/span&amp;gt;
                    &amp;lt;/li&amp;gt;
                    &amp;lt;li class="help-key-unit"&amp;gt;
                        &amp;lt;kbd class="help-key"&amp;gt;&amp;lt;span&amp;gt;a&amp;lt;/span&amp;gt;&amp;lt;/kbd&amp;gt;
                        &amp;lt;span class="help-key-def"&amp;gt;Add new page&amp;lt;/span&amp;gt;
                    &amp;lt;/li&amp;gt;
                    &amp;lt;li class="help-key-unit"&amp;gt;
                        &amp;lt;kbd class="help-key"&amp;gt;&amp;lt;span&amp;gt;p&amp;lt;/span&amp;gt;&amp;lt;/kbd&amp;gt;
                        &amp;lt;span class="help-key-def"&amp;gt;Properties&amp;lt;/span&amp;gt;
                    &amp;lt;/li&amp;gt;
                    &amp;lt;li class="help-key-unit"&amp;gt;
                        &amp;lt;kbd class="help-key"&amp;gt;&amp;lt;span&amp;gt;w&amp;lt;/span&amp;gt;&amp;lt;/kbd&amp;gt;
                        &amp;lt;span class="help-key-def"&amp;gt;Where used?&amp;lt;/span&amp;gt;
                    &amp;lt;/li&amp;gt;
                    &amp;lt;li class="help-key-unit"&amp;gt;
                        &amp;lt;kbd class="help-key"&amp;gt;&amp;lt;span&amp;gt;/&amp;lt;/span&amp;gt;&amp;lt;/kbd&amp;gt;
                        &amp;lt;span class="help-key-def"&amp;gt;Focus on search bar&amp;lt;/span&amp;gt;
                    &amp;lt;/li&amp;gt;
                    &amp;lt;li class="help-key-unit"&amp;gt;
                        &amp;lt;kbd class="help-key"&amp;gt;&amp;lt;span&amp;gt;s&amp;lt;/span&amp;gt;&amp;lt;/kbd&amp;gt;
                        &amp;lt;span class="help-key-def"&amp;gt;Open search page&amp;lt;/span&amp;gt;
                    &amp;lt;/li&amp;gt;
                    &amp;lt;li class="help-key-unit"&amp;gt;
                        &amp;lt;kbd class="help-key"&amp;gt;&amp;lt;span&amp;gt;g&amp;lt;/span&amp;gt; &amp;lt;span&amp;gt;u&amp;lt;/span&amp;gt;&amp;lt;/kbd&amp;gt;
                        &amp;lt;span class="help-key-def"&amp;gt;Go to User Guide&amp;lt;/span&amp;gt;
                    &amp;lt;/li&amp;gt;
                &amp;lt;/ul&amp;gt;
            &amp;lt;/div&amp;gt;
        &amp;lt;/div&amp;gt;
    &amp;lt;/div&amp;gt;
&amp;lt;/div&amp;gt;

&amp;lt;script src="/files/fitnesse/javascript/mousetrap.min.js" type="text/javascript"&amp;gt;&amp;lt;/script&amp;gt;
&amp;lt;script src="/files/fitnesse/question.mark/question.mark.js" type="text/javascript"&amp;gt;&amp;lt;/script&amp;gt;

&amp;lt;script type="text/javascript"&amp;gt;

  
        Mousetrap.bind('e', function() { window.location.href ="IncludingPage?edit"; });
        Mousetrap.bind('a', function() { window.location.href ="IncludingPage?new"; });
        Mousetrap.bind('p', function() { window.location.href ="IncludingPage?properties"; });
        Mousetrap.bind('w', function() { window.location.href ="IncludingPage?whereUsed"; });
        Mousetrap.bind('v', function() { window.location.href ="IncludingPage?versions"; });
        Mousetrap.bind('s', function() { window.location.href ="IncludingPage?searchForm"; });
    Mousetrap.bind('/', function() { 
      document.getElementById('searchString').focus();
      return false;  // stops the / character appearing in search box
    });
        Mousetrap.bind('g u', function() { window.location.href =".FitNesse.UserGuide"; });
  
&amp;lt;/script&amp;gt;

  &amp;lt;/article&amp;gt;
  
    &amp;lt;footer&amp;gt;
     &amp;lt;/footer&amp;gt;
  
 &amp;lt;/body&amp;gt;
&amp;lt;/html&amp;gt;
&lt;/pre&gt;&lt;/span&gt;&lt;/td&gt;
	&lt;/tr&gt;
&lt;/table&gt;
&lt;ul&gt;
	&lt;li&gt;Now make sure the page was included and that the correct style and image are used.&lt;/li&gt;
&lt;/ul&gt;
&lt;table&gt;
	&lt;tr&gt;
		&lt;td colspan="3"&gt;&lt;span class="pass"&gt;Response Examiner.&lt;/span&gt;&lt;/td&gt;
	&lt;/tr&gt;
	&lt;tr&gt;
		&lt;td&gt;type&lt;/td&gt;
		&lt;td&gt;pattern&lt;/td&gt;
		&lt;td&gt;matches?&lt;/td&gt;
	&lt;/tr&gt;
	&lt;tr&gt;
		&lt;td&gt;contents&lt;/td&gt;
		&lt;td&gt;included&lt;/td&gt;
		&lt;td&gt;&lt;span class="pass"&gt;true&lt;/span&gt;&lt;/td&gt;
	&lt;/tr&gt;
	&lt;tr&gt;
		&lt;td&gt;contents&lt;/td&gt;
		&lt;td&gt;class="collapsible closed"&lt;/td&gt;
		&lt;td&gt;&lt;span class="pass"&gt;true&lt;/span&gt;&lt;/td&gt;
	&lt;/tr&gt;
&lt;/table&gt;
&lt;div class="collapsible closed"&gt;&lt;ul&gt;&lt;li&gt;&lt;a href='#' class='expandall'&gt;Expand All&lt;/a&gt;&lt;/li&gt;&lt;li&gt;&lt;a href='#' class='collapseall'&gt;Collapse All&lt;/a&gt;&lt;/li&gt;&lt;/ul&gt;
	&lt;p class="title"&gt;Included page: &lt;a href="FitNesse.SuiteAcceptanceTests.TearDown"&gt;.FitNesse.SuiteAcceptanceTests.TearDown&lt;/a&gt; &lt;a href="FitNesse.SuiteAcceptanceTests.TearDown?edit&amp;amp;redirectToReferer=true&amp;amp;redirectAction=" class="edit"&gt;(edit)&lt;/a&gt;&lt;/p&gt;
	&lt;div&gt;&lt;hr/&gt;
&lt;br/&gt;&lt;table&gt;
	&lt;tr&gt;
		&lt;td&gt;&lt;span class="pass"&gt;tear down&lt;/span&gt;&lt;/td&gt;
	&lt;/tr&gt;
&lt;/table&gt;
&lt;br/&gt;&lt;/div&gt;
&lt;/div&gt;
</content>
    <relativePageName>TestIncludeCollapsed</relativePageName>
    
    
    
    <instructions>
            <instructionResult>
        <instruction>{id='import_25_0', instruction='import', path='fitnesse.fixtures'}</instruction>
        <slimResult>pass(fitnesse.fixtures)</slimResult>
                <expectation>
                    <status>pass</status>
                    <instructionId>import_25_0</instructionId>
                    <col>0</col>
                              <row>1</row>
                    <type>ImportExpectation</type>
                                        <evaluationMessage>fitnesse.fixtures</evaluationMessage>
                  </expectation>
        
      </instructionResult>
            <instructionResult>
        <instruction>{id='decisionTable_26_0', instruction='make', instanceName='decisionTable_26', className='SetUp', args=[]}</instruction>
        <slimResult>pass(SetUp)</slimResult>
                <expectation>
                    <status>pass</status>
                    <instructionId>decisionTable_26_0</instructionId>
                    <col>0</col>
                              <row>0</row>
                    <type>ConstructionExpectation</type>
                                        <evaluationMessage>SetUp</evaluationMessage>
                  </expectation>
        
      </instructionResult>
            <instructionResult>
        <instruction>{id='library_27_0', instruction='make', instanceName='library1', className='EchoFixture', args=[]}</instruction>
        <slimResult>pass(echo fixture)</slimResult>
                <expectation>
                    <status>pass</status>
                    <instructionId>library_27_0</instructionId>
                    <col>0</col>
                              <row>1</row>
                    <type>ConstructionExpectation</type>
                                        <evaluationMessage>echo fixture</evaluationMessage>
                  </expectation>
        
      </instructionResult>
            <instructionResult>
        <instruction>{id='library_27_1', instruction='make', instanceName='library2', className='PageDriver', args=[]}</instruction>
        <slimResult>pass(page driver)</slimResult>
                <expectation>
                    <status>pass</status>
                    <instructionId>library_27_1</instructionId>
                    <col>0</col>
                              <row>2</row>
                    <type>ConstructionExpectation</type>
                                        <evaluationMessage>page driver</evaluationMessage>
                  </expectation>
        
      </instructionResult>
            <instructionResult>
        <instruction>{id='scriptTable_28_0', instruction='make', instanceName='scriptTableActor', className='PageBuilder', args=[]}</instruction>
        <slimResult>pass(Page Builder)</slimResult>
                <expectation>
                    <status>pass</status>
                    <instructionId>scriptTable_28_0</instructionId>
                    <col>1</col>
                              <row>1</row>
                    <type>ConstructionExpectation</type>
                                        <evaluationMessage>Page Builder</evaluationMessage>
                  </expectation>
        
      </instructionResult>
            <instructionResult>
        <instruction>{id='scriptTable_28_1', instruction='call', instanceName='scriptTableActor', methodName='line', args=[included]}</instruction>
        <slimResult></slimResult>
                <expectation>
                    <instructionId>scriptTable_28_1</instructionId>
                    <col>0</col>
                              <row>2</row>
                    <type>ScriptActionExpectation</type>
                                      </expectation>
        
      </instructionResult>
            <instructionResult>
        <instruction>{id='scriptTable_28_2', instruction='call', instanceName='scriptTableActor', methodName='page', args=[IncludedPage]}</instruction>
        <slimResult></slimResult>
                <expectation>
                    <instructionId>scriptTable_28_2</instructionId>
                    <col>0</col>
                              <row>3</row>
                    <type>ScriptActionExpectation</type>
                                      </expectation>
        
      </instructionResult>
            <instructionResult>
        <instruction>{id='scriptTable_29_0', instruction='make', instanceName='scriptTableActor', className='PageBuilder', args=[]}</instruction>
        <slimResult>pass(Page Builder)</slimResult>
                <expectation>
                    <status>pass</status>
                    <instructionId>scriptTable_29_0</instructionId>
                    <col>1</col>
                              <row>1</row>
                    <type>ConstructionExpectation</type>
                                        <evaluationMessage>Page Builder</evaluationMessage>
                  </expectation>
        
      </instructionResult>
            <instructionResult>
        <instruction>{id='scriptTable_29_1', instruction='call', instanceName='scriptTableActor', methodName='line', args=[before]}</instruction>
        <slimResult></slimResult>
                <expectation>
                    <instructionId>scriptTable_29_1</instructionId>
                    <col>0</col>
                              <row>2</row>
                    <type>ScriptActionExpectation</type>
                                      </expectation>
        
      </instructionResult>
            <instructionResult>
        <instruction>{id='scriptTable_29_2', instruction='call', instanceName='scriptTableActor', methodName='line', args=[&amp;bang;include -c IncludedPage]}</instruction>
        <slimResult></slimResult>
                <expectation>
                    <instructionId>scriptTable_29_2</instructionId>
                    <col>0</col>
                              <row>3</row>
                    <type>ScriptActionExpectation</type>
                                      </expectation>
        
      </instructionResult>
            <instructionResult>
        <instruction>{id='scriptTable_29_3', instruction='call', instanceName='scriptTableActor', methodName='line', args=[after]}</instruction>
        <slimResult></slimResult>
                <expectation>
                    <instructionId>scriptTable_29_3</instructionId>
                    <col>0</col>
                              <row>4</row>
                    <type>ScriptActionExpectation</type>
                                      </expectation>
        
      </instructionResult>
            <instructionResult>
        <instruction>{id='scriptTable_29_4', instruction='call', instanceName='scriptTableActor', methodName='page', args=[IncludingPage]}</instruction>
        <slimResult></slimResult>
                <expectation>
                    <instructionId>scriptTable_29_4</instructionId>
                    <col>0</col>
                              <row>5</row>
                    <type>ScriptActionExpectation</type>
                                      </expectation>
        
      </instructionResult>
            <instructionResult>
        <instruction>{id='decisionTable_30_0', instruction='make', instanceName='decisionTable_30', className='ResponseRequester', args=[]}</instruction>
        <slimResult>pass(Response Requester.)</slimResult>
                <expectation>
                    <status>pass</status>
                    <instructionId>decisionTable_30_0</instructionId>
                    <col>0</col>
                              <row>0</row>
                    <type>ConstructionExpectation</type>
                                        <evaluationMessage>Response Requester.</evaluationMessage>
                  </expectation>
        
      </instructionResult>
            <instructionResult>
        <instruction>{id='decisionTable_30_4', instruction='call', instanceName='decisionTable_30', methodName='setUri', args=[IncludingPage]}</instruction>
        <slimResult></slimResult>
                <expectation>
                    <instructionId>decisionTable_30_4</instructionId>
                    <col>0</col>
                              <row>2</row>
                    <type>VoidReturnExpectation</type>
                                      </expectation>
        
      </instructionResult>
            <instructionResult>
        <instruction>{id='decisionTable_30_6', instruction='call', instanceName='decisionTable_30', methodName='valid', args=[]}</instruction>
        <slimResult>pass(true)</slimResult>
                <expectation>
                    <status>pass</status>
                    <instructionId>decisionTable_30_6</instructionId>
                    <col>1</col>
                              <row>2</row>
                    <type>ReturnedValueExpectation</type>
                                        <evaluationMessage>true</evaluationMessage>
                  </expectation>
        
      </instructionResult>
            <instructionResult>
        <instruction>{id='decisionTable_30_7', instruction='call', instanceName='decisionTable_30', methodName='contents', args=[]}</instruction>
        <slimResult>ignore(&lt;pre&gt;HTTP/1.1 200 OK
Cache-Control: max-age=0
Content-Length: 6498
Content-Type: text/html; charset=utf-8

&amp;lt;!DOCTYPE html&amp;gt;
&amp;lt;html&amp;gt;
 &amp;lt;head&amp;gt;
  &amp;lt;meta http-equiv="Content-Type" content="text/html; charset=utf-8"/&amp;gt;
  &amp;lt;title&amp;gt;IncludingPage&amp;lt;/title&amp;gt;
    &amp;lt;!--[if lt IE 9]&amp;gt;
   &amp;lt;script&amp;gt;
    document.createElement('header');
    document.createElement('nav');
    document.createElement('section');
    document.createElement('article');
    document.createElement('footer');
   &amp;lt;/script&amp;gt;
  &amp;lt;![endif]--&amp;gt;
  
  &amp;lt;link rel="stylesheet" type="text/css" href="/files/fitnesse/css/fitnesse_wiki.css" /&amp;gt;
  &amp;lt;link rel="stylesheet" type="text/css" href="/files/fitnesse/css/fitnesse_pages.css" /&amp;gt;
  &amp;lt;link rel="stylesheet" type="text/css" href="/files/fitnesse/css/fitnesse_straight.css" /&amp;gt;
  &amp;lt;link rel="stylesheet" type="text/css" href="/files/fitnesse/wysiwyg/wysiwyg.css" media="screen"/&amp;gt;
  &amp;lt;link rel="stylesheet" type="text/css" href="/files/fitnesse/question.mark/question.mark.css" /&amp;gt;
  &amp;lt;link rel="wysiwyg.base" href="/" /&amp;gt;
  &amp;lt;link rel="wysiwyg.stylesheet" type="text/css" href="/files/fitnesse/css/fitnesse.css" media="screen" /&amp;gt;
  &amp;lt;link rel="wysiwyg.stylesheet" type="text/css" href="/files/fitnesse/wysiwyg/editor.css" media="screen" /&amp;gt;
  &amp;lt;link rel="shortcut icon" type="image/png" href="/files/fitnesse/images/favicon.png" /&amp;gt;
  &amp;lt;script src="/files/fitnesse/javascript/jquery-1.7.2.min.js" type="text/javascript"&amp;gt;&amp;lt;/script&amp;gt;
  &amp;lt;script src="/files/fitnesse/javascript/fitnesse.js" type="text/javascript"&amp;gt;&amp;lt;/script&amp;gt;
  &amp;lt;script src="/files/fitnesse/javascript/fitnesse_straight.js" type="text/javascript"&amp;gt;&amp;lt;/script&amp;gt;
 &amp;lt;/head&amp;gt;
 &amp;lt;body class="wikiPage"&amp;gt;

  &amp;lt;header&amp;gt;
   &amp;lt;a href="/FrontPage" id="art_niche"&amp;gt;&amp;lt;span&amp;gt;FitNesse&amp;lt;/span&amp;gt;&amp;lt;/a&amp;gt;

&amp;lt;ul&amp;gt;
&amp;lt;/ul&amp;gt;
&amp;lt;h1&amp;gt;IncludingPage&amp;lt;/h1&amp;gt;



  &amp;lt;/header&amp;gt;
  
    
  &amp;lt;nav&amp;gt;
   &amp;lt;ul&amp;gt;
    &amp;lt;li&amp;gt;&amp;lt;a href="IncludingPage?edit" accesskey="e"&amp;gt;Edit&amp;lt;/a&amp;gt;&amp;lt;/li&amp;gt;
   
  &amp;lt;li id="add" aria-haspopup="true"&amp;gt;&amp;lt;a href="IncludingPage?new" class="label"&amp;gt;Add&amp;lt;/a&amp;gt;
  &amp;lt;ul&amp;gt;
     &amp;lt;/ul&amp;gt;
 &amp;lt;/li&amp;gt;
  
 &amp;lt;li id="tools" aria-haspopup="true"&amp;gt;&amp;lt;a href="#" class="label"&amp;gt;Tools&amp;lt;/a&amp;gt;
      &amp;lt;ul&amp;gt;
     &amp;lt;li&amp;gt;&amp;lt;a href="IncludingPage?properties" accesskey="p"&amp;gt;Properties&amp;lt;/a&amp;gt;&amp;lt;/li&amp;gt;
       &amp;lt;li&amp;gt;&amp;lt;a href="IncludingPage?whereUsed" accesskey="w"&amp;gt;Where Used&amp;lt;/a&amp;gt;&amp;lt;/li&amp;gt;
       &amp;lt;li&amp;gt;&amp;lt;a href="IncludingPage?versions" accesskey="v"&amp;gt;Versions&amp;lt;/a&amp;gt;&amp;lt;/li&amp;gt;
    
     &amp;lt;li class="divider"&amp;gt;&amp;lt;a href="IncludingPage?refactor&amp;amp;amp;type=rename"&amp;gt;Rename&amp;lt;/a&amp;gt;&amp;lt;/li&amp;gt;
   &amp;lt;li&amp;gt;&amp;lt;a href="IncludingPage?refactor&amp;amp;amp;type=move"&amp;gt;Move&amp;lt;/a&amp;gt;&amp;lt;/li&amp;gt;
   &amp;lt;li&amp;gt;&amp;lt;a href="IncludingPage?refactor&amp;amp;amp;type=replace"&amp;gt;Replace&amp;lt;/a&amp;gt;&amp;lt;/li&amp;gt;
   &amp;lt;li&amp;gt;&amp;lt;a href="IncludingPage?deletePage"&amp;gt;Delete&amp;lt;/a&amp;gt;&amp;lt;/li&amp;gt;
       &amp;lt;li  class="divider"&amp;gt;&amp;lt;a href="/files" accesskey="f"&amp;gt;Files&amp;lt;/a&amp;gt;&amp;lt;/li&amp;gt;
       &amp;lt;li&amp;gt;&amp;lt;a href="?searchForm" accesskey="s"&amp;gt;Search&amp;lt;/a&amp;gt;&amp;lt;/li&amp;gt;
       &amp;lt;li&amp;gt;&amp;lt;a href="/RecentChanges" accesskey=""&amp;gt;Recent Changes&amp;lt;/a&amp;gt;&amp;lt;/li&amp;gt;
  
      
     &amp;lt;li class="divider"&amp;gt;&amp;lt;a href="/FitNesse.UserGuide" accesskey=""&amp;gt;User Guide&amp;lt;/a&amp;gt;&amp;lt;/li&amp;gt;
    &amp;lt;/ul&amp;gt;
 &amp;lt;/li&amp;gt;
&amp;lt;/ul&amp;gt;
  &amp;lt;/nav&amp;gt;
  
  &amp;lt;article&amp;gt;
   before&amp;lt;br/&amp;gt;&amp;lt;div class="collapsible closed"&amp;gt;&amp;lt;ul&amp;gt;&amp;lt;li&amp;gt;&amp;lt;a href='#' class='expandall'&amp;gt;Expand All&amp;lt;/a&amp;gt;&amp;lt;/li&amp;gt;&amp;lt;li&amp;gt;&amp;lt;a href='#' class='collapseall'&amp;gt;Collapse All&amp;lt;/a&amp;gt;&amp;lt;/li&amp;gt;&amp;lt;/ul&amp;gt;
	&amp;lt;p class="title"&amp;gt;Included page: &amp;lt;a href="IncludedPage"&amp;gt;IncludedPage&amp;lt;/a&amp;gt; &amp;lt;a href="IncludedPage?edit&amp;amp;amp;redirectToReferer=true&amp;amp;amp;redirectAction=" class="edit"&amp;gt;(edit)&amp;lt;/a&amp;gt;&amp;lt;/p&amp;gt;
	&amp;lt;div&amp;gt;included&amp;lt;br/&amp;gt;&amp;lt;/div&amp;gt;
&amp;lt;/div&amp;gt;
after&amp;lt;br/&amp;gt;

&amp;lt;div id="helpUnderlay" class="help-underlay"&amp;gt;
    &amp;lt;div id="helpModal" class="help-modal"&amp;gt;
        &amp;lt;h1&amp;gt;Keyboard Shortcuts &amp;lt;kbd class="help-key"&amp;gt;&amp;lt;span&amp;gt;?&amp;lt;/span&amp;gt;&amp;lt;/kbd&amp;gt;&amp;lt;/h1&amp;gt;
        &amp;lt;div id="helpClose" class="help-close"&amp;gt;&amp;amp;times;&amp;lt;/div&amp;gt;
        &amp;lt;div id="helpModalContent" class="help-modal-content"&amp;gt;
            &amp;lt;div id="helpListWrap" class="help-list-wrap"&amp;gt;
                &amp;lt;ul class="help-list"&amp;gt;
                    &amp;lt;li class="help-key-unit"&amp;gt;
                        &amp;lt;kbd class="help-key"&amp;gt;&amp;lt;span&amp;gt;t&amp;lt;/span&amp;gt;&amp;lt;/kbd&amp;gt;
                        &amp;lt;span class="help-key-def"&amp;gt;Test&amp;lt;/span&amp;gt;
                    &amp;lt;/li&amp;gt;
                    &amp;lt;li class="help-key-unit"&amp;gt;
                        &amp;lt;kbd class="help-key"&amp;gt;&amp;lt;span&amp;gt;e&amp;lt;/span&amp;gt;&amp;lt;/kbd&amp;gt;
                        &amp;lt;span class="help-key-def"&amp;gt;Edit page&amp;lt;/span&amp;gt;
                    &amp;lt;/li&amp;gt;
                    &amp;lt;li class="help-key-unit"&amp;gt;
                        &amp;lt;kbd class="help-key"&amp;gt;&amp;lt;span&amp;gt;a&amp;lt;/span&amp;gt;&amp;lt;/kbd&amp;gt;
                        &amp;lt;span class="help-key-def"&amp;gt;Add new page&amp;lt;/span&amp;gt;
                    &amp;lt;/li&amp;gt;
                    &amp;lt;li class="help-key-unit"&amp;gt;
                        &amp;lt;kbd class="help-key"&amp;gt;&amp;lt;span&amp;gt;p&amp;lt;/span&amp;gt;&amp;lt;/kbd&amp;gt;
                        &amp;lt;span class="help-key-def"&amp;gt;Properties&amp;lt;/span&amp;gt;
                    &amp;lt;/li&amp;gt;
                    &amp;lt;li class="help-key-unit"&amp;gt;
                        &amp;lt;kbd class="help-key"&amp;gt;&amp;lt;span&amp;gt;w&amp;lt;/span&amp;gt;&amp;lt;/kbd&amp;gt;
                        &amp;lt;span class="help-key-def"&amp;gt;Where used?&amp;lt;/span&amp;gt;
                    &amp;lt;/li&amp;gt;
                    &amp;lt;li class="help-key-unit"&amp;gt;
                        &amp;lt;kbd class="help-key"&amp;gt;&amp;lt;span&amp;gt;/&amp;lt;/span&amp;gt;&amp;lt;/kbd&amp;gt;
                        &amp;lt;span class="help-key-def"&amp;gt;Focus on search bar&amp;lt;/span&amp;gt;
                    &amp;lt;/li&amp;gt;
                    &amp;lt;li class="help-key-unit"&amp;gt;
                        &amp;lt;kbd class="help-key"&amp;gt;&amp;lt;span&amp;gt;s&amp;lt;/span&amp;gt;&amp;lt;/kbd&amp;gt;
                        &amp;lt;span class="help-key-def"&amp;gt;Open search page&amp;lt;/span&amp;gt;
                    &amp;lt;/li&amp;gt;
                    &amp;lt;li class="help-key-unit"&amp;gt;
                        &amp;lt;kbd class="help-key"&amp;gt;&amp;lt;span&amp;gt;g&amp;lt;/span&amp;gt; &amp;lt;span&amp;gt;u&amp;lt;/span&amp;gt;&amp;lt;/kbd&amp;gt;
                        &amp;lt;span class="help-key-def"&amp;gt;Go to User Guide&amp;lt;/span&amp;gt;
                    &amp;lt;/li&amp;gt;
                &amp;lt;/ul&amp;gt;
            &amp;lt;/div&amp;gt;
        &amp;lt;/div&amp;gt;
    &amp;lt;/div&amp;gt;
&amp;lt;/div&amp;gt;

&amp;lt;script src="/files/fitnesse/javascript/mousetrap.min.js" type="text/javascript"&amp;gt;&amp;lt;/script&amp;gt;
&amp;lt;script src="/files/fitnesse/question.mark/question.mark.js" type="text/javascript"&amp;gt;&amp;lt;/script&amp;gt;

&amp;lt;script type="text/javascript"&amp;gt;

  
        Mousetrap.bind('e', function() { window.location.href ="IncludingPage?edit"; });
        Mousetrap.bind('a', function() { window.location.href ="IncludingPage?new"; });
        Mousetrap.bind('p', function() { window.location.href ="IncludingPage?properties"; });
        Mousetrap.bind('w', function() { window.location.href ="IncludingPage?whereUsed"; });
        Mousetrap.bind('v', function() { window.location.href ="IncludingPage?versions"; });
        Mousetrap.bind('s', function() { window.location.href ="IncludingPage?searchForm"; });
    Mousetrap.bind('/', function() { 
      document.getElementById('searchString').focus();
      return false;  // stops the / character appearing in search box
    });
        Mousetrap.bind('g u', function() { window.location.href =".FitNesse.UserGuide"; });
  
&amp;lt;/script&amp;gt;

  &amp;lt;/article&amp;gt;
  
    &amp;lt;footer&amp;gt;
     &amp;lt;/footer&amp;gt;
  
 &amp;lt;/body&amp;gt;
&amp;lt;/html&amp;gt;
&lt;/pre&gt;)</slimResult>
                <expectation>
                    <status>ignore</status>
                    <instructionId>decisionTable_30_7</instructionId>
                    <col>2</col>
                              <row>2</row>
                    <type>ReturnedValueExpectation</type>
                                        <evaluationMessage>&lt;pre&gt;HTTP/1.1 200 OK
Cache-Control: max-age=0
Content-Length: 6498
Content-Type: text/html; charset=utf-8

&amp;lt;!DOCTYPE html&amp;gt;
&amp;lt;html&amp;gt;
 &amp;lt;head&amp;gt;
  &amp;lt;meta http-equiv="Content-Type" content="text/html; charset=utf-8"/&amp;gt;
  &amp;lt;title&amp;gt;IncludingPage&amp;lt;/title&amp;gt;
    &amp;lt;!--[if lt IE 9]&amp;gt;
   &amp;lt;script&amp;gt;
    document.createElement('header');
    document.createElement('nav');
    document.createElement('section');
    document.createElement('article');
    document.createElement('footer');
   &amp;lt;/script&amp;gt;
  &amp;lt;![endif]--&amp;gt;
  
  &amp;lt;link rel="stylesheet" type="text/css" href="/files/fitnesse/css/fitnesse_wiki.css" /&amp;gt;
  &amp;lt;link rel="stylesheet" type="text/css" href="/files/fitnesse/css/fitnesse_pages.css" /&amp;gt;
  &amp;lt;link rel="stylesheet" type="text/css" href="/files/fitnesse/css/fitnesse_straight.css" /&amp;gt;
  &amp;lt;link rel="stylesheet" type="text/css" href="/files/fitnesse/wysiwyg/wysiwyg.css" media="screen"/&amp;gt;
  &amp;lt;link rel="stylesheet" type="text/css" href="/files/fitnesse/question.mark/question.mark.css" /&amp;gt;
  &amp;lt;link rel="wysiwyg.base" href="/" /&amp;gt;
  &amp;lt;link rel="wysiwyg.stylesheet" type="text/css" href="/files/fitnesse/css/fitnesse.css" media="screen" /&amp;gt;
  &amp;lt;link rel="wysiwyg.stylesheet" type="text/css" href="/files/fitnesse/wysiwyg/editor.css" media="screen" /&amp;gt;
  &amp;lt;link rel="shortcut icon" type="image/png" href="/files/fitnesse/images/favicon.png" /&amp;gt;
  &amp;lt;script src="/files/fitnesse/javascript/jquery-1.7.2.min.js" type="text/javascript"&amp;gt;&amp;lt;/script&amp;gt;
  &amp;lt;script src="/files/fitnesse/javascript/fitnesse.js" type="text/javascript"&amp;gt;&amp;lt;/script&amp;gt;
  &amp;lt;script src="/files/fitnesse/javascript/fitnesse_straight.js" type="text/javascript"&amp;gt;&amp;lt;/script&amp;gt;
 &amp;lt;/head&amp;gt;
 &amp;lt;body class="wikiPage"&amp;gt;

  &amp;lt;header&amp;gt;
   &amp;lt;a href="/FrontPage" id="art_niche"&amp;gt;&amp;lt;span&amp;gt;FitNesse&amp;lt;/span&amp;gt;&amp;lt;/a&amp;gt;

&amp;lt;ul&amp;gt;
&amp;lt;/ul&amp;gt;
&amp;lt;h1&amp;gt;IncludingPage&amp;lt;/h1&amp;gt;



  &amp;lt;/header&amp;gt;
  
    
  &amp;lt;nav&amp;gt;
   &amp;lt;ul&amp;gt;
    &amp;lt;li&amp;gt;&amp;lt;a href="IncludingPage?edit" accesskey="e"&amp;gt;Edit&amp;lt;/a&amp;gt;&amp;lt;/li&amp;gt;
   
  &amp;lt;li id="add" aria-haspopup="true"&amp;gt;&amp;lt;a href="IncludingPage?new" class="label"&amp;gt;Add&amp;lt;/a&amp;gt;
  &amp;lt;ul&amp;gt;
     &amp;lt;/ul&amp;gt;
 &amp;lt;/li&amp;gt;
  
 &amp;lt;li id="tools" aria-haspopup="true"&amp;gt;&amp;lt;a href="#" class="label"&amp;gt;Tools&amp;lt;/a&amp;gt;
      &amp;lt;ul&amp;gt;
     &amp;lt;li&amp;gt;&amp;lt;a href="IncludingPage?properties" accesskey="p"&amp;gt;Properties&amp;lt;/a&amp;gt;&amp;lt;/li&amp;gt;
       &amp;lt;li&amp;gt;&amp;lt;a href="IncludingPage?whereUsed" accesskey="w"&amp;gt;Where Used&amp;lt;/a&amp;gt;&amp;lt;/li&amp;gt;
       &amp;lt;li&amp;gt;&amp;lt;a href="IncludingPage?versions" accesskey="v"&amp;gt;Versions&amp;lt;/a&amp;gt;&amp;lt;/li&amp;gt;
    
     &amp;lt;li class="divider"&amp;gt;&amp;lt;a href="IncludingPage?refactor&amp;amp;amp;type=rename"&amp;gt;Rename&amp;lt;/a&amp;gt;&amp;lt;/li&amp;gt;
   &amp;lt;li&amp;gt;&amp;lt;a href="IncludingPage?refactor&amp;amp;amp;type=move"&amp;gt;Move&amp;lt;/a&amp;gt;&amp;lt;/li&amp;gt;
   &amp;lt;li&amp;gt;&amp;lt;a href="IncludingPage?refactor&amp;amp;amp;type=replace"&amp;gt;Replace&amp;lt;/a&amp;gt;&amp;lt;/li&amp;gt;
   &amp;lt;li&amp;gt;&amp;lt;a href="IncludingPage?deletePage"&amp;gt;Delete&amp;lt;/a&amp;gt;&amp;lt;/li&amp;gt;
       &amp;lt;li  class="divider"&amp;gt;&amp;lt;a href="/files" accesskey="f"&amp;gt;Files&amp;lt;/a&amp;gt;&amp;lt;/li&amp;gt;
       &amp;lt;li&amp;gt;&amp;lt;a href="?searchForm" accesskey="s"&amp;gt;Search&amp;lt;/a&amp;gt;&amp;lt;/li&amp;gt;
       &amp;lt;li&amp;gt;&amp;lt;a href="/RecentChanges" accesskey=""&amp;gt;Recent Changes&amp;lt;/a&amp;gt;&amp;lt;/li&amp;gt;
  
      
     &amp;lt;li class="divider"&amp;gt;&amp;lt;a href="/FitNesse.UserGuide" accesskey=""&amp;gt;User Guide&amp;lt;/a&amp;gt;&amp;lt;/li&amp;gt;
    &amp;lt;/ul&amp;gt;
 &amp;lt;/li&amp;gt;
&amp;lt;/ul&amp;gt;
  &amp;lt;/nav&amp;gt;
  
  &amp;lt;article&amp;gt;
   before&amp;lt;br/&amp;gt;&amp;lt;div class="collapsible closed"&amp;gt;&amp;lt;ul&amp;gt;&amp;lt;li&amp;gt;&amp;lt;a href='#' class='expandall'&amp;gt;Expand All&amp;lt;/a&amp;gt;&amp;lt;/li&amp;gt;&amp;lt;li&amp;gt;&amp;lt;a href='#' class='collapseall'&amp;gt;Collapse All&amp;lt;/a&amp;gt;&amp;lt;/li&amp;gt;&amp;lt;/ul&amp;gt;
	&amp;lt;p class="title"&amp;gt;Included page: &amp;lt;a href="IncludedPage"&amp;gt;IncludedPage&amp;lt;/a&amp;gt; &amp;lt;a href="IncludedPage?edit&amp;amp;amp;redirectToReferer=true&amp;amp;amp;redirectAction=" class="edit"&amp;gt;(edit)&amp;lt;/a&amp;gt;&amp;lt;/p&amp;gt;
	&amp;lt;div&amp;gt;included&amp;lt;br/&amp;gt;&amp;lt;/div&amp;gt;
&amp;lt;/div&amp;gt;
after&amp;lt;br/&amp;gt;

&amp;lt;div id="helpUnderlay" class="help-underlay"&amp;gt;
    &amp;lt;div id="helpModal" class="help-modal"&amp;gt;
        &amp;lt;h1&amp;gt;Keyboard Shortcuts &amp;lt;kbd class="help-key"&amp;gt;&amp;lt;span&amp;gt;?&amp;lt;/span&amp;gt;&amp;lt;/kbd&amp;gt;&amp;lt;/h1&amp;gt;
        &amp;lt;div id="helpClose" class="help-close"&amp;gt;&amp;amp;times;&amp;lt;/div&amp;gt;
        &amp;lt;div id="helpModalContent" class="help-modal-content"&amp;gt;
            &amp;lt;div id="helpListWrap" class="help-list-wrap"&amp;gt;
                &amp;lt;ul class="help-list"&amp;gt;
                    &amp;lt;li class="help-key-unit"&amp;gt;
                        &amp;lt;kbd class="help-key"&amp;gt;&amp;lt;span&amp;gt;t&amp;lt;/span&amp;gt;&amp;lt;/kbd&amp;gt;
                        &amp;lt;span class="help-key-def"&amp;gt;Test&amp;lt;/span&amp;gt;
                    &amp;lt;/li&amp;gt;
                    &amp;lt;li class="help-key-unit"&amp;gt;
                        &amp;lt;kbd class="help-key"&amp;gt;&amp;lt;span&amp;gt;e&amp;lt;/span&amp;gt;&amp;lt;/kbd&amp;gt;
                        &amp;lt;span class="help-key-def"&amp;gt;Edit page&amp;lt;/span&amp;gt;
                    &amp;lt;/li&amp;gt;
                    &amp;lt;li class="help-key-unit"&amp;gt;
                        &amp;lt;kbd class="help-key"&amp;gt;&amp;lt;span&amp;gt;a&amp;lt;/span&amp;gt;&amp;lt;/kbd&amp;gt;
                        &amp;lt;span class="help-key-def"&amp;gt;Add new page&amp;lt;/span&amp;gt;
                    &amp;lt;/li&amp;gt;
                    &amp;lt;li class="help-key-unit"&amp;gt;
                        &amp;lt;kbd class="help-key"&amp;gt;&amp;lt;span&amp;gt;p&amp;lt;/span&amp;gt;&amp;lt;/kbd&amp;gt;
                        &amp;lt;span class="help-key-def"&amp;gt;Properties&amp;lt;/span&amp;gt;
                    &amp;lt;/li&amp;gt;
                    &amp;lt;li class="help-key-unit"&amp;gt;
                        &amp;lt;kbd class="help-key"&amp;gt;&amp;lt;span&amp;gt;w&amp;lt;/span&amp;gt;&amp;lt;/kbd&amp;gt;
                        &amp;lt;span class="help-key-def"&amp;gt;Where used?&amp;lt;/span&amp;gt;
                    &amp;lt;/li&amp;gt;
                    &amp;lt;li class="help-key-unit"&amp;gt;
                        &amp;lt;kbd class="help-key"&amp;gt;&amp;lt;span&amp;gt;/&amp;lt;/span&amp;gt;&amp;lt;/kbd&amp;gt;
                        &amp;lt;span class="help-key-def"&amp;gt;Focus on search bar&amp;lt;/span&amp;gt;
                    &amp;lt;/li&amp;gt;
                    &amp;lt;li class="help-key-unit"&amp;gt;
                        &amp;lt;kbd class="help-key"&amp;gt;&amp;lt;span&amp;gt;s&amp;lt;/span&amp;gt;&amp;lt;/kbd&amp;gt;
                        &amp;lt;span class="help-key-def"&amp;gt;Open search page&amp;lt;/span&amp;gt;
                    &amp;lt;/li&amp;gt;
                    &amp;lt;li class="help-key-unit"&amp;gt;
                        &amp;lt;kbd class="help-key"&amp;gt;&amp;lt;span&amp;gt;g&amp;lt;/span&amp;gt; &amp;lt;span&amp;gt;u&amp;lt;/span&amp;gt;&amp;lt;/kbd&amp;gt;
                        &amp;lt;span class="help-key-def"&amp;gt;Go to User Guide&amp;lt;/span&amp;gt;
                    &amp;lt;/li&amp;gt;
                &amp;lt;/ul&amp;gt;
            &amp;lt;/div&amp;gt;
        &amp;lt;/div&amp;gt;
    &amp;lt;/div&amp;gt;
&amp;lt;/div&amp;gt;

&amp;lt;script src="/files/fitnesse/javascript/mousetrap.min.js" type="text/javascript"&amp;gt;&amp;lt;/script&amp;gt;
&amp;lt;script src="/files/fitnesse/question.mark/question.mark.js" type="text/javascript"&amp;gt;&amp;lt;/script&amp;gt;

&amp;lt;script type="text/javascript"&amp;gt;

  
        Mousetrap.bind('e', function() { window.location.href ="IncludingPage?edit"; });
        Mousetrap.bind('a', function() { window.location.href ="IncludingPage?new"; });
        Mousetrap.bind('p', function() { window.location.href ="IncludingPage?properties"; });
        Mousetrap.bind('w', function() { window.location.href ="IncludingPage?whereUsed"; });
        Mousetrap.bind('v', function() { window.location.href ="IncludingPage?versions"; });
        Mousetrap.bind('s', function() { window.location.href ="IncludingPage?searchForm"; });
    Mousetrap.bind('/', function() { 
      document.getElementById('searchString').focus();
      return false;  // stops the / character appearing in search box
    });
        Mousetrap.bind('g u', function() { window.location.href =".FitNesse.UserGuide"; });
  
&amp;lt;/script&amp;gt;

  &amp;lt;/article&amp;gt;
  
    &amp;lt;footer&amp;gt;
     &amp;lt;/footer&amp;gt;
  
 &amp;lt;/body&amp;gt;
&amp;lt;/html&amp;gt;
&lt;/pre&gt;</evaluationMessage>
                  </expectation>
        
      </instructionResult>
            <instructionResult>
        <instruction>{id='decisionTable_31_0', instruction='make', instanceName='decisionTable_31', className='ResponseExaminer', args=[]}</instruction>
        <slimResult>pass(Response Examiner.)</slimResult>
                <expectation>
                    <status>pass</status>
                    <instructionId>decisionTable_31_0</instructionId>
                    <col>0</col>
                              <row>0</row>
                    <type>ConstructionExpectation</type>
                                        <evaluationMessage>Response Examiner.</evaluationMessage>
                  </expectation>
        
      </instructionResult>
            <instructionResult>
        <instruction>{id='decisionTable_31_4', instruction='call', instanceName='decisionTable_31', methodName='setType', args=[contents]}</instruction>
        <slimResult></slimResult>
                <expectation>
                    <instructionId>decisionTable_31_4</instructionId>
                    <col>0</col>
                              <row>2</row>
                    <type>VoidReturnExpectation</type>
                                      </expectation>
        
      </instructionResult>
            <instructionResult>
        <instruction>{id='decisionTable_31_5', instruction='call', instanceName='decisionTable_31', methodName='setPattern', args=[included]}</instruction>
        <slimResult></slimResult>
                <expectation>
                    <instructionId>decisionTable_31_5</instructionId>
                    <col>1</col>
                              <row>2</row>
                    <type>VoidReturnExpectation</type>
                                      </expectation>
        
      </instructionResult>
            <instructionResult>
        <instruction>{id='decisionTable_31_7', instruction='call', instanceName='decisionTable_31', methodName='matches', args=[]}</instruction>
        <slimResult>pass(true)</slimResult>
                <expectation>
                    <status>pass</status>
                    <instructionId>decisionTable_31_7</instructionId>
                    <col>2</col>
                              <row>2</row>
                    <type>ReturnedValueExpectation</type>
                                        <evaluationMessage>true</evaluationMessage>
                  </expectation>
        
      </instructionResult>
            <instructionResult>
        <instruction>{id='decisionTable_31_9', instruction='call', instanceName='decisionTable_31', methodName='setType', args=[contents]}</instruction>
        <slimResult></slimResult>
                <expectation>
                    <instructionId>decisionTable_31_9</instructionId>
                    <col>0</col>
                              <row>3</row>
                    <type>VoidReturnExpectation</type>
                                      </expectation>
        
      </instructionResult>
            <instructionResult>
        <instruction>{id='decisionTable_31_10', instruction='call', instanceName='decisionTable_31', methodName='setPattern', args=[class="collapsible closed"]}</instruction>
        <slimResult></slimResult>
                <expectation>
                    <instructionId>decisionTable_31_10</instructionId>
                    <col>1</col>
                              <row>3</row>
                    <type>VoidReturnExpectation</type>
                                      </expectation>
        
      </instructionResult>
            <instructionResult>
        <instruction>{id='decisionTable_31_12', instruction='call', instanceName='decisionTable_31', methodName='matches', args=[]}</instruction>
        <slimResult>pass(true)</slimResult>
                <expectation>
                    <status>pass</status>
                    <instructionId>decisionTable_31_12</instructionId>
                    <col>2</col>
                              <row>3</row>
                    <type>ReturnedValueExpectation</type>
                                        <evaluationMessage>true</evaluationMessage>
                  </expectation>
        
      </instructionResult>
            <instructionResult>
        <instruction>{id='decisionTable_32_0', instruction='make', instanceName='decisionTable_32', className='TearDown', args=[]}</instruction>
        <slimResult>pass(tear down)</slimResult>
                <expectation>
                    <status>pass</status>
                    <instructionId>decisionTable_32_0</instructionId>
                    <col>0</col>
                              <row>0</row>
                    <type>ConstructionExpectation</type>
                                        <evaluationMessage>tear down</evaluationMessage>
                  </expectation>
        
      </instructionResult>
      
    </instructions>
    
  </result>
  
    <finalCounts>
    <right>1</right>
    <wrong>0</wrong>
    <ignores>0</ignores>
    <exceptions>0</exceptions>
  </finalCounts>
  <totalRunTimeInMillis>82</totalRunTimeInMillis>
  
</testResults>

