<?xml version="1.0"?>
<testResults>
  <FitNesseVersion>v20140418</FitNesseVersion>
  <rootPath>AbapSlim.NotWorkingSlimTests.TestExceptionIsDisplayed</rootPath>
    <result>
    <counts>
      <right>0</right>
      <wrong>1</wrong>
      <ignores>0</ignores>
      <exceptions>0</exceptions>
    </counts>
    <runTimeInMillis>41</runTimeInMillis>
    <content>&lt;br/&gt;&lt;table&gt;
	&lt;tr&gt;
		&lt;td colspan="4"&gt;script&lt;/td&gt;
	&lt;/tr&gt;
	&lt;tr&gt;
		&lt;td&gt;given page&lt;/td&gt;
		&lt;td&gt;TestPage&lt;/td&gt;
		&lt;td&gt;with content&lt;/td&gt;
		&lt;td&gt;&lt;span class="meta"&gt;undefined variable: SUT_PATH&lt;/span&gt; 
!define TEST_SYSTEM {slim}
| import |
| fitnesse.slim.test |

| decision table execute throws |
| x? |
| 1 |
&lt;/td&gt;
	&lt;/tr&gt;
	&lt;tr&gt;
		&lt;td&gt;test results for page&lt;/td&gt;
		&lt;td&gt;TestPage&lt;/td&gt;
		&lt;td&gt;should contain&lt;/td&gt;
		&lt;td&gt;__EXCEPTION__:fitnesse.slim.SlimError: EXECUTE_THROWS&lt;/td&gt;
	&lt;/tr&gt;
	&lt;tr&gt;
		&lt;td&gt;&lt;span class="fail"&gt;ensure&lt;/span&gt;&lt;/td&gt;
		&lt;td&gt;content contains&lt;/td&gt;
		&lt;td colspan="2"&gt;at fitnesse.slim.test.DecisionTableExecuteThrows&lt;/td&gt;
	&lt;/tr&gt;
&lt;/table&gt;
</content>
    <relativePageName>TestExceptionIsDisplayed</relativePageName>
    
    
    
    <instructions>
            <instructionResult>
        <instruction>{id='scriptTable_0_0', instruction='call', instanceName='scriptTableActor', methodName='givenPageWithContent', args=[TestPage, &lt;span class="meta"&gt;undefined variable: SUT_PATH&lt;/span&gt; 
!define TEST_SYSTEM {slim}
| import |
| fitnesse.slim.test |

| decision table execute throws |
| x? |
| 1 |
]}</instruction>
        <slimResult></slimResult>
                <expectation>
                    <instructionId>scriptTable_0_0</instructionId>
                    <col>0</col>
                              <row>1</row>
                    <type>ScriptActionExpectation</type>
                                      </expectation>
        
      </instructionResult>
            <instructionResult>
        <instruction>{id='scriptTable_0_1', instruction='call', instanceName='scriptTableActor', methodName='testResultsForPageShouldContain', args=[TestPage, __EXCEPTION__:fitnesse.slim.SlimError: EXECUTE_THROWS]}</instruction>
        <slimResult></slimResult>
                <expectation>
                    <instructionId>scriptTable_0_1</instructionId>
                    <col>0</col>
                              <row>2</row>
                    <type>ScriptActionExpectation</type>
                                      </expectation>
        
      </instructionResult>
            <instructionResult>
        <instruction>{id='scriptTable_0_2', instruction='call', instanceName='scriptTableActor', methodName='contentContains', args=[at fitnesse.slim.test.DecisionTableExecuteThrows]}</instruction>
        <slimResult>fail()</slimResult>
                <expectation>
                    <status>fail</status>
                    <instructionId>scriptTable_0_2</instructionId>
                    <col>0</col>
                              <row>3</row>
                    <type>EnsureActionExpectation</type>
                                      </expectation>
        
      </instructionResult>
      
    </instructions>
    
  </result>
  
    <finalCounts>
    <right>0</right>
    <wrong>1</wrong>
    <ignores>0</ignores>
    <exceptions>0</exceptions>
  </finalCounts>
  <totalRunTimeInMillis>42</totalRunTimeInMillis>
  
</testResults>

