<?xml version="1.0"?>
<testResults>
  <FitNesseVersion>v20140418</FitNesseVersion>
  <rootPath>AbapSlim.WorkingSlimTests.TestComparators</rootPath>
    <result>
    <counts>
      <right>26</right>
      <wrong>0</wrong>
      <ignores>0</ignores>
      <exceptions>0</exceptions>
    </counts>
    <runTimeInMillis>107</runTimeInMillis>
    <content>&lt;br/&gt;&lt;div class="collapsible closed"&gt;&lt;ul&gt;&lt;li&gt;&lt;a href='#' class='expandall'&gt;Expand All&lt;/a&gt;&lt;/li&gt;&lt;li&gt;&lt;a href='#' class='collapseall'&gt;Collapse All&lt;/a&gt;&lt;/li&gt;&lt;/ul&gt;
	&lt;p class="title"&gt;Scenarios&lt;/p&gt;
	&lt;div&gt;&lt;table&gt;
	&lt;tr&gt;
		&lt;td&gt;scenario&lt;/td&gt;
		&lt;td&gt;comparator&lt;/td&gt;
		&lt;td&gt;a&lt;/td&gt;
		&lt;td&gt;accepts&lt;/td&gt;
		&lt;td&gt;b&lt;/td&gt;
	&lt;/tr&gt;
	&lt;tr&gt;
		&lt;td&gt;check&lt;/td&gt;
		&lt;td&gt;echo&lt;/td&gt;
		&lt;td&gt;@b&lt;/td&gt;
		&lt;td colspan="2"&gt;@a&lt;/td&gt;
	&lt;/tr&gt;
&lt;/table&gt;
&lt;br/&gt;&lt;table&gt;
	&lt;tr&gt;
		&lt;td&gt;scenario&lt;/td&gt;
		&lt;td&gt;comparator&lt;/td&gt;
		&lt;td&gt;a&lt;/td&gt;
		&lt;td&gt;rejects&lt;/td&gt;
		&lt;td&gt;b&lt;/td&gt;
	&lt;/tr&gt;
	&lt;tr&gt;
		&lt;td&gt;check not&lt;/td&gt;
		&lt;td&gt;echo&lt;/td&gt;
		&lt;td&gt;@b&lt;/td&gt;
		&lt;td colspan="2"&gt;@a&lt;/td&gt;
	&lt;/tr&gt;
&lt;/table&gt;
&lt;br/&gt;&lt;table&gt;
	&lt;tr&gt;
		&lt;td&gt;script&lt;/td&gt;
		&lt;td&gt;&lt;span class="pass"&gt;zcl_echo_fixture&lt;/span&gt;&lt;/td&gt;
	&lt;/tr&gt;
&lt;/table&gt;
&lt;br/&gt;&lt;/div&gt;
&lt;/div&gt;
&lt;table&gt;
	&lt;tr&gt;
		&lt;td colspan="4"&gt;script&lt;/td&gt;
	&lt;/tr&gt;
	&lt;tr class="scenario closed"&gt;
		&lt;td class="pass"&gt;comparator&lt;/td&gt;
		&lt;td class="pass"&gt;=5&lt;/td&gt;
		&lt;td class="pass"&gt;accepts&lt;/td&gt;
		&lt;td class="pass"&gt;5&lt;/td&gt;
	&lt;/tr&gt;&lt;tr class="scenario-detail closed-detail"&gt;&lt;td colspan="4"&gt;&lt;table&gt;
	&lt;tr&gt;
		&lt;td&gt;scenario&lt;/td&gt;
		&lt;td&gt;comparator&lt;/td&gt;
		&lt;td&gt;a&lt;/td&gt;
		&lt;td&gt;accepts&lt;/td&gt;
		&lt;td&gt;b&lt;/td&gt;
	&lt;/tr&gt;
	&lt;tr&gt;
		&lt;td&gt;check&lt;/td&gt;
		&lt;td&gt;echo&lt;/td&gt;
		&lt;td&gt;5&lt;/td&gt;
		&lt;td colspan="2"&gt;&lt;span class="pass"&gt;5=5&lt;/span&gt;&lt;/td&gt;
	&lt;/tr&gt;
&lt;/table&gt;&lt;/td&gt;&lt;/tr&gt;
	&lt;tr class="scenario closed"&gt;
		&lt;td class="pass"&gt;comparator&lt;/td&gt;
		&lt;td class="pass"&gt;=5&lt;/td&gt;
		&lt;td class="pass"&gt;rejects&lt;/td&gt;
		&lt;td class="pass"&gt;6&lt;/td&gt;
	&lt;/tr&gt;&lt;tr class="scenario-detail closed-detail"&gt;&lt;td colspan="4"&gt;&lt;table&gt;
	&lt;tr&gt;
		&lt;td&gt;scenario&lt;/td&gt;
		&lt;td&gt;comparator&lt;/td&gt;
		&lt;td&gt;a&lt;/td&gt;
		&lt;td&gt;rejects&lt;/td&gt;
		&lt;td&gt;b&lt;/td&gt;
	&lt;/tr&gt;
	&lt;tr&gt;
		&lt;td&gt;check not&lt;/td&gt;
		&lt;td&gt;echo&lt;/td&gt;
		&lt;td&gt;6&lt;/td&gt;
		&lt;td colspan="2"&gt;&lt;span class="pass"&gt;6=5&lt;/span&gt;&lt;/td&gt;
	&lt;/tr&gt;
&lt;/table&gt;&lt;/td&gt;&lt;/tr&gt;
	&lt;tr&gt;
		&lt;td colspan="4"&gt;&lt;/td&gt;
	&lt;/tr&gt;
	&lt;tr class="scenario closed"&gt;
		&lt;td class="pass"&gt;comparator&lt;/td&gt;
		&lt;td class="pass"&gt;!=5&lt;/td&gt;
		&lt;td class="pass"&gt;accepts&lt;/td&gt;
		&lt;td class="pass"&gt;6&lt;/td&gt;
	&lt;/tr&gt;&lt;tr class="scenario-detail closed-detail"&gt;&lt;td colspan="4"&gt;&lt;table&gt;
	&lt;tr&gt;
		&lt;td&gt;scenario&lt;/td&gt;
		&lt;td&gt;comparator&lt;/td&gt;
		&lt;td&gt;a&lt;/td&gt;
		&lt;td&gt;accepts&lt;/td&gt;
		&lt;td&gt;b&lt;/td&gt;
	&lt;/tr&gt;
	&lt;tr&gt;
		&lt;td&gt;check&lt;/td&gt;
		&lt;td&gt;echo&lt;/td&gt;
		&lt;td&gt;6&lt;/td&gt;
		&lt;td colspan="2"&gt;&lt;span class="pass"&gt;6!=5&lt;/span&gt;&lt;/td&gt;
	&lt;/tr&gt;
&lt;/table&gt;&lt;/td&gt;&lt;/tr&gt;
	&lt;tr class="scenario closed"&gt;
		&lt;td class="pass"&gt;comparator&lt;/td&gt;
		&lt;td class="pass"&gt;!=5&lt;/td&gt;
		&lt;td class="pass"&gt;rejects&lt;/td&gt;
		&lt;td class="pass"&gt;5&lt;/td&gt;
	&lt;/tr&gt;&lt;tr class="scenario-detail closed-detail"&gt;&lt;td colspan="4"&gt;&lt;table&gt;
	&lt;tr&gt;
		&lt;td&gt;scenario&lt;/td&gt;
		&lt;td&gt;comparator&lt;/td&gt;
		&lt;td&gt;a&lt;/td&gt;
		&lt;td&gt;rejects&lt;/td&gt;
		&lt;td&gt;b&lt;/td&gt;
	&lt;/tr&gt;
	&lt;tr&gt;
		&lt;td&gt;check not&lt;/td&gt;
		&lt;td&gt;echo&lt;/td&gt;
		&lt;td&gt;5&lt;/td&gt;
		&lt;td colspan="2"&gt;&lt;span class="pass"&gt;5!=5&lt;/span&gt;&lt;/td&gt;
	&lt;/tr&gt;
&lt;/table&gt;&lt;/td&gt;&lt;/tr&gt;
	&lt;tr&gt;
		&lt;td colspan="4"&gt;&lt;/td&gt;
	&lt;/tr&gt;
	&lt;tr class="scenario closed"&gt;
		&lt;td class="pass"&gt;comparator&lt;/td&gt;
		&lt;td class="pass"&gt;&gt;=5&lt;/td&gt;
		&lt;td class="pass"&gt;accepts&lt;/td&gt;
		&lt;td class="pass"&gt;5&lt;/td&gt;
	&lt;/tr&gt;&lt;tr class="scenario-detail closed-detail"&gt;&lt;td colspan="4"&gt;&lt;table&gt;
	&lt;tr&gt;
		&lt;td&gt;scenario&lt;/td&gt;
		&lt;td&gt;comparator&lt;/td&gt;
		&lt;td&gt;a&lt;/td&gt;
		&lt;td&gt;accepts&lt;/td&gt;
		&lt;td&gt;b&lt;/td&gt;
	&lt;/tr&gt;
	&lt;tr&gt;
		&lt;td&gt;check&lt;/td&gt;
		&lt;td&gt;echo&lt;/td&gt;
		&lt;td&gt;5&lt;/td&gt;
		&lt;td colspan="2"&gt;&lt;span class="pass"&gt;5&amp;gt;=5&lt;/span&gt;&lt;/td&gt;
	&lt;/tr&gt;
&lt;/table&gt;&lt;/td&gt;&lt;/tr&gt;
	&lt;tr class="scenario closed"&gt;
		&lt;td class="pass"&gt;comparator&lt;/td&gt;
		&lt;td class="pass"&gt;&gt;=5&lt;/td&gt;
		&lt;td class="pass"&gt;rejects&lt;/td&gt;
		&lt;td class="pass"&gt;4&lt;/td&gt;
	&lt;/tr&gt;&lt;tr class="scenario-detail closed-detail"&gt;&lt;td colspan="4"&gt;&lt;table&gt;
	&lt;tr&gt;
		&lt;td&gt;scenario&lt;/td&gt;
		&lt;td&gt;comparator&lt;/td&gt;
		&lt;td&gt;a&lt;/td&gt;
		&lt;td&gt;rejects&lt;/td&gt;
		&lt;td&gt;b&lt;/td&gt;
	&lt;/tr&gt;
	&lt;tr&gt;
		&lt;td&gt;check not&lt;/td&gt;
		&lt;td&gt;echo&lt;/td&gt;
		&lt;td&gt;4&lt;/td&gt;
		&lt;td colspan="2"&gt;&lt;span class="pass"&gt;4&amp;gt;=5&lt;/span&gt;&lt;/td&gt;
	&lt;/tr&gt;
&lt;/table&gt;&lt;/td&gt;&lt;/tr&gt;
	&lt;tr&gt;
		&lt;td colspan="4"&gt;&lt;/td&gt;
	&lt;/tr&gt;
	&lt;tr class="scenario closed"&gt;
		&lt;td class="pass"&gt;comparator&lt;/td&gt;
		&lt;td class="pass"&gt;&gt;5&lt;/td&gt;
		&lt;td class="pass"&gt;accepts&lt;/td&gt;
		&lt;td class="pass"&gt;6&lt;/td&gt;
	&lt;/tr&gt;&lt;tr class="scenario-detail closed-detail"&gt;&lt;td colspan="4"&gt;&lt;table&gt;
	&lt;tr&gt;
		&lt;td&gt;scenario&lt;/td&gt;
		&lt;td&gt;comparator&lt;/td&gt;
		&lt;td&gt;a&lt;/td&gt;
		&lt;td&gt;accepts&lt;/td&gt;
		&lt;td&gt;b&lt;/td&gt;
	&lt;/tr&gt;
	&lt;tr&gt;
		&lt;td&gt;check&lt;/td&gt;
		&lt;td&gt;echo&lt;/td&gt;
		&lt;td&gt;6&lt;/td&gt;
		&lt;td colspan="2"&gt;&lt;span class="pass"&gt;6&amp;gt;5&lt;/span&gt;&lt;/td&gt;
	&lt;/tr&gt;
&lt;/table&gt;&lt;/td&gt;&lt;/tr&gt;
	&lt;tr class="scenario closed"&gt;
		&lt;td class="pass"&gt;comparator&lt;/td&gt;
		&lt;td class="pass"&gt;&gt;5&lt;/td&gt;
		&lt;td class="pass"&gt;rejects&lt;/td&gt;
		&lt;td class="pass"&gt;5&lt;/td&gt;
	&lt;/tr&gt;&lt;tr class="scenario-detail closed-detail"&gt;&lt;td colspan="4"&gt;&lt;table&gt;
	&lt;tr&gt;
		&lt;td&gt;scenario&lt;/td&gt;
		&lt;td&gt;comparator&lt;/td&gt;
		&lt;td&gt;a&lt;/td&gt;
		&lt;td&gt;rejects&lt;/td&gt;
		&lt;td&gt;b&lt;/td&gt;
	&lt;/tr&gt;
	&lt;tr&gt;
		&lt;td&gt;check not&lt;/td&gt;
		&lt;td&gt;echo&lt;/td&gt;
		&lt;td&gt;5&lt;/td&gt;
		&lt;td colspan="2"&gt;&lt;span class="pass"&gt;5&amp;gt;5&lt;/span&gt;&lt;/td&gt;
	&lt;/tr&gt;
&lt;/table&gt;&lt;/td&gt;&lt;/tr&gt;
	&lt;tr class="scenario closed"&gt;
		&lt;td class="pass"&gt;comparator&lt;/td&gt;
		&lt;td class="pass"&gt;&gt;5&lt;/td&gt;
		&lt;td class="pass"&gt;rejects&lt;/td&gt;
		&lt;td class="pass"&gt;4&lt;/td&gt;
	&lt;/tr&gt;&lt;tr class="scenario-detail closed-detail"&gt;&lt;td colspan="4"&gt;&lt;table&gt;
	&lt;tr&gt;
		&lt;td&gt;scenario&lt;/td&gt;
		&lt;td&gt;comparator&lt;/td&gt;
		&lt;td&gt;a&lt;/td&gt;
		&lt;td&gt;rejects&lt;/td&gt;
		&lt;td&gt;b&lt;/td&gt;
	&lt;/tr&gt;
	&lt;tr&gt;
		&lt;td&gt;check not&lt;/td&gt;
		&lt;td&gt;echo&lt;/td&gt;
		&lt;td&gt;4&lt;/td&gt;
		&lt;td colspan="2"&gt;&lt;span class="pass"&gt;4&amp;gt;5&lt;/span&gt;&lt;/td&gt;
	&lt;/tr&gt;
&lt;/table&gt;&lt;/td&gt;&lt;/tr&gt;
	&lt;tr&gt;
		&lt;td colspan="4"&gt;&lt;/td&gt;
	&lt;/tr&gt;
	&lt;tr class="scenario closed"&gt;
		&lt;td class="pass"&gt;comparator&lt;/td&gt;
		&lt;td class="pass"&gt;&lt;=5&lt;/td&gt;
		&lt;td class="pass"&gt;accepts&lt;/td&gt;
		&lt;td class="pass"&gt;5&lt;/td&gt;
	&lt;/tr&gt;&lt;tr class="scenario-detail closed-detail"&gt;&lt;td colspan="4"&gt;&lt;table&gt;
	&lt;tr&gt;
		&lt;td&gt;scenario&lt;/td&gt;
		&lt;td&gt;comparator&lt;/td&gt;
		&lt;td&gt;a&lt;/td&gt;
		&lt;td&gt;accepts&lt;/td&gt;
		&lt;td&gt;b&lt;/td&gt;
	&lt;/tr&gt;
	&lt;tr&gt;
		&lt;td&gt;check&lt;/td&gt;
		&lt;td&gt;echo&lt;/td&gt;
		&lt;td&gt;5&lt;/td&gt;
		&lt;td colspan="2"&gt;&lt;span class="pass"&gt;5&amp;lt;=5&lt;/span&gt;&lt;/td&gt;
	&lt;/tr&gt;
&lt;/table&gt;&lt;/td&gt;&lt;/tr&gt;
	&lt;tr class="scenario closed"&gt;
		&lt;td class="pass"&gt;comparator&lt;/td&gt;
		&lt;td class="pass"&gt;&lt;=5&lt;/td&gt;
		&lt;td class="pass"&gt;rejects&lt;/td&gt;
		&lt;td class="pass"&gt;6&lt;/td&gt;
	&lt;/tr&gt;&lt;tr class="scenario-detail closed-detail"&gt;&lt;td colspan="4"&gt;&lt;table&gt;
	&lt;tr&gt;
		&lt;td&gt;scenario&lt;/td&gt;
		&lt;td&gt;comparator&lt;/td&gt;
		&lt;td&gt;a&lt;/td&gt;
		&lt;td&gt;rejects&lt;/td&gt;
		&lt;td&gt;b&lt;/td&gt;
	&lt;/tr&gt;
	&lt;tr&gt;
		&lt;td&gt;check not&lt;/td&gt;
		&lt;td&gt;echo&lt;/td&gt;
		&lt;td&gt;6&lt;/td&gt;
		&lt;td colspan="2"&gt;&lt;span class="pass"&gt;6&amp;lt;=5&lt;/span&gt;&lt;/td&gt;
	&lt;/tr&gt;
&lt;/table&gt;&lt;/td&gt;&lt;/tr&gt;
	&lt;tr&gt;
		&lt;td colspan="4"&gt;&lt;/td&gt;
	&lt;/tr&gt;
	&lt;tr class="scenario closed"&gt;
		&lt;td class="pass"&gt;comparator&lt;/td&gt;
		&lt;td class="pass"&gt;&lt;5&lt;/td&gt;
		&lt;td class="pass"&gt;accepts&lt;/td&gt;
		&lt;td class="pass"&gt;4&lt;/td&gt;
	&lt;/tr&gt;&lt;tr class="scenario-detail closed-detail"&gt;&lt;td colspan="4"&gt;&lt;table&gt;
	&lt;tr&gt;
		&lt;td&gt;scenario&lt;/td&gt;
		&lt;td&gt;comparator&lt;/td&gt;
		&lt;td&gt;a&lt;/td&gt;
		&lt;td&gt;accepts&lt;/td&gt;
		&lt;td&gt;b&lt;/td&gt;
	&lt;/tr&gt;
	&lt;tr&gt;
		&lt;td&gt;check&lt;/td&gt;
		&lt;td&gt;echo&lt;/td&gt;
		&lt;td&gt;4&lt;/td&gt;
		&lt;td colspan="2"&gt;&lt;span class="pass"&gt;4&amp;lt;5&lt;/span&gt;&lt;/td&gt;
	&lt;/tr&gt;
&lt;/table&gt;&lt;/td&gt;&lt;/tr&gt;
	&lt;tr class="scenario closed"&gt;
		&lt;td class="pass"&gt;comparator&lt;/td&gt;
		&lt;td class="pass"&gt;&lt;5&lt;/td&gt;
		&lt;td class="pass"&gt;rejects&lt;/td&gt;
		&lt;td class="pass"&gt;5&lt;/td&gt;
	&lt;/tr&gt;&lt;tr class="scenario-detail closed-detail"&gt;&lt;td colspan="4"&gt;&lt;table&gt;
	&lt;tr&gt;
		&lt;td&gt;scenario&lt;/td&gt;
		&lt;td&gt;comparator&lt;/td&gt;
		&lt;td&gt;a&lt;/td&gt;
		&lt;td&gt;rejects&lt;/td&gt;
		&lt;td&gt;b&lt;/td&gt;
	&lt;/tr&gt;
	&lt;tr&gt;
		&lt;td&gt;check not&lt;/td&gt;
		&lt;td&gt;echo&lt;/td&gt;
		&lt;td&gt;5&lt;/td&gt;
		&lt;td colspan="2"&gt;&lt;span class="pass"&gt;5&amp;lt;5&lt;/span&gt;&lt;/td&gt;
	&lt;/tr&gt;
&lt;/table&gt;&lt;/td&gt;&lt;/tr&gt;
	&lt;tr class="scenario closed"&gt;
		&lt;td class="pass"&gt;comparator&lt;/td&gt;
		&lt;td class="pass"&gt;&lt;5&lt;/td&gt;
		&lt;td class="pass"&gt;rejects&lt;/td&gt;
		&lt;td class="pass"&gt;6&lt;/td&gt;
	&lt;/tr&gt;&lt;tr class="scenario-detail closed-detail"&gt;&lt;td colspan="4"&gt;&lt;table&gt;
	&lt;tr&gt;
		&lt;td&gt;scenario&lt;/td&gt;
		&lt;td&gt;comparator&lt;/td&gt;
		&lt;td&gt;a&lt;/td&gt;
		&lt;td&gt;rejects&lt;/td&gt;
		&lt;td&gt;b&lt;/td&gt;
	&lt;/tr&gt;
	&lt;tr&gt;
		&lt;td&gt;check not&lt;/td&gt;
		&lt;td&gt;echo&lt;/td&gt;
		&lt;td&gt;6&lt;/td&gt;
		&lt;td colspan="2"&gt;&lt;span class="pass"&gt;6&amp;lt;5&lt;/span&gt;&lt;/td&gt;
	&lt;/tr&gt;
&lt;/table&gt;&lt;/td&gt;&lt;/tr&gt;
	&lt;tr&gt;
		&lt;td colspan="4"&gt;&lt;/td&gt;
	&lt;/tr&gt;
	&lt;tr class="scenario closed"&gt;
		&lt;td class="pass"&gt;comparator&lt;/td&gt;
		&lt;td class="pass"&gt;~=5.0&lt;/td&gt;
		&lt;td class="pass"&gt;accepts&lt;/td&gt;
		&lt;td class="pass"&gt;4.95&lt;/td&gt;
	&lt;/tr&gt;&lt;tr class="scenario-detail closed-detail"&gt;&lt;td colspan="4"&gt;&lt;table&gt;
	&lt;tr&gt;
		&lt;td&gt;scenario&lt;/td&gt;
		&lt;td&gt;comparator&lt;/td&gt;
		&lt;td&gt;a&lt;/td&gt;
		&lt;td&gt;accepts&lt;/td&gt;
		&lt;td&gt;b&lt;/td&gt;
	&lt;/tr&gt;
	&lt;tr&gt;
		&lt;td&gt;check&lt;/td&gt;
		&lt;td&gt;echo&lt;/td&gt;
		&lt;td&gt;4.95&lt;/td&gt;
		&lt;td colspan="2"&gt;&lt;span class="pass"&gt;4.95~=5.0&lt;/span&gt;&lt;/td&gt;
	&lt;/tr&gt;
&lt;/table&gt;&lt;/td&gt;&lt;/tr&gt;
	&lt;tr class="scenario closed"&gt;
		&lt;td class="pass"&gt;comparator&lt;/td&gt;
		&lt;td class="pass"&gt;~=5.0&lt;/td&gt;
		&lt;td class="pass"&gt;accepts&lt;/td&gt;
		&lt;td class="pass"&gt;5.05&lt;/td&gt;
	&lt;/tr&gt;&lt;tr class="scenario-detail closed-detail"&gt;&lt;td colspan="4"&gt;&lt;table&gt;
	&lt;tr&gt;
		&lt;td&gt;scenario&lt;/td&gt;
		&lt;td&gt;comparator&lt;/td&gt;
		&lt;td&gt;a&lt;/td&gt;
		&lt;td&gt;accepts&lt;/td&gt;
		&lt;td&gt;b&lt;/td&gt;
	&lt;/tr&gt;
	&lt;tr&gt;
		&lt;td&gt;check&lt;/td&gt;
		&lt;td&gt;echo&lt;/td&gt;
		&lt;td&gt;5.05&lt;/td&gt;
		&lt;td colspan="2"&gt;&lt;span class="pass"&gt;5.05~=5.0&lt;/span&gt;&lt;/td&gt;
	&lt;/tr&gt;
&lt;/table&gt;&lt;/td&gt;&lt;/tr&gt;
	&lt;tr class="scenario closed"&gt;
		&lt;td class="pass"&gt;comparator&lt;/td&gt;
		&lt;td class="pass"&gt;~=5.0&lt;/td&gt;
		&lt;td class="pass"&gt;rejects&lt;/td&gt;
		&lt;td class="pass"&gt;4.94&lt;/td&gt;
	&lt;/tr&gt;&lt;tr class="scenario-detail closed-detail"&gt;&lt;td colspan="4"&gt;&lt;table&gt;
	&lt;tr&gt;
		&lt;td&gt;scenario&lt;/td&gt;
		&lt;td&gt;comparator&lt;/td&gt;
		&lt;td&gt;a&lt;/td&gt;
		&lt;td&gt;rejects&lt;/td&gt;
		&lt;td&gt;b&lt;/td&gt;
	&lt;/tr&gt;
	&lt;tr&gt;
		&lt;td&gt;check not&lt;/td&gt;
		&lt;td&gt;echo&lt;/td&gt;
		&lt;td&gt;4.94&lt;/td&gt;
		&lt;td colspan="2"&gt;&lt;span class="pass"&gt;4.94~=5.0&lt;/span&gt;&lt;/td&gt;
	&lt;/tr&gt;
&lt;/table&gt;&lt;/td&gt;&lt;/tr&gt;
	&lt;tr class="scenario closed"&gt;
		&lt;td class="pass"&gt;comparator&lt;/td&gt;
		&lt;td class="pass"&gt;~=5.0&lt;/td&gt;
		&lt;td class="pass"&gt;rejects&lt;/td&gt;
		&lt;td class="pass"&gt;5.06&lt;/td&gt;
	&lt;/tr&gt;&lt;tr class="scenario-detail closed-detail"&gt;&lt;td colspan="4"&gt;&lt;table&gt;
	&lt;tr&gt;
		&lt;td&gt;scenario&lt;/td&gt;
		&lt;td&gt;comparator&lt;/td&gt;
		&lt;td&gt;a&lt;/td&gt;
		&lt;td&gt;rejects&lt;/td&gt;
		&lt;td&gt;b&lt;/td&gt;
	&lt;/tr&gt;
	&lt;tr&gt;
		&lt;td&gt;check not&lt;/td&gt;
		&lt;td&gt;echo&lt;/td&gt;
		&lt;td&gt;5.06&lt;/td&gt;
		&lt;td colspan="2"&gt;&lt;span class="pass"&gt;5.06~=5.0&lt;/span&gt;&lt;/td&gt;
	&lt;/tr&gt;
&lt;/table&gt;&lt;/td&gt;&lt;/tr&gt;
	&lt;tr&gt;
		&lt;td colspan="4"&gt;&lt;/td&gt;
	&lt;/tr&gt;
	&lt;tr class="scenario closed"&gt;
		&lt;td class="pass"&gt;comparator&lt;/td&gt;
		&lt;td class="pass"&gt;!~=5.0&lt;/td&gt;
		&lt;td class="pass"&gt;accepts&lt;/td&gt;
		&lt;td class="pass"&gt;4.94&lt;/td&gt;
	&lt;/tr&gt;&lt;tr class="scenario-detail closed-detail"&gt;&lt;td colspan="4"&gt;&lt;table&gt;
	&lt;tr&gt;
		&lt;td&gt;scenario&lt;/td&gt;
		&lt;td&gt;comparator&lt;/td&gt;
		&lt;td&gt;a&lt;/td&gt;
		&lt;td&gt;accepts&lt;/td&gt;
		&lt;td&gt;b&lt;/td&gt;
	&lt;/tr&gt;
	&lt;tr&gt;
		&lt;td&gt;check&lt;/td&gt;
		&lt;td&gt;echo&lt;/td&gt;
		&lt;td&gt;4.94&lt;/td&gt;
		&lt;td colspan="2"&gt;&lt;span class="pass"&gt;4.94!~=5.0&lt;/span&gt;&lt;/td&gt;
	&lt;/tr&gt;
&lt;/table&gt;&lt;/td&gt;&lt;/tr&gt;
	&lt;tr class="scenario closed"&gt;
		&lt;td class="pass"&gt;comparator&lt;/td&gt;
		&lt;td class="pass"&gt;!~=5.0&lt;/td&gt;
		&lt;td class="pass"&gt;accepts&lt;/td&gt;
		&lt;td class="pass"&gt;5.06&lt;/td&gt;
	&lt;/tr&gt;&lt;tr class="scenario-detail closed-detail"&gt;&lt;td colspan="4"&gt;&lt;table&gt;
	&lt;tr&gt;
		&lt;td&gt;scenario&lt;/td&gt;
		&lt;td&gt;comparator&lt;/td&gt;
		&lt;td&gt;a&lt;/td&gt;
		&lt;td&gt;accepts&lt;/td&gt;
		&lt;td&gt;b&lt;/td&gt;
	&lt;/tr&gt;
	&lt;tr&gt;
		&lt;td&gt;check&lt;/td&gt;
		&lt;td&gt;echo&lt;/td&gt;
		&lt;td&gt;5.06&lt;/td&gt;
		&lt;td colspan="2"&gt;&lt;span class="pass"&gt;5.06!~=5.0&lt;/span&gt;&lt;/td&gt;
	&lt;/tr&gt;
&lt;/table&gt;&lt;/td&gt;&lt;/tr&gt;
	&lt;tr class="scenario closed"&gt;
		&lt;td class="pass"&gt;comparator&lt;/td&gt;
		&lt;td class="pass"&gt;!~=5.0&lt;/td&gt;
		&lt;td class="pass"&gt;rejects&lt;/td&gt;
		&lt;td class="pass"&gt;4.95&lt;/td&gt;
	&lt;/tr&gt;&lt;tr class="scenario-detail closed-detail"&gt;&lt;td colspan="4"&gt;&lt;table&gt;
	&lt;tr&gt;
		&lt;td&gt;scenario&lt;/td&gt;
		&lt;td&gt;comparator&lt;/td&gt;
		&lt;td&gt;a&lt;/td&gt;
		&lt;td&gt;rejects&lt;/td&gt;
		&lt;td&gt;b&lt;/td&gt;
	&lt;/tr&gt;
	&lt;tr&gt;
		&lt;td&gt;check not&lt;/td&gt;
		&lt;td&gt;echo&lt;/td&gt;
		&lt;td&gt;4.95&lt;/td&gt;
		&lt;td colspan="2"&gt;&lt;span class="pass"&gt;4.95!~=5.0&lt;/span&gt;&lt;/td&gt;
	&lt;/tr&gt;
&lt;/table&gt;&lt;/td&gt;&lt;/tr&gt;
	&lt;tr class="scenario closed"&gt;
		&lt;td class="pass"&gt;comparator&lt;/td&gt;
		&lt;td class="pass"&gt;!~=5.0&lt;/td&gt;
		&lt;td class="pass"&gt;rejects&lt;/td&gt;
		&lt;td class="pass"&gt;5.05&lt;/td&gt;
	&lt;/tr&gt;&lt;tr class="scenario-detail closed-detail"&gt;&lt;td colspan="4"&gt;&lt;table&gt;
	&lt;tr&gt;
		&lt;td&gt;scenario&lt;/td&gt;
		&lt;td&gt;comparator&lt;/td&gt;
		&lt;td&gt;a&lt;/td&gt;
		&lt;td&gt;rejects&lt;/td&gt;
		&lt;td&gt;b&lt;/td&gt;
	&lt;/tr&gt;
	&lt;tr&gt;
		&lt;td&gt;check not&lt;/td&gt;
		&lt;td&gt;echo&lt;/td&gt;
		&lt;td&gt;5.05&lt;/td&gt;
		&lt;td colspan="2"&gt;&lt;span class="pass"&gt;5.05!~=5.0&lt;/span&gt;&lt;/td&gt;
	&lt;/tr&gt;
&lt;/table&gt;&lt;/td&gt;&lt;/tr&gt;
	&lt;tr&gt;
		&lt;td colspan="4"&gt;&lt;/td&gt;
	&lt;/tr&gt;
	&lt;tr class="scenario closed"&gt;
		&lt;td class="pass"&gt;comparator&lt;/td&gt;
		&lt;td class="pass"&gt;3&lt;=_&lt;=5&lt;/td&gt;
		&lt;td class="pass"&gt;accepts&lt;/td&gt;
		&lt;td class="pass"&gt;5&lt;/td&gt;
	&lt;/tr&gt;&lt;tr class="scenario-detail closed-detail"&gt;&lt;td colspan="4"&gt;&lt;table&gt;
	&lt;tr&gt;
		&lt;td&gt;scenario&lt;/td&gt;
		&lt;td&gt;comparator&lt;/td&gt;
		&lt;td&gt;a&lt;/td&gt;
		&lt;td&gt;accepts&lt;/td&gt;
		&lt;td&gt;b&lt;/td&gt;
	&lt;/tr&gt;
	&lt;tr&gt;
		&lt;td&gt;check&lt;/td&gt;
		&lt;td&gt;echo&lt;/td&gt;
		&lt;td&gt;5&lt;/td&gt;
		&lt;td colspan="2"&gt;&lt;span class="pass"&gt;3&amp;lt;=5&amp;lt;=5&lt;/span&gt;&lt;/td&gt;
	&lt;/tr&gt;
&lt;/table&gt;&lt;/td&gt;&lt;/tr&gt;
	&lt;tr class="scenario closed"&gt;
		&lt;td class="pass"&gt;comparator&lt;/td&gt;
		&lt;td class="pass"&gt;3&lt;=_&lt;=5&lt;/td&gt;
		&lt;td class="pass"&gt;accepts&lt;/td&gt;
		&lt;td class="pass"&gt;3&lt;/td&gt;
	&lt;/tr&gt;&lt;tr class="scenario-detail closed-detail"&gt;&lt;td colspan="4"&gt;&lt;table&gt;
	&lt;tr&gt;
		&lt;td&gt;scenario&lt;/td&gt;
		&lt;td&gt;comparator&lt;/td&gt;
		&lt;td&gt;a&lt;/td&gt;
		&lt;td&gt;accepts&lt;/td&gt;
		&lt;td&gt;b&lt;/td&gt;
	&lt;/tr&gt;
	&lt;tr&gt;
		&lt;td&gt;check&lt;/td&gt;
		&lt;td&gt;echo&lt;/td&gt;
		&lt;td&gt;3&lt;/td&gt;
		&lt;td colspan="2"&gt;&lt;span class="pass"&gt;3&amp;lt;=3&amp;lt;=5&lt;/span&gt;&lt;/td&gt;
	&lt;/tr&gt;
&lt;/table&gt;&lt;/td&gt;&lt;/tr&gt;
	&lt;tr class="scenario closed"&gt;
		&lt;td class="pass"&gt;comparator&lt;/td&gt;
		&lt;td class="pass"&gt;3&lt;=_&lt;=5&lt;/td&gt;
		&lt;td class="pass"&gt;accepts&lt;/td&gt;
		&lt;td class="pass"&gt;4&lt;/td&gt;
	&lt;/tr&gt;&lt;tr class="scenario-detail closed-detail"&gt;&lt;td colspan="4"&gt;&lt;table&gt;
	&lt;tr&gt;
		&lt;td&gt;scenario&lt;/td&gt;
		&lt;td&gt;comparator&lt;/td&gt;
		&lt;td&gt;a&lt;/td&gt;
		&lt;td&gt;accepts&lt;/td&gt;
		&lt;td&gt;b&lt;/td&gt;
	&lt;/tr&gt;
	&lt;tr&gt;
		&lt;td&gt;check&lt;/td&gt;
		&lt;td&gt;echo&lt;/td&gt;
		&lt;td&gt;4&lt;/td&gt;
		&lt;td colspan="2"&gt;&lt;span class="pass"&gt;3&amp;lt;=4&amp;lt;=5&lt;/span&gt;&lt;/td&gt;
	&lt;/tr&gt;
&lt;/table&gt;&lt;/td&gt;&lt;/tr&gt;
	&lt;tr class="scenario closed"&gt;
		&lt;td class="pass"&gt;comparator&lt;/td&gt;
		&lt;td class="pass"&gt;3&lt;_&lt;5&lt;/td&gt;
		&lt;td class="pass"&gt;accepts&lt;/td&gt;
		&lt;td class="pass"&gt;4&lt;/td&gt;
	&lt;/tr&gt;&lt;tr class="scenario-detail closed-detail"&gt;&lt;td colspan="4"&gt;&lt;table&gt;
	&lt;tr&gt;
		&lt;td&gt;scenario&lt;/td&gt;
		&lt;td&gt;comparator&lt;/td&gt;
		&lt;td&gt;a&lt;/td&gt;
		&lt;td&gt;accepts&lt;/td&gt;
		&lt;td&gt;b&lt;/td&gt;
	&lt;/tr&gt;
	&lt;tr&gt;
		&lt;td&gt;check&lt;/td&gt;
		&lt;td&gt;echo&lt;/td&gt;
		&lt;td&gt;4&lt;/td&gt;
		&lt;td colspan="2"&gt;&lt;span class="pass"&gt;3&amp;lt;4&amp;lt;5&lt;/span&gt;&lt;/td&gt;
	&lt;/tr&gt;
&lt;/table&gt;&lt;/td&gt;&lt;/tr&gt;
&lt;/table&gt;
&lt;br/&gt;</content>
    <relativePageName>TestComparators</relativePageName>
    
    
    
    <instructions>
            <instructionResult>
        <instruction>{id='scriptTable_2_0', instruction='make', instanceName='scriptTableActor', className='zcl_echo_fixture', args=[]}</instruction>
        <slimResult>pass(zcl_echo_fixture)</slimResult>
                <expectation>
                    <status>pass</status>
                    <instructionId>scriptTable_2_0</instructionId>
                    <col>1</col>
                              <row>0</row>
                    <type>ConstructionExpectation</type>
                                        <evaluationMessage>zcl_echo_fixture</evaluationMessage>
                  </expectation>
        
      </instructionResult>
            <instructionResult>
        <instruction>{id='scriptTable_3_0/scriptTable_0_0', instruction='call', instanceName='scriptTableActor', methodName='echo', args=[5]}</instruction>
        <slimResult>pass(5=5)</slimResult>
                <expectation>
                    <status>pass</status>
                    <instructionId>scriptTable_3_0/scriptTable_0_0</instructionId>
                    <col>3</col>
                              <row>1</row>
                    <type>ReturnedValueExpectation</type>
                                        <evaluationMessage>5=5</evaluationMessage>
                  </expectation>
        
      </instructionResult>
            <instructionResult>
        <instruction>{id='scriptTable_3_1/scriptTable_1_0', instruction='call', instanceName='scriptTableActor', methodName='echo', args=[6]}</instruction>
        <slimResult>pass(6=5)</slimResult>
                <expectation>
                    <status>pass</status>
                    <instructionId>scriptTable_3_1/scriptTable_1_0</instructionId>
                    <col>3</col>
                              <row>1</row>
                    <type>RejectedValueExpectation</type>
                                        <evaluationMessage>6=5</evaluationMessage>
                  </expectation>
        
      </instructionResult>
            <instructionResult>
        <instruction>{id='scriptTable_3_2/scriptTable_0_0', instruction='call', instanceName='scriptTableActor', methodName='echo', args=[6]}</instruction>
        <slimResult>pass(6!=5)</slimResult>
                <expectation>
                    <status>pass</status>
                    <instructionId>scriptTable_3_2/scriptTable_0_0</instructionId>
                    <col>3</col>
                              <row>1</row>
                    <type>ReturnedValueExpectation</type>
                                        <evaluationMessage>6!=5</evaluationMessage>
                  </expectation>
        
      </instructionResult>
            <instructionResult>
        <instruction>{id='scriptTable_3_3/scriptTable_1_0', instruction='call', instanceName='scriptTableActor', methodName='echo', args=[5]}</instruction>
        <slimResult>pass(5!=5)</slimResult>
                <expectation>
                    <status>pass</status>
                    <instructionId>scriptTable_3_3/scriptTable_1_0</instructionId>
                    <col>3</col>
                              <row>1</row>
                    <type>RejectedValueExpectation</type>
                                        <evaluationMessage>5!=5</evaluationMessage>
                  </expectation>
        
      </instructionResult>
            <instructionResult>
        <instruction>{id='scriptTable_3_4/scriptTable_0_0', instruction='call', instanceName='scriptTableActor', methodName='echo', args=[5]}</instruction>
        <slimResult>pass(5&gt;=5)</slimResult>
                <expectation>
                    <status>pass</status>
                    <instructionId>scriptTable_3_4/scriptTable_0_0</instructionId>
                    <col>3</col>
                              <row>1</row>
                    <type>ReturnedValueExpectation</type>
                                        <evaluationMessage>5&gt;=5</evaluationMessage>
                  </expectation>
        
      </instructionResult>
            <instructionResult>
        <instruction>{id='scriptTable_3_5/scriptTable_1_0', instruction='call', instanceName='scriptTableActor', methodName='echo', args=[4]}</instruction>
        <slimResult>pass(4&gt;=5)</slimResult>
                <expectation>
                    <status>pass</status>
                    <instructionId>scriptTable_3_5/scriptTable_1_0</instructionId>
                    <col>3</col>
                              <row>1</row>
                    <type>RejectedValueExpectation</type>
                                        <evaluationMessage>4&gt;=5</evaluationMessage>
                  </expectation>
        
      </instructionResult>
            <instructionResult>
        <instruction>{id='scriptTable_3_6/scriptTable_0_0', instruction='call', instanceName='scriptTableActor', methodName='echo', args=[6]}</instruction>
        <slimResult>pass(6&gt;5)</slimResult>
                <expectation>
                    <status>pass</status>
                    <instructionId>scriptTable_3_6/scriptTable_0_0</instructionId>
                    <col>3</col>
                              <row>1</row>
                    <type>ReturnedValueExpectation</type>
                                        <evaluationMessage>6&gt;5</evaluationMessage>
                  </expectation>
        
      </instructionResult>
            <instructionResult>
        <instruction>{id='scriptTable_3_7/scriptTable_1_0', instruction='call', instanceName='scriptTableActor', methodName='echo', args=[5]}</instruction>
        <slimResult>pass(5&gt;5)</slimResult>
                <expectation>
                    <status>pass</status>
                    <instructionId>scriptTable_3_7/scriptTable_1_0</instructionId>
                    <col>3</col>
                              <row>1</row>
                    <type>RejectedValueExpectation</type>
                                        <evaluationMessage>5&gt;5</evaluationMessage>
                  </expectation>
        
      </instructionResult>
            <instructionResult>
        <instruction>{id='scriptTable_3_8/scriptTable_1_0', instruction='call', instanceName='scriptTableActor', methodName='echo', args=[4]}</instruction>
        <slimResult>pass(4&gt;5)</slimResult>
                <expectation>
                    <status>pass</status>
                    <instructionId>scriptTable_3_8/scriptTable_1_0</instructionId>
                    <col>3</col>
                              <row>1</row>
                    <type>RejectedValueExpectation</type>
                                        <evaluationMessage>4&gt;5</evaluationMessage>
                  </expectation>
        
      </instructionResult>
            <instructionResult>
        <instruction>{id='scriptTable_3_9/scriptTable_0_0', instruction='call', instanceName='scriptTableActor', methodName='echo', args=[5]}</instruction>
        <slimResult>pass(5&lt;=5)</slimResult>
                <expectation>
                    <status>pass</status>
                    <instructionId>scriptTable_3_9/scriptTable_0_0</instructionId>
                    <col>3</col>
                              <row>1</row>
                    <type>ReturnedValueExpectation</type>
                                        <evaluationMessage>5&lt;=5</evaluationMessage>
                  </expectation>
        
      </instructionResult>
            <instructionResult>
        <instruction>{id='scriptTable_3_10/scriptTable_1_0', instruction='call', instanceName='scriptTableActor', methodName='echo', args=[6]}</instruction>
        <slimResult>pass(6&lt;=5)</slimResult>
                <expectation>
                    <status>pass</status>
                    <instructionId>scriptTable_3_10/scriptTable_1_0</instructionId>
                    <col>3</col>
                              <row>1</row>
                    <type>RejectedValueExpectation</type>
                                        <evaluationMessage>6&lt;=5</evaluationMessage>
                  </expectation>
        
      </instructionResult>
            <instructionResult>
        <instruction>{id='scriptTable_3_11/scriptTable_0_0', instruction='call', instanceName='scriptTableActor', methodName='echo', args=[4]}</instruction>
        <slimResult>pass(4&lt;5)</slimResult>
                <expectation>
                    <status>pass</status>
                    <instructionId>scriptTable_3_11/scriptTable_0_0</instructionId>
                    <col>3</col>
                              <row>1</row>
                    <type>ReturnedValueExpectation</type>
                                        <evaluationMessage>4&lt;5</evaluationMessage>
                  </expectation>
        
      </instructionResult>
            <instructionResult>
        <instruction>{id='scriptTable_3_12/scriptTable_1_0', instruction='call', instanceName='scriptTableActor', methodName='echo', args=[5]}</instruction>
        <slimResult>pass(5&lt;5)</slimResult>
                <expectation>
                    <status>pass</status>
                    <instructionId>scriptTable_3_12/scriptTable_1_0</instructionId>
                    <col>3</col>
                              <row>1</row>
                    <type>RejectedValueExpectation</type>
                                        <evaluationMessage>5&lt;5</evaluationMessage>
                  </expectation>
        
      </instructionResult>
            <instructionResult>
        <instruction>{id='scriptTable_3_13/scriptTable_1_0', instruction='call', instanceName='scriptTableActor', methodName='echo', args=[6]}</instruction>
        <slimResult>pass(6&lt;5)</slimResult>
                <expectation>
                    <status>pass</status>
                    <instructionId>scriptTable_3_13/scriptTable_1_0</instructionId>
                    <col>3</col>
                              <row>1</row>
                    <type>RejectedValueExpectation</type>
                                        <evaluationMessage>6&lt;5</evaluationMessage>
                  </expectation>
        
      </instructionResult>
            <instructionResult>
        <instruction>{id='scriptTable_3_14/scriptTable_0_0', instruction='call', instanceName='scriptTableActor', methodName='echo', args=[4.95]}</instruction>
        <slimResult>pass(4.95~=5.0)</slimResult>
                <expectation>
                    <status>pass</status>
                    <instructionId>scriptTable_3_14/scriptTable_0_0</instructionId>
                    <col>3</col>
                              <row>1</row>
                    <type>ReturnedValueExpectation</type>
                                        <evaluationMessage>4.95~=5.0</evaluationMessage>
                  </expectation>
        
      </instructionResult>
            <instructionResult>
        <instruction>{id='scriptTable_3_15/scriptTable_0_0', instruction='call', instanceName='scriptTableActor', methodName='echo', args=[5.05]}</instruction>
        <slimResult>pass(5.05~=5.0)</slimResult>
                <expectation>
                    <status>pass</status>
                    <instructionId>scriptTable_3_15/scriptTable_0_0</instructionId>
                    <col>3</col>
                              <row>1</row>
                    <type>ReturnedValueExpectation</type>
                                        <evaluationMessage>5.05~=5.0</evaluationMessage>
                  </expectation>
        
      </instructionResult>
            <instructionResult>
        <instruction>{id='scriptTable_3_16/scriptTable_1_0', instruction='call', instanceName='scriptTableActor', methodName='echo', args=[4.94]}</instruction>
        <slimResult>pass(4.94~=5.0)</slimResult>
                <expectation>
                    <status>pass</status>
                    <instructionId>scriptTable_3_16/scriptTable_1_0</instructionId>
                    <col>3</col>
                              <row>1</row>
                    <type>RejectedValueExpectation</type>
                                        <evaluationMessage>4.94~=5.0</evaluationMessage>
                  </expectation>
        
      </instructionResult>
            <instructionResult>
        <instruction>{id='scriptTable_3_17/scriptTable_1_0', instruction='call', instanceName='scriptTableActor', methodName='echo', args=[5.06]}</instruction>
        <slimResult>pass(5.06~=5.0)</slimResult>
                <expectation>
                    <status>pass</status>
                    <instructionId>scriptTable_3_17/scriptTable_1_0</instructionId>
                    <col>3</col>
                              <row>1</row>
                    <type>RejectedValueExpectation</type>
                                        <evaluationMessage>5.06~=5.0</evaluationMessage>
                  </expectation>
        
      </instructionResult>
            <instructionResult>
        <instruction>{id='scriptTable_3_18/scriptTable_0_0', instruction='call', instanceName='scriptTableActor', methodName='echo', args=[4.94]}</instruction>
        <slimResult>pass(4.94!~=5.0)</slimResult>
                <expectation>
                    <status>pass</status>
                    <instructionId>scriptTable_3_18/scriptTable_0_0</instructionId>
                    <col>3</col>
                              <row>1</row>
                    <type>ReturnedValueExpectation</type>
                                        <evaluationMessage>4.94!~=5.0</evaluationMessage>
                  </expectation>
        
      </instructionResult>
            <instructionResult>
        <instruction>{id='scriptTable_3_19/scriptTable_0_0', instruction='call', instanceName='scriptTableActor', methodName='echo', args=[5.06]}</instruction>
        <slimResult>pass(5.06!~=5.0)</slimResult>
                <expectation>
                    <status>pass</status>
                    <instructionId>scriptTable_3_19/scriptTable_0_0</instructionId>
                    <col>3</col>
                              <row>1</row>
                    <type>ReturnedValueExpectation</type>
                                        <evaluationMessage>5.06!~=5.0</evaluationMessage>
                  </expectation>
        
      </instructionResult>
            <instructionResult>
        <instruction>{id='scriptTable_3_20/scriptTable_1_0', instruction='call', instanceName='scriptTableActor', methodName='echo', args=[4.95]}</instruction>
        <slimResult>pass(4.95!~=5.0)</slimResult>
                <expectation>
                    <status>pass</status>
                    <instructionId>scriptTable_3_20/scriptTable_1_0</instructionId>
                    <col>3</col>
                              <row>1</row>
                    <type>RejectedValueExpectation</type>
                                        <evaluationMessage>4.95!~=5.0</evaluationMessage>
                  </expectation>
        
      </instructionResult>
            <instructionResult>
        <instruction>{id='scriptTable_3_21/scriptTable_1_0', instruction='call', instanceName='scriptTableActor', methodName='echo', args=[5.05]}</instruction>
        <slimResult>pass(5.05!~=5.0)</slimResult>
                <expectation>
                    <status>pass</status>
                    <instructionId>scriptTable_3_21/scriptTable_1_0</instructionId>
                    <col>3</col>
                              <row>1</row>
                    <type>RejectedValueExpectation</type>
                                        <evaluationMessage>5.05!~=5.0</evaluationMessage>
                  </expectation>
        
      </instructionResult>
            <instructionResult>
        <instruction>{id='scriptTable_3_22/scriptTable_0_0', instruction='call', instanceName='scriptTableActor', methodName='echo', args=[5]}</instruction>
        <slimResult>pass(3&lt;=5&lt;=5)</slimResult>
                <expectation>
                    <status>pass</status>
                    <instructionId>scriptTable_3_22/scriptTable_0_0</instructionId>
                    <col>3</col>
                              <row>1</row>
                    <type>ReturnedValueExpectation</type>
                                        <evaluationMessage>3&lt;=5&lt;=5</evaluationMessage>
                  </expectation>
        
      </instructionResult>
            <instructionResult>
        <instruction>{id='scriptTable_3_23/scriptTable_0_0', instruction='call', instanceName='scriptTableActor', methodName='echo', args=[3]}</instruction>
        <slimResult>pass(3&lt;=3&lt;=5)</slimResult>
                <expectation>
                    <status>pass</status>
                    <instructionId>scriptTable_3_23/scriptTable_0_0</instructionId>
                    <col>3</col>
                              <row>1</row>
                    <type>ReturnedValueExpectation</type>
                                        <evaluationMessage>3&lt;=3&lt;=5</evaluationMessage>
                  </expectation>
        
      </instructionResult>
            <instructionResult>
        <instruction>{id='scriptTable_3_24/scriptTable_0_0', instruction='call', instanceName='scriptTableActor', methodName='echo', args=[4]}</instruction>
        <slimResult>pass(3&lt;=4&lt;=5)</slimResult>
                <expectation>
                    <status>pass</status>
                    <instructionId>scriptTable_3_24/scriptTable_0_0</instructionId>
                    <col>3</col>
                              <row>1</row>
                    <type>ReturnedValueExpectation</type>
                                        <evaluationMessage>3&lt;=4&lt;=5</evaluationMessage>
                  </expectation>
        
      </instructionResult>
            <instructionResult>
        <instruction>{id='scriptTable_3_25/scriptTable_0_0', instruction='call', instanceName='scriptTableActor', methodName='echo', args=[4]}</instruction>
        <slimResult>pass(3&lt;4&lt;5)</slimResult>
                <expectation>
                    <status>pass</status>
                    <instructionId>scriptTable_3_25/scriptTable_0_0</instructionId>
                    <col>3</col>
                              <row>1</row>
                    <type>ReturnedValueExpectation</type>
                                        <evaluationMessage>3&lt;4&lt;5</evaluationMessage>
                  </expectation>
        
      </instructionResult>
      
    </instructions>
    
  </result>
  
    <finalCounts>
    <right>1</right>
    <wrong>0</wrong>
    <ignores>0</ignores>
    <exceptions>0</exceptions>
  </finalCounts>
  <totalRunTimeInMillis>108</totalRunTimeInMillis>
  
</testResults>

