<?xml version="1.0"?>
<testResults>
  <FitNesseVersion>v20140418</FitNesseVersion>
  <rootPath>FitNesse.SuiteAcceptanceTests.SuiteSlimTests.SlimSymbolShouldShowRawContents</rootPath>
    <result>
    <counts>
      <right>4</right>
      <wrong>0</wrong>
      <ignores>0</ignores>
      <exceptions>0</exceptions>
    </counts>
    <runTimeInMillis>768</runTimeInMillis>
    <content>&lt;div class="collapsible closed"&gt;&lt;ul&gt;&lt;li&gt;&lt;a href='#' class='expandall'&gt;Expand All&lt;/a&gt;&lt;/li&gt;&lt;li&gt;&lt;a href='#' class='collapseall'&gt;Collapse All&lt;/a&gt;&lt;/li&gt;&lt;/ul&gt;
	&lt;p class="title"&gt;Included page: &lt;a href="FitNesse.SuiteAcceptanceTests.ScenarioLibrary"&gt;.FitNesse.SuiteAcceptanceTests.ScenarioLibrary&lt;/a&gt; &lt;a href="FitNesse.SuiteAcceptanceTests.ScenarioLibrary?edit&amp;amp;redirectToReferer=true&amp;amp;redirectAction=" class="edit"&gt;(edit)&lt;/a&gt;&lt;/p&gt;
	&lt;div&gt;&lt;table&gt;
	&lt;tr&gt;
		&lt;td&gt;scenario&lt;/td&gt;
		&lt;td&gt;given page&lt;/td&gt;
		&lt;td&gt;page&lt;/td&gt;
		&lt;td&gt;with content&lt;/td&gt;
		&lt;td&gt;content&lt;/td&gt;
	&lt;/tr&gt;
	&lt;tr&gt;
		&lt;td&gt;create page&lt;/td&gt;
		&lt;td&gt;@page&lt;/td&gt;
		&lt;td&gt;with content&lt;/td&gt;
		&lt;td colspan="2"&gt;@content&lt;/td&gt;
	&lt;/tr&gt;
	&lt;tr&gt;
		&lt;td&gt;$IT=&lt;/td&gt;
		&lt;td&gt;echo&lt;/td&gt;
		&lt;td colspan="3"&gt;@page&lt;/td&gt;
	&lt;/tr&gt;
&lt;/table&gt;
&lt;br/&gt;&lt;table&gt;
	&lt;tr&gt;
		&lt;td&gt;scenario&lt;/td&gt;
		&lt;td&gt;given page&lt;/td&gt;
		&lt;td colspan="2"&gt;page&lt;/td&gt;
	&lt;/tr&gt;
	&lt;tr&gt;
		&lt;td&gt;given page&lt;/td&gt;
		&lt;td&gt;@page&lt;/td&gt;
		&lt;td&gt;with content&lt;/td&gt;
		&lt;td&gt;nothing&lt;/td&gt;
	&lt;/tr&gt;
&lt;/table&gt;
&lt;br/&gt;&lt;table&gt;
	&lt;tr&gt;
		&lt;td&gt;scenario&lt;/td&gt;
		&lt;td&gt;given test page&lt;/td&gt;
		&lt;td&gt;page&lt;/td&gt;
	&lt;/tr&gt;
	&lt;tr&gt;
		&lt;td&gt;given page&lt;/td&gt;
		&lt;td colspan="2"&gt;@page&lt;/td&gt;
	&lt;/tr&gt;
	&lt;tr&gt;
		&lt;td&gt;make&lt;/td&gt;
		&lt;td&gt;@page&lt;/td&gt;
		&lt;td&gt;a test page&lt;/td&gt;
	&lt;/tr&gt;
&lt;/table&gt;
&lt;br/&gt;&lt;table&gt;
	&lt;tr&gt;
		&lt;td&gt;scenario&lt;/td&gt;
		&lt;td&gt;given slim test page&lt;/td&gt;
		&lt;td colspan="2"&gt;page&lt;/td&gt;
	&lt;/tr&gt;
	&lt;tr&gt;
		&lt;td&gt;given page&lt;/td&gt;
		&lt;td&gt;@page&lt;/td&gt;
		&lt;td&gt;with content&lt;/td&gt;
		&lt;td&gt;!define TEST_SYSTEM {slim}&lt;/td&gt;
	&lt;/tr&gt;
	&lt;tr&gt;
		&lt;td&gt;make&lt;/td&gt;
		&lt;td&gt;@page&lt;/td&gt;
		&lt;td colspan="2"&gt;a test page&lt;/td&gt;
	&lt;/tr&gt;
&lt;/table&gt;
&lt;br/&gt;&lt;table&gt;
	&lt;tr&gt;
		&lt;td&gt;scenario&lt;/td&gt;
		&lt;td&gt;page&lt;/td&gt;
		&lt;td&gt;source&lt;/td&gt;
		&lt;td&gt;should have link to&lt;/td&gt;
		&lt;td&gt;target&lt;/td&gt;
	&lt;/tr&gt;
	&lt;tr&gt;
		&lt;td&gt;check&lt;/td&gt;
		&lt;td&gt;request page&lt;/td&gt;
		&lt;td&gt;@source&lt;/td&gt;
		&lt;td colspan="2"&gt;200&lt;/td&gt;
	&lt;/tr&gt;
	&lt;tr&gt;
		&lt;td&gt;ensure&lt;/td&gt;
		&lt;td&gt;content contains&lt;/td&gt;
		&lt;td colspan="3"&gt;&amp;lt;a href="@target"&lt;/td&gt;
	&lt;/tr&gt;
	&lt;tr&gt;
		&lt;td&gt;$IT=&lt;/td&gt;
		&lt;td&gt;echo&lt;/td&gt;
		&lt;td colspan="3"&gt;@source&lt;/td&gt;
	&lt;/tr&gt;
&lt;/table&gt;
&lt;br/&gt;&lt;table&gt;
	&lt;tr&gt;
		&lt;td&gt;scenario&lt;/td&gt;
		&lt;td&gt;it should have link to&lt;/td&gt;
		&lt;td colspan="2"&gt;target&lt;/td&gt;
	&lt;/tr&gt;
	&lt;tr&gt;
		&lt;td&gt;page&lt;/td&gt;
		&lt;td&gt;$IT&lt;/td&gt;
		&lt;td&gt;should have link to&lt;/td&gt;
		&lt;td&gt;@target&lt;/td&gt;
	&lt;/tr&gt;
&lt;/table&gt;
&lt;br/&gt;&lt;table&gt;
	&lt;tr&gt;
		&lt;td&gt;scenario&lt;/td&gt;
		&lt;td&gt;and it should have link to&lt;/td&gt;
		&lt;td colspan="2"&gt;target&lt;/td&gt;
	&lt;/tr&gt;
	&lt;tr&gt;
		&lt;td&gt;page&lt;/td&gt;
		&lt;td&gt;$IT&lt;/td&gt;
		&lt;td&gt;should have link to&lt;/td&gt;
		&lt;td&gt;@target&lt;/td&gt;
	&lt;/tr&gt;
&lt;/table&gt;
&lt;br/&gt;&lt;table&gt;
	&lt;tr&gt;
		&lt;td&gt;scenario&lt;/td&gt;
		&lt;td&gt;page&lt;/td&gt;
		&lt;td&gt;source&lt;/td&gt;
		&lt;td&gt;should have creating link to&lt;/td&gt;
		&lt;td&gt;target&lt;/td&gt;
	&lt;/tr&gt;
	&lt;tr&gt;
		&lt;td&gt;check&lt;/td&gt;
		&lt;td&gt;request page&lt;/td&gt;
		&lt;td&gt;@source&lt;/td&gt;
		&lt;td colspan="2"&gt;200&lt;/td&gt;
	&lt;/tr&gt;
	&lt;tr&gt;
		&lt;td&gt;ensure&lt;/td&gt;
		&lt;td&gt;content contains&lt;/td&gt;
		&lt;td colspan="3"&gt;@target&amp;lt;a title="create page" href="@target?edit&amp;amp;nonExistent=true"&amp;gt;[?]&amp;lt;/a&amp;gt;&lt;/td&gt;
	&lt;/tr&gt;
&lt;/table&gt;
&lt;br/&gt;&lt;table&gt;
	&lt;tr&gt;
		&lt;td&gt;scenario&lt;/td&gt;
		&lt;td&gt;it should have creating link to&lt;/td&gt;
		&lt;td colspan="2"&gt;target&lt;/td&gt;
	&lt;/tr&gt;
	&lt;tr&gt;
		&lt;td&gt;page&lt;/td&gt;
		&lt;td&gt;$IT&lt;/td&gt;
		&lt;td&gt;should have creating link to&lt;/td&gt;
		&lt;td&gt;@target&lt;/td&gt;
	&lt;/tr&gt;
&lt;/table&gt;
&lt;br/&gt;&lt;table&gt;
	&lt;tr&gt;
		&lt;td&gt;scenario&lt;/td&gt;
		&lt;td&gt;page&lt;/td&gt;
		&lt;td&gt;source&lt;/td&gt;
		&lt;td&gt;should contain&lt;/td&gt;
		&lt;td&gt;text&lt;/td&gt;
	&lt;/tr&gt;
	&lt;tr&gt;
		&lt;td&gt;check&lt;/td&gt;
		&lt;td&gt;request page&lt;/td&gt;
		&lt;td&gt;@source&lt;/td&gt;
		&lt;td colspan="2"&gt;200&lt;/td&gt;
	&lt;/tr&gt;
	&lt;tr&gt;
		&lt;td&gt;ensure&lt;/td&gt;
		&lt;td&gt;content contains&lt;/td&gt;
		&lt;td colspan="3"&gt;@text&lt;/td&gt;
	&lt;/tr&gt;
	&lt;tr&gt;
		&lt;td&gt;show&lt;/td&gt;
		&lt;td colspan="4"&gt;content&lt;/td&gt;
	&lt;/tr&gt;
&lt;/table&gt;
&lt;br/&gt;&lt;table&gt;
	&lt;tr&gt;
		&lt;td&gt;scenario&lt;/td&gt;
		&lt;td&gt;page&lt;/td&gt;
		&lt;td&gt;source&lt;/td&gt;
		&lt;td&gt;should not contain&lt;/td&gt;
		&lt;td&gt;text&lt;/td&gt;
	&lt;/tr&gt;
	&lt;tr&gt;
		&lt;td&gt;check&lt;/td&gt;
		&lt;td&gt;request page&lt;/td&gt;
		&lt;td&gt;@source&lt;/td&gt;
		&lt;td colspan="2"&gt;200&lt;/td&gt;
	&lt;/tr&gt;
	&lt;tr&gt;
		&lt;td&gt;reject&lt;/td&gt;
		&lt;td&gt;content contains&lt;/td&gt;
		&lt;td colspan="3"&gt;@text&lt;/td&gt;
	&lt;/tr&gt;
	&lt;tr&gt;
		&lt;td&gt;show&lt;/td&gt;
		&lt;td colspan="4"&gt;content&lt;/td&gt;
	&lt;/tr&gt;
&lt;/table&gt;
&lt;br/&gt;&lt;table&gt;
	&lt;tr&gt;
		&lt;td&gt;scenario&lt;/td&gt;
		&lt;td&gt;page&lt;/td&gt;
		&lt;td&gt;source&lt;/td&gt;
		&lt;td&gt;should match&lt;/td&gt;
		&lt;td&gt;text&lt;/td&gt;
	&lt;/tr&gt;
	&lt;tr&gt;
		&lt;td&gt;check&lt;/td&gt;
		&lt;td&gt;request page&lt;/td&gt;
		&lt;td&gt;@source&lt;/td&gt;
		&lt;td colspan="2"&gt;200&lt;/td&gt;
	&lt;/tr&gt;
	&lt;tr&gt;
		&lt;td&gt;ensure&lt;/td&gt;
		&lt;td&gt;content matches&lt;/td&gt;
		&lt;td colspan="3"&gt;@text&lt;/td&gt;
	&lt;/tr&gt;
	&lt;tr&gt;
		&lt;td&gt;show&lt;/td&gt;
		&lt;td colspan="4"&gt;content&lt;/td&gt;
	&lt;/tr&gt;
&lt;/table&gt;
&lt;br/&gt;&lt;table&gt;
	&lt;tr&gt;
		&lt;td&gt;scenario&lt;/td&gt;
		&lt;td&gt;it should contain&lt;/td&gt;
		&lt;td colspan="2"&gt;text&lt;/td&gt;
	&lt;/tr&gt;
	&lt;tr&gt;
		&lt;td&gt;page&lt;/td&gt;
		&lt;td&gt;$IT&lt;/td&gt;
		&lt;td&gt;should contain&lt;/td&gt;
		&lt;td&gt;@text&lt;/td&gt;
	&lt;/tr&gt;
&lt;/table&gt;
&lt;br/&gt;&lt;table&gt;
	&lt;tr&gt;
		&lt;td&gt;scenario&lt;/td&gt;
		&lt;td&gt;it should not contain&lt;/td&gt;
		&lt;td colspan="2"&gt;text&lt;/td&gt;
	&lt;/tr&gt;
	&lt;tr&gt;
		&lt;td&gt;page&lt;/td&gt;
		&lt;td&gt;$IT&lt;/td&gt;
		&lt;td&gt;should not contain&lt;/td&gt;
		&lt;td&gt;@text&lt;/td&gt;
	&lt;/tr&gt;
&lt;/table&gt;
&lt;br/&gt;&lt;table&gt;
	&lt;tr&gt;
		&lt;td&gt;scenario&lt;/td&gt;
		&lt;td&gt;it should contain&lt;/td&gt;
		&lt;td&gt;text&lt;/td&gt;
		&lt;td&gt;in line&lt;/td&gt;
		&lt;td&gt;symbol&lt;/td&gt;
	&lt;/tr&gt;
	&lt;tr&gt;
		&lt;td&gt;check&lt;/td&gt;
		&lt;td&gt;request page&lt;/td&gt;
		&lt;td&gt;$IT&lt;/td&gt;
		&lt;td colspan="2"&gt;200&lt;/td&gt;
	&lt;/tr&gt;
	&lt;tr&gt;
		&lt;td&gt;$@symbol=&lt;/td&gt;
		&lt;td&gt;line number containing&lt;/td&gt;
		&lt;td colspan="3"&gt;@text&lt;/td&gt;
	&lt;/tr&gt;
&lt;/table&gt;
&lt;br/&gt;&lt;table&gt;
	&lt;tr&gt;
		&lt;td&gt;scenario&lt;/td&gt;
		&lt;td&gt;it should match&lt;/td&gt;
		&lt;td colspan="2"&gt;text&lt;/td&gt;
	&lt;/tr&gt;
	&lt;tr&gt;
		&lt;td&gt;page&lt;/td&gt;
		&lt;td&gt;$IT&lt;/td&gt;
		&lt;td&gt;should match&lt;/td&gt;
		&lt;td&gt;@text&lt;/td&gt;
	&lt;/tr&gt;
&lt;/table&gt;
&lt;br/&gt;&lt;table&gt;
	&lt;tr&gt;
		&lt;td&gt;scenario&lt;/td&gt;
		&lt;td&gt;test results for page&lt;/td&gt;
		&lt;td&gt;source&lt;/td&gt;
		&lt;td&gt;should contain&lt;/td&gt;
		&lt;td&gt;text&lt;/td&gt;
	&lt;/tr&gt;
	&lt;tr&gt;
		&lt;td&gt;check&lt;/td&gt;
		&lt;td&gt;request page&lt;/td&gt;
		&lt;td&gt;@source?test&lt;/td&gt;
		&lt;td colspan="2"&gt;200&lt;/td&gt;
	&lt;/tr&gt;
	&lt;tr&gt;
		&lt;td&gt;ensure&lt;/td&gt;
		&lt;td&gt;content contains&lt;/td&gt;
		&lt;td colspan="3"&gt;@text&lt;/td&gt;
	&lt;/tr&gt;
	&lt;tr&gt;
		&lt;td&gt;show&lt;/td&gt;
		&lt;td colspan="4"&gt;content&lt;/td&gt;
	&lt;/tr&gt;
&lt;/table&gt;
&lt;br/&gt;&lt;table&gt;
	&lt;tr&gt;
		&lt;td&gt;scenario&lt;/td&gt;
		&lt;td&gt;its test results should contain&lt;/td&gt;
		&lt;td colspan="2"&gt;text&lt;/td&gt;
	&lt;/tr&gt;
	&lt;tr&gt;
		&lt;td&gt;test results for page&lt;/td&gt;
		&lt;td&gt;$IT&lt;/td&gt;
		&lt;td&gt;should contain&lt;/td&gt;
		&lt;td&gt;@text&lt;/td&gt;
	&lt;/tr&gt;
&lt;/table&gt;
&lt;br/&gt;&lt;table&gt;
	&lt;tr&gt;
		&lt;td&gt;scenario&lt;/td&gt;
		&lt;td&gt;test ressults for page&lt;/td&gt;
		&lt;td&gt;source&lt;/td&gt;
		&lt;td&gt;should not contain&lt;/td&gt;
		&lt;td&gt;text&lt;/td&gt;
	&lt;/tr&gt;
	&lt;tr&gt;
		&lt;td&gt;check&lt;/td&gt;
		&lt;td&gt;request page&lt;/td&gt;
		&lt;td&gt;@source?test&lt;/td&gt;
		&lt;td colspan="2"&gt;200&lt;/td&gt;
	&lt;/tr&gt;
	&lt;tr&gt;
		&lt;td&gt;reject&lt;/td&gt;
		&lt;td&gt;content contains&lt;/td&gt;
		&lt;td colspan="3"&gt;@text&lt;/td&gt;
	&lt;/tr&gt;
	&lt;tr&gt;
		&lt;td&gt;show&lt;/td&gt;
		&lt;td colspan="4"&gt;content&lt;/td&gt;
	&lt;/tr&gt;
&lt;/table&gt;
&lt;br/&gt;&lt;table&gt;
	&lt;tr&gt;
		&lt;td&gt;scenario&lt;/td&gt;
		&lt;td&gt;and should contain&lt;/td&gt;
		&lt;td&gt;text&lt;/td&gt;
	&lt;/tr&gt;
	&lt;tr&gt;
		&lt;td&gt;ensure&lt;/td&gt;
		&lt;td&gt;content contains&lt;/td&gt;
		&lt;td&gt;@text&lt;/td&gt;
	&lt;/tr&gt;
	&lt;tr&gt;
		&lt;td&gt;show&lt;/td&gt;
		&lt;td colspan="2"&gt;content&lt;/td&gt;
	&lt;/tr&gt;
&lt;/table&gt;
&lt;br/&gt;&lt;table&gt;
	&lt;tr&gt;
		&lt;td&gt;scenario&lt;/td&gt;
		&lt;td&gt;and should match&lt;/td&gt;
		&lt;td&gt;text&lt;/td&gt;
	&lt;/tr&gt;
	&lt;tr&gt;
		&lt;td&gt;ensure&lt;/td&gt;
		&lt;td&gt;content matches&lt;/td&gt;
		&lt;td&gt;@text&lt;/td&gt;
	&lt;/tr&gt;
	&lt;tr&gt;
		&lt;td&gt;show&lt;/td&gt;
		&lt;td colspan="2"&gt;content&lt;/td&gt;
	&lt;/tr&gt;
&lt;/table&gt;
&lt;br/&gt;&lt;table&gt;
	&lt;tr&gt;
		&lt;td&gt;scenario&lt;/td&gt;
		&lt;td&gt;and should not contain&lt;/td&gt;
		&lt;td&gt;text&lt;/td&gt;
	&lt;/tr&gt;
	&lt;tr&gt;
		&lt;td&gt;reject&lt;/td&gt;
		&lt;td&gt;content contains&lt;/td&gt;
		&lt;td&gt;@text&lt;/td&gt;
	&lt;/tr&gt;
	&lt;tr&gt;
		&lt;td&gt;show&lt;/td&gt;
		&lt;td colspan="2"&gt;content&lt;/td&gt;
	&lt;/tr&gt;
&lt;/table&gt;
&lt;br/&gt;&lt;table&gt;
	&lt;tr&gt;
		&lt;td&gt;scenario&lt;/td&gt;
		&lt;td&gt;widget&lt;/td&gt;
		&lt;td&gt;wikiText&lt;/td&gt;
		&lt;td&gt;should render&lt;/td&gt;
		&lt;td&gt;htmlText&lt;/td&gt;
	&lt;/tr&gt;
	&lt;tr&gt;
		&lt;td&gt;create page&lt;/td&gt;
		&lt;td&gt;WidgetPage&lt;/td&gt;
		&lt;td&gt;with content&lt;/td&gt;
		&lt;td colspan="2"&gt;@wikiText&lt;/td&gt;
	&lt;/tr&gt;
	&lt;tr&gt;
		&lt;td&gt;check&lt;/td&gt;
		&lt;td&gt;request page&lt;/td&gt;
		&lt;td&gt;WidgetPage&lt;/td&gt;
		&lt;td colspan="2"&gt;200&lt;/td&gt;
	&lt;/tr&gt;
	&lt;tr&gt;
		&lt;td&gt;ensure&lt;/td&gt;
		&lt;td&gt;content matches&lt;/td&gt;
		&lt;td colspan="3"&gt;@htmlText&lt;/td&gt;
	&lt;/tr&gt;
	&lt;tr&gt;
		&lt;td&gt;show&lt;/td&gt;
		&lt;td colspan="4"&gt;content&lt;/td&gt;
	&lt;/tr&gt;
&lt;/table&gt;
&lt;br/&gt;&lt;table&gt;
	&lt;tr&gt;
		&lt;td&gt;scenario&lt;/td&gt;
		&lt;td&gt;the line&lt;/td&gt;
		&lt;td&gt;after&lt;/td&gt;
		&lt;td&gt;should come after&lt;/td&gt;
		&lt;td&gt;before&lt;/td&gt;
	&lt;/tr&gt;
	&lt;tr&gt;
		&lt;td&gt;check&lt;/td&gt;
		&lt;td&gt;echo int&lt;/td&gt;
		&lt;td&gt;$@before&lt;/td&gt;
		&lt;td colspan="2"&gt;&amp;lt; $@after&lt;/td&gt;
	&lt;/tr&gt;
&lt;/table&gt;
&lt;br/&gt;&lt;table&gt;
	&lt;tr&gt;
		&lt;td&gt;scenario&lt;/td&gt;
		&lt;td colspan="3"&gt;pass&lt;/td&gt;
	&lt;/tr&gt;
	&lt;tr&gt;
		&lt;td&gt;check&lt;/td&gt;
		&lt;td&gt;echo&lt;/td&gt;
		&lt;td&gt;pass&lt;/td&gt;
		&lt;td&gt;pass&lt;/td&gt;
	&lt;/tr&gt;
&lt;/table&gt;
&lt;/div&gt;
&lt;/div&gt;
&lt;div class="collapsible closed"&gt;&lt;ul&gt;&lt;li&gt;&lt;a href='#' class='expandall'&gt;Expand All&lt;/a&gt;&lt;/li&gt;&lt;li&gt;&lt;a href='#' class='collapseall'&gt;Collapse All&lt;/a&gt;&lt;/li&gt;&lt;/ul&gt;
	&lt;p class="title"&gt;Included page: &lt;a href="FitNesse.SuiteAcceptanceTests.SuiteSlimTests.SetUp"&gt;.FitNesse.SuiteAcceptanceTests.SuiteSlimTests.SetUp&lt;/a&gt; &lt;a href="FitNesse.SuiteAcceptanceTests.SuiteSlimTests.SetUp?edit&amp;amp;redirectToReferer=true&amp;amp;redirectAction=" class="edit"&gt;(edit)&lt;/a&gt;&lt;/p&gt;
	&lt;div&gt;&lt;div class="collapsible closed"&gt;&lt;ul&gt;&lt;li&gt;&lt;a href='#' class='expandall'&gt;Expand All&lt;/a&gt;&lt;/li&gt;&lt;li&gt;&lt;a href='#' class='collapseall'&gt;Collapse All&lt;/a&gt;&lt;/li&gt;&lt;/ul&gt;
	&lt;p class="title"&gt;Included page: &lt;a href="FitNesse.SuiteAcceptanceTests.SetUp"&gt;&amp;lt;SuiteAcceptanceTests.SetUp&lt;/a&gt; &lt;a href="FitNesse.SuiteAcceptanceTests.SetUp?edit&amp;amp;redirectToReferer=true&amp;amp;redirectAction=" class="edit"&gt;(edit)&lt;/a&gt;&lt;/p&gt;
	&lt;div&gt;&lt;table&gt;
	&lt;tr&gt;
		&lt;td&gt;Import&lt;/td&gt;
	&lt;/tr&gt;
	&lt;tr&gt;
		&lt;td&gt;&lt;span class="pass"&gt;fitnesse.fixtures&lt;/span&gt;&lt;/td&gt;
	&lt;/tr&gt;
&lt;/table&gt;
&lt;br/&gt;&lt;table&gt;
	&lt;tr&gt;
		&lt;td&gt;&lt;span class="pass"&gt;SetUp&lt;/span&gt;&lt;/td&gt;
	&lt;/tr&gt;
&lt;/table&gt;
&lt;/div&gt;
&lt;/div&gt;
&lt;br/&gt;&lt;table&gt;
	&lt;tr&gt;
		&lt;td&gt;Library&lt;/td&gt;
	&lt;/tr&gt;
	&lt;tr&gt;
		&lt;td&gt;&lt;span class="pass"&gt;page driver&lt;/span&gt;&lt;/td&gt;
	&lt;/tr&gt;
	&lt;tr&gt;
		&lt;td&gt;&lt;span class="pass"&gt;echo fixture&lt;/span&gt;&lt;/td&gt;
	&lt;/tr&gt;
&lt;/table&gt;
&lt;/div&gt;
&lt;/div&gt;
&lt;br/&gt;Symbols should show the raw (in this case HTML) content that is used in the tests.&lt;br/&gt;&lt;br/&gt;&lt;table&gt;
	&lt;tr&gt;
		&lt;td&gt;script&lt;/td&gt;
		&lt;td colspan="3"&gt;&lt;span class="pass"&gt;fitnesse.fixtures.EchoFixture&lt;/span&gt;&lt;/td&gt;
	&lt;/tr&gt;
	&lt;tr&gt;
		&lt;td&gt;$Table_&amp;lt;-[&amp;lt;table&amp;gt;&amp;lt;tr&amp;gt;&amp;lt;td&amp;gt;Test&amp;lt;/td&amp;gt;&amp;lt;/tr&amp;gt;&amp;lt;/table&amp;gt;]&lt;/td&gt;
		&lt;td&gt;echo&lt;/td&gt;
		&lt;td colspan="2"&gt;&lt;table&gt;&lt;tr&gt;&lt;td&gt;Test&lt;/td&gt;&lt;/tr&gt;&lt;/table&gt;&lt;/td&gt;
	&lt;/tr&gt;
	&lt;tr&gt;
		&lt;td&gt;check&lt;/td&gt;
		&lt;td&gt;echo&lt;/td&gt;
		&lt;td&gt;$Table_-&gt;[&lt;table&gt;&lt;tr&gt;&lt;td&gt;Test&lt;/td&gt;&lt;/tr&gt;&lt;/table&gt;]&lt;/td&gt;
		&lt;td&gt;&lt;span class="pass"&gt;$Table_-&amp;gt;[&amp;lt;table&amp;gt;&amp;lt;tr&amp;gt;&amp;lt;td&amp;gt;Test&amp;lt;/td&amp;gt;&amp;lt;/tr&amp;gt;&amp;lt;/table&amp;gt;]&lt;/span&gt;&lt;/td&gt;
	&lt;/tr&gt;
	&lt;tr&gt;
		&lt;td&gt;show&lt;/td&gt;
		&lt;td&gt;echo&lt;/td&gt;
		&lt;td colspan="2"&gt;$Table_-&gt;[&lt;table&gt;&lt;tr&gt;&lt;td&gt;Test&lt;/td&gt;&lt;/tr&gt;&lt;/table&gt;]&lt;/td&gt;
	&lt;td&gt;&lt;table&gt;&lt;tr&gt;&lt;td&gt;Test&lt;/td&gt;&lt;/tr&gt;&lt;/table&gt;&lt;/td&gt;&lt;/tr&gt;
&lt;/table&gt;
&lt;br/&gt;&lt;br/&gt;&lt;table&gt;
	&lt;tr&gt;
		&lt;td colspan="4"&gt;script&lt;/td&gt;
	&lt;/tr&gt;
	&lt;tr class="scenario closed"&gt;
		&lt;td class="pass"&gt;given page&lt;/td&gt;
		&lt;td class="pass"&gt;TestPage&lt;/td&gt;
		&lt;td class="pass"&gt;with content&lt;/td&gt;
		&lt;td class="pass"&gt;
!path classes
!path lib/*.jar
 
!define TEST_SYSTEM {slim}
|script| fitnesse.fixtures.EchoFixture |
| $Table= | echo | !-&lt;table&gt;&lt;tr&gt;&lt;td&gt;Test&lt;/td&gt;&lt;/tr&gt;&lt;/table&gt;-! |
| check | echo | $Table | $Table |
| show | echo | $Table |
&lt;/td&gt;
	&lt;/tr&gt;&lt;tr class="scenario-detail closed-detail"&gt;&lt;td colspan="4"&gt;&lt;table&gt;
	&lt;tr&gt;
		&lt;td&gt;scenario&lt;/td&gt;
		&lt;td&gt;given page&lt;/td&gt;
		&lt;td&gt;page&lt;/td&gt;
		&lt;td&gt;with content&lt;/td&gt;
		&lt;td&gt;content&lt;/td&gt;
	&lt;/tr&gt;
	&lt;tr&gt;
		&lt;td&gt;create page&lt;/td&gt;
		&lt;td&gt;TestPage&lt;/td&gt;
		&lt;td&gt;with content&lt;/td&gt;
		&lt;td colspan="2"&gt;
!path classes
!path lib/*.jar
 
!define TEST_SYSTEM {slim}
|script| fitnesse.fixtures.EchoFixture |
| $Table= | echo | !-&lt;table&gt;&lt;tr&gt;&lt;td&gt;Test&lt;/td&gt;&lt;/tr&gt;&lt;/table&gt;-! |
| check | echo | $Table | $Table |
| show | echo | $Table |
&lt;/td&gt;
	&lt;/tr&gt;
	&lt;tr&gt;
		&lt;td&gt;$IT&amp;lt;-[TestPage]&lt;/td&gt;
		&lt;td&gt;echo&lt;/td&gt;
		&lt;td colspan="3"&gt;TestPage&lt;/td&gt;
	&lt;/tr&gt;
&lt;/table&gt;&lt;/td&gt;&lt;/tr&gt;
	&lt;tr class="scenario closed"&gt;
		&lt;td class="pass"&gt;test results for page&lt;/td&gt;
		&lt;td class="pass"&gt;TestPage&lt;/td&gt;
		&lt;td class="pass"&gt;should contain&lt;/td&gt;
		&lt;td class="pass"&gt;$Table&lt;-[&lt;table&gt;&lt;tr&gt;&lt;td&gt;Test&lt;/td&gt;&lt;/tr&gt;&lt;/table&gt;]&lt;/td&gt;
	&lt;/tr&gt;&lt;tr class="scenario-detail closed-detail"&gt;&lt;td colspan="4"&gt;&lt;table&gt;
	&lt;tr&gt;
		&lt;td&gt;scenario&lt;/td&gt;
		&lt;td&gt;test results for page&lt;/td&gt;
		&lt;td&gt;source&lt;/td&gt;
		&lt;td&gt;should contain&lt;/td&gt;
		&lt;td&gt;text&lt;/td&gt;
	&lt;/tr&gt;
	&lt;tr&gt;
		&lt;td&gt;check&lt;/td&gt;
		&lt;td&gt;request page&lt;/td&gt;
		&lt;td&gt;TestPage?test&lt;/td&gt;
		&lt;td colspan="2"&gt;&lt;span class="pass"&gt;200&lt;/span&gt;&lt;/td&gt;
	&lt;/tr&gt;
	&lt;tr&gt;
		&lt;td&gt;&lt;span class="pass"&gt;ensure&lt;/span&gt;&lt;/td&gt;
		&lt;td&gt;content contains&lt;/td&gt;
		&lt;td colspan="3"&gt;$Table&lt;-[&lt;table&gt;&lt;tr&gt;&lt;td&gt;Test&lt;/td&gt;&lt;/tr&gt;&lt;/table&gt;]&lt;/td&gt;
	&lt;/tr&gt;
	&lt;tr&gt;
		&lt;td&gt;show&lt;/td&gt;
		&lt;td colspan="4"&gt;content&lt;/td&gt;
	&lt;td&gt;HTTP/1.1 200 OK
Transfer-Encoding: chunked
Content-Type: text/html; charset=utf-8

6f
&amp;lt;!DOCTYPE html&amp;gt;
&amp;lt;html&amp;gt;
 &amp;lt;head&amp;gt;
  &amp;lt;meta http-equiv="Content-Type" content="text/html; charset=utf-8"/&amp;gt;
  &amp;lt;title&amp;gt;
16
Test Results: TestPage
b
&amp;lt;/title&amp;gt;
  
12b
  &amp;lt;!--[if lt IE 9]&amp;gt;
   &amp;lt;script&amp;gt;
    document.createElement('header');
    document.createElement('nav');
    document.createElement('section');
    document.createElement('article');
    document.createElement('footer');
   &amp;lt;/script&amp;gt;
  &amp;lt;![endif]--&amp;gt;
  
  &amp;lt;link rel="stylesheet" type="text/css" href="
1
/
58
files/fitnesse/css/fitnesse_wiki.css" /&amp;gt;
  &amp;lt;link rel="stylesheet" type="text/css" href="
1
/
59
files/fitnesse/css/fitnesse_pages.css" /&amp;gt;
  &amp;lt;link rel="stylesheet" type="text/css" href="
1
/
13
files/fitnesse/css/
11
fitnesse_straight
38
.css" /&amp;gt;
  &amp;lt;link rel="stylesheet" type="text/css" href="
1
/
64
files/fitnesse/wysiwyg/wysiwyg.css" media="screen"/&amp;gt;
  &amp;lt;link rel="stylesheet" type="text/css" href="
1
/
54
files/fitnesse/question.mark/question.mark.css" /&amp;gt;
  &amp;lt;link rel="wysiwyg.base" href="
1
/
3c
" /&amp;gt;
  &amp;lt;link rel="wysiwyg.stylesheet" type="text/css" href="
1
/
6a
files/fitnesse/css/fitnesse.css" media="screen" /&amp;gt;
  &amp;lt;link rel="wysiwyg.stylesheet" type="text/css" href="
1
/
68
files/fitnesse/wysiwyg/editor.css" media="screen" /&amp;gt;
  &amp;lt;link rel="shortcut icon" type="image/png" href="
1
/
35
files/fitnesse/images/favicon.png" /&amp;gt;
  &amp;lt;script src="
1
/
5f
files/fitnesse/javascript/jquery-1.7.2.min.js" type="text/javascript"&amp;gt;&amp;lt;/script&amp;gt;
  &amp;lt;script src="
1
/
57
files/fitnesse/javascript/fitnesse.js" type="text/javascript"&amp;gt;&amp;lt;/script&amp;gt;
  &amp;lt;script src="
1
/
1a
files/fitnesse/javascript/
11
fitnesse_straight
35
.js" type="text/javascript"&amp;gt;&amp;lt;/script&amp;gt;
 &amp;lt;/head&amp;gt;
 &amp;lt;body
8
 class="
8
testPage
1
"
11
&amp;gt;

  &amp;lt;header&amp;gt;
   
9
&amp;lt;a href="
1
/
3a
FrontPage" id="art_niche"&amp;gt;&amp;lt;span&amp;gt;FitNesse&amp;lt;/span&amp;gt;&amp;lt;/a&amp;gt;

&amp;lt;ul&amp;gt;

a
&amp;lt;/ul&amp;gt;
&amp;lt;h1&amp;gt;
9
&amp;lt;a href="
1
/
8
TestPage
2
"&amp;gt;
8
TestPage
4
&amp;lt;/a&amp;gt;
7
&amp;lt;/h1&amp;gt;


1


1


11
  &amp;lt;/header&amp;gt;
  
  
3
   
127
&amp;lt;div id="error-nav" class="hidden"&amp;gt;
  &amp;lt;p id="error-nav-label"&amp;gt;Failure Navigator&amp;lt;/p&amp;gt;
  &amp;lt;div id="error-nav-controls"&amp;gt;
  &amp;lt;button id="error-nav-prev"&amp;gt;&amp;lt;&amp;lt;/button&amp;gt;
  &amp;lt;input id="error-nav-text" type="text"&amp;gt;
   of &amp;lt;span id="error-nav-max"&amp;gt;&amp;lt;/span&amp;gt;
  &amp;lt;button id="error-nav-next"&amp;gt;&amp;gt;&amp;lt;/button&amp;gt;
  &amp;lt;/div&amp;gt;
&amp;lt;/div&amp;gt;

2
  
e
  
  &amp;lt;nav&amp;gt;
   
24
&amp;lt;ul&amp;gt;&amp;lt;li id="test-action"&amp;gt;&amp;lt;/li&amp;gt;&amp;lt;/ul&amp;gt;

15
&amp;lt;div class="hidden"&amp;gt;

6
&amp;lt;ul&amp;gt;
 
1
 
e
 &amp;lt;li&amp;gt;&amp;lt;a href="
8
TestPage
24
?test" accesskey="t"&amp;gt;Test&amp;lt;/a&amp;gt;&amp;lt;/li&amp;gt;
 
1
 
e
 &amp;lt;li&amp;gt;&amp;lt;a href="
8
TestPage
24
?edit" accesskey="e"&amp;gt;Edit&amp;lt;/a&amp;gt;&amp;lt;/li&amp;gt;
 
1
 
1
 
2

 
2c
 &amp;lt;li id="add" aria-haspopup="true"&amp;gt;&amp;lt;a href="
8
TestPage
26
?new" class="label"&amp;gt;Add&amp;lt;/a&amp;gt;
  &amp;lt;ul&amp;gt;
   
10
  &amp;lt;/ul&amp;gt;
 &amp;lt;/li&amp;gt;
 
30
 
 &amp;lt;li id="tools" aria-haspopup="true"&amp;gt;&amp;lt;a href="
1d
#" class="label"&amp;gt;Tools&amp;lt;/a&amp;gt;
  
2
  
9
  &amp;lt;ul&amp;gt;
  
6
   &amp;lt;li
a
&amp;gt;&amp;lt;a href="
8
TestPage
31
?properties" accesskey="p"&amp;gt;Properties&amp;lt;/a&amp;gt;&amp;lt;/li&amp;gt;
  
2
  
6
   &amp;lt;li
a
&amp;gt;&amp;lt;a href="
8
TestPage
30
?whereUsed" accesskey="w"&amp;gt;Where Used&amp;lt;/a&amp;gt;&amp;lt;/li&amp;gt;
  
2
  
6
   &amp;lt;li
a
&amp;gt;&amp;lt;a href="
8
TestPage
2d
?versions" accesskey="v"&amp;gt;Versions&amp;lt;/a&amp;gt;&amp;lt;/li&amp;gt;
  
5
  
  
6
   &amp;lt;li
10
 class="divider"
a
&amp;gt;&amp;lt;a href="
8
TestPage
3b
?refactor&amp;amp;amp;type=rename"&amp;gt;Rename&amp;lt;/a&amp;gt;&amp;lt;/li&amp;gt;
   &amp;lt;li&amp;gt;&amp;lt;a href="
8
TestPage
37
?refactor&amp;amp;amp;type=move"&amp;gt;Move&amp;lt;/a&amp;gt;&amp;lt;/li&amp;gt;
   &amp;lt;li&amp;gt;&amp;lt;a href="
8
TestPage
3d
?refactor&amp;amp;amp;type=replace"&amp;gt;Replace&amp;lt;/a&amp;gt;&amp;lt;/li&amp;gt;
   &amp;lt;li&amp;gt;&amp;lt;a href="
8
TestPage
1f
?deletePage"&amp;gt;Delete&amp;lt;/a&amp;gt;&amp;lt;/li&amp;gt;
  
2
  
7
   &amp;lt;li 
10
 class="divider"
a
&amp;gt;&amp;lt;a href="
1
/
26
files" accesskey="f"&amp;gt;Files&amp;lt;/a&amp;gt;&amp;lt;/li&amp;gt;
  
2
  
6
   &amp;lt;li
37
&amp;gt;&amp;lt;a href="?searchForm" accesskey="s"&amp;gt;Search&amp;lt;/a&amp;gt;&amp;lt;/li&amp;gt;
  
2
  
6
   &amp;lt;li
a
&amp;gt;&amp;lt;a href="
1
/
36
RecentChanges" accesskey=""&amp;gt;Recent Changes&amp;lt;/a&amp;gt;&amp;lt;/li&amp;gt;
  
3

  
6
   &amp;lt;li
10
 class="divider"
34
&amp;gt;&amp;lt;a href="?testHistory"&amp;gt;Test History&amp;lt;/a&amp;gt;&amp;lt;/li&amp;gt;
   &amp;lt;li
a
&amp;gt;&amp;lt;a href="
8
TestPage
26
?pageHistory"&amp;gt;Page History&amp;lt;/a&amp;gt;&amp;lt;/li&amp;gt;
  
2
  
6
   &amp;lt;li
3a
&amp;gt;&amp;lt;a href="?test&amp;amp;amp;remote_debug"&amp;gt;Remote Debug&amp;lt;/a&amp;gt;&amp;lt;/li&amp;gt;
  
2
  
3

  
6
   &amp;lt;li
10
 class="divider"
a
&amp;gt;&amp;lt;a href="
1
/
37
FitNesse.UserGuide" accesskey=""&amp;gt;User Guide&amp;lt;/a&amp;gt;&amp;lt;/li&amp;gt;
  
15
  &amp;lt;/ul&amp;gt;
 &amp;lt;/li&amp;gt;
&amp;lt;/ul&amp;gt;

2e
&amp;lt;/div&amp;gt;
&amp;lt;script type="text/javascript"&amp;gt;//&amp;lt;!--
 
12
$(function() {
   
22
$('nav &amp;gt; div &amp;gt; ul &amp;gt; li').appendTo(
23
$('nav &amp;gt; ul'));
 });
//--&amp;gt;&amp;lt;/script&amp;gt;
1b
  &amp;lt;/nav&amp;gt;
  
  &amp;lt;article&amp;gt;
   
30
&amp;lt;div id="test-summary"&amp;gt;Running Tests ...&amp;lt;/div&amp;gt;


af
&amp;lt;script&amp;gt;document.getElementById("test-action").innerHTML = "&amp;lt;a href=\"#\" onclick=\"doSilentRequest('?responder=stoptest&amp;amp;id=1')\" class=\"stop\"&amp;gt;Stop Test&amp;lt;/a&amp;gt;\r\n";&amp;lt;/script&amp;gt;

38f
&amp;lt;br/&amp;gt;&amp;lt;br/&amp;gt;&amp;lt;span class="meta"&amp;gt;classpath: classes&amp;lt;/span&amp;gt;&amp;lt;br/&amp;gt;&amp;lt;span class="meta"&amp;gt;classpath: lib/*.jar&amp;lt;/span&amp;gt;&amp;lt;br/&amp;gt; &amp;lt;br/&amp;gt;&amp;lt;span class="meta"&amp;gt;variable defined: TEST_SYSTEM=slim&amp;lt;/span&amp;gt;
&amp;lt;br/&amp;gt;&amp;lt;table&amp;gt;
	&amp;lt;tr&amp;gt;
		&amp;lt;td&amp;gt;script&amp;lt;/td&amp;gt;
		&amp;lt;td colspan="3"&amp;gt;&amp;lt;span class="pass"&amp;gt;fitnesse.fixtures.EchoFixture&amp;lt;/span&amp;gt;&amp;lt;/td&amp;gt;
	&amp;lt;/tr&amp;gt;
	&amp;lt;tr&amp;gt;
		&amp;lt;td&amp;gt;$Table&amp;amp;lt;-[&amp;amp;lt;table&amp;amp;gt;&amp;amp;lt;tr&amp;amp;gt;&amp;amp;lt;td&amp;amp;gt;Test&amp;amp;lt;/td&amp;amp;gt;&amp;amp;lt;/tr&amp;amp;gt;&amp;amp;lt;/table&amp;amp;gt;]&amp;lt;/td&amp;gt;
		&amp;lt;td&amp;gt;echo&amp;lt;/td&amp;gt;
		&amp;lt;td colspan="2"&amp;gt;&amp;lt;table&amp;gt;&amp;lt;tr&amp;gt;&amp;lt;td&amp;gt;Test&amp;lt;/td&amp;gt;&amp;lt;/tr&amp;gt;&amp;lt;/table&amp;gt;&amp;lt;/td&amp;gt;
	&amp;lt;/tr&amp;gt;
	&amp;lt;tr&amp;gt;
		&amp;lt;td&amp;gt;check&amp;lt;/td&amp;gt;
		&amp;lt;td&amp;gt;echo&amp;lt;/td&amp;gt;
		&amp;lt;td&amp;gt;$Table-&amp;gt;[&amp;lt;table&amp;gt;&amp;lt;tr&amp;gt;&amp;lt;td&amp;gt;Test&amp;lt;/td&amp;gt;&amp;lt;/tr&amp;gt;&amp;lt;/table&amp;gt;]&amp;lt;/td&amp;gt;
		&amp;lt;td&amp;gt;&amp;lt;span class="pass"&amp;gt;$Table-&amp;amp;gt;[&amp;amp;lt;table&amp;amp;gt;&amp;amp;lt;tr&amp;amp;gt;&amp;amp;lt;td&amp;amp;gt;Test&amp;amp;lt;/td&amp;amp;gt;&amp;amp;lt;/tr&amp;amp;gt;&amp;amp;lt;/table&amp;amp;gt;]&amp;lt;/span&amp;gt;&amp;lt;/td&amp;gt;
	&amp;lt;/tr&amp;gt;
	&amp;lt;tr&amp;gt;
		&amp;lt;td&amp;gt;show&amp;lt;/td&amp;gt;
		&amp;lt;td&amp;gt;echo&amp;lt;/td&amp;gt;
		&amp;lt;td colspan="2"&amp;gt;$Table-&amp;gt;[&amp;lt;table&amp;gt;&amp;lt;tr&amp;gt;&amp;lt;td&amp;gt;Test&amp;lt;/td&amp;gt;&amp;lt;/tr&amp;gt;&amp;lt;/table&amp;gt;]&amp;lt;/td&amp;gt;
	&amp;lt;td&amp;gt;&amp;lt;table&amp;gt;&amp;lt;tr&amp;gt;&amp;lt;td&amp;gt;Test&amp;lt;/td&amp;gt;&amp;lt;/tr&amp;gt;&amp;lt;/table&amp;gt;&amp;lt;/td&amp;gt;&amp;lt;/tr&amp;gt;
&amp;lt;/table&amp;gt;

49
&amp;lt;script&amp;gt;document.getElementById("test-action").innerHTML = "";&amp;lt;/script&amp;gt;

8e
&amp;lt;script&amp;gt;document.getElementById("test-action").innerHTML = "&amp;lt;a href=\"ErrorLogs.TestPage\" class=\"ok\"&amp;gt;Tests Executed OK&amp;lt;/a&amp;gt;\r\n";&amp;lt;/script&amp;gt;

db
&amp;lt;script&amp;gt;document.getElementById("test-summary").innerHTML = "&amp;lt;strong&amp;gt;Assertions:&amp;lt;/strong&amp;gt; 1 right, 0 wrong, 0 ignored, 0 exceptions (0.060 seconds)";document.getElementById("test-summary").className = "pass";&amp;lt;/script&amp;gt;

1


12
  &amp;lt;/article&amp;gt;
  
  
e
  &amp;lt;footer&amp;gt;
   
e
  &amp;lt;/footer&amp;gt;
  
12

 &amp;lt;/body&amp;gt;
&amp;lt;/html&amp;gt;

0
Exit-Code: 0

&lt;/td&gt;&lt;/tr&gt;
&lt;/table&gt;&lt;/td&gt;&lt;/tr&gt;
	&lt;tr&gt;
		&lt;td&gt;&lt;span class="pass"&gt;ensure&lt;/span&gt;&lt;/td&gt;
		&lt;td&gt;content contains&lt;/td&gt;
		&lt;td colspan="2"&gt;$Table-&gt;[&lt;table&gt;&lt;tr&gt;&lt;td&gt;Test&lt;/td&gt;&lt;/tr&gt;&lt;/table&gt;]&lt;/td&gt;
	&lt;/tr&gt;
&lt;/table&gt;
&lt;div class="collapsible closed"&gt;&lt;ul&gt;&lt;li&gt;&lt;a href='#' class='expandall'&gt;Expand All&lt;/a&gt;&lt;/li&gt;&lt;li&gt;&lt;a href='#' class='collapseall'&gt;Collapse All&lt;/a&gt;&lt;/li&gt;&lt;/ul&gt;
	&lt;p class="title"&gt;Included page: &lt;a href="FitNesse.SuiteAcceptanceTests.TearDown"&gt;.FitNesse.SuiteAcceptanceTests.TearDown&lt;/a&gt; &lt;a href="FitNesse.SuiteAcceptanceTests.TearDown?edit&amp;amp;redirectToReferer=true&amp;amp;redirectAction=" class="edit"&gt;(edit)&lt;/a&gt;&lt;/p&gt;
	&lt;div&gt;&lt;hr/&gt;
&lt;br/&gt;&lt;table&gt;
	&lt;tr&gt;
		&lt;td&gt;&lt;span class="pass"&gt;tear down&lt;/span&gt;&lt;/td&gt;
	&lt;/tr&gt;
&lt;/table&gt;
&lt;br/&gt;&lt;/div&gt;
&lt;/div&gt;
</content>
    <relativePageName>SlimSymbolShouldShowRawContents</relativePageName>
    
    
    
    <instructions>
            <instructionResult>
        <instruction>{id='import_25_0', instruction='import', path='fitnesse.fixtures'}</instruction>
        <slimResult>pass(fitnesse.fixtures)</slimResult>
                <expectation>
                    <status>pass</status>
                    <instructionId>import_25_0</instructionId>
                    <col>0</col>
                              <row>1</row>
                    <type>ImportExpectation</type>
                                        <evaluationMessage>fitnesse.fixtures</evaluationMessage>
                  </expectation>
        
      </instructionResult>
            <instructionResult>
        <instruction>{id='decisionTable_26_0', instruction='make', instanceName='decisionTable_26', className='SetUp', args=[]}</instruction>
        <slimResult>pass(SetUp)</slimResult>
                <expectation>
                    <status>pass</status>
                    <instructionId>decisionTable_26_0</instructionId>
                    <col>0</col>
                              <row>0</row>
                    <type>ConstructionExpectation</type>
                                        <evaluationMessage>SetUp</evaluationMessage>
                  </expectation>
        
      </instructionResult>
            <instructionResult>
        <instruction>{id='library_27_0', instruction='make', instanceName='library1', className='PageDriver', args=[]}</instruction>
        <slimResult>pass(page driver)</slimResult>
                <expectation>
                    <status>pass</status>
                    <instructionId>library_27_0</instructionId>
                    <col>0</col>
                              <row>1</row>
                    <type>ConstructionExpectation</type>
                                        <evaluationMessage>page driver</evaluationMessage>
                  </expectation>
        
      </instructionResult>
            <instructionResult>
        <instruction>{id='library_27_1', instruction='make', instanceName='library2', className='EchoFixture', args=[]}</instruction>
        <slimResult>pass(echo fixture)</slimResult>
                <expectation>
                    <status>pass</status>
                    <instructionId>library_27_1</instructionId>
                    <col>0</col>
                              <row>2</row>
                    <type>ConstructionExpectation</type>
                                        <evaluationMessage>echo fixture</evaluationMessage>
                  </expectation>
        
      </instructionResult>
            <instructionResult>
        <instruction>{id='scriptTable_28_0', instruction='make', instanceName='scriptTableActor', className='fitnesse.fixtures.EchoFixture', args=[]}</instruction>
        <slimResult>pass(fitnesse.fixtures.EchoFixture)</slimResult>
                <expectation>
                    <status>pass</status>
                    <instructionId>scriptTable_28_0</instructionId>
                    <col>1</col>
                              <row>0</row>
                    <type>ConstructionExpectation</type>
                                        <evaluationMessage>fitnesse.fixtures.EchoFixture</evaluationMessage>
                  </expectation>
        
      </instructionResult>
            <instructionResult>
        <instruction>{id='scriptTable_28_1', instruction='callAndAssign', symbolName='Table_', instanceName='scriptTableActor', methodName='echo', args=[&lt;table&gt;&lt;tr&gt;&lt;td&gt;Test&lt;/td&gt;&lt;/tr&gt;&lt;/table&gt;]}</instruction>
        <slimResult>$Table_&lt;-[&lt;table&gt;&lt;tr&gt;&lt;td&gt;Test&lt;/td&gt;&lt;/tr&gt;&lt;/table&gt;]</slimResult>
                <expectation>
                    <instructionId>scriptTable_28_1</instructionId>
                    <col>0</col>
                              <row>1</row>
                    <type>SymbolAssignmentExpectation</type>
                                        <evaluationMessage>$Table_&lt;-[&lt;table&gt;&lt;tr&gt;&lt;td&gt;Test&lt;/td&gt;&lt;/tr&gt;&lt;/table&gt;]</evaluationMessage>
                  </expectation>
        
      </instructionResult>
            <instructionResult>
        <instruction>{id='scriptTable_28_2', instruction='call', instanceName='scriptTableActor', methodName='echo', args=[$Table_]}</instruction>
        <slimResult>pass($Table_-&gt;[&lt;table&gt;&lt;tr&gt;&lt;td&gt;Test&lt;/td&gt;&lt;/tr&gt;&lt;/table&gt;])</slimResult>
                <expectation>
                    <status>pass</status>
                    <instructionId>scriptTable_28_2</instructionId>
                    <col>3</col>
                              <row>2</row>
                    <type>ReturnedValueExpectation</type>
                                        <evaluationMessage>$Table_-&gt;[&lt;table&gt;&lt;tr&gt;&lt;td&gt;Test&lt;/td&gt;&lt;/tr&gt;&lt;/table&gt;]</evaluationMessage>
                  </expectation>
        
      </instructionResult>
            <instructionResult>
        <instruction>{id='scriptTable_28_3', instruction='call', instanceName='scriptTableActor', methodName='echo', args=[$Table_]}</instruction>
        <slimResult></slimResult>
                <expectation>
                    <instructionId>scriptTable_28_3</instructionId>
                    <col>0</col>
                              <row>3</row>
                    <type>ShowActionExpectation</type>
                                      </expectation>
        
      </instructionResult>
            <instructionResult>
        <instruction>{id='scriptTable_29_0/scriptTable_0_0', instruction='call', instanceName='scriptTableActor', methodName='createPageWithContent', args=[TestPage, 
!path classes
!path lib/*.jar
 
!define TEST_SYSTEM {slim}
|script| fitnesse.fixtures.EchoFixture |
| $Table= | echo | !-&lt;table&gt;&lt;tr&gt;&lt;td&gt;Test&lt;/td&gt;&lt;/tr&gt;&lt;/table&gt;-! |
| check | echo | $Table | $Table |
| show | echo | $Table |
]}</instruction>
        <slimResult></slimResult>
                <expectation>
                    <instructionId>scriptTable_29_0/scriptTable_0_0</instructionId>
                    <col>0</col>
                              <row>1</row>
                    <type>ScriptActionExpectation</type>
                                      </expectation>
        
      </instructionResult>
            <instructionResult>
        <instruction>{id='scriptTable_29_0/scriptTable_0_1', instruction='callAndAssign', symbolName='IT', instanceName='scriptTableActor', methodName='echo', args=[TestPage]}</instruction>
        <slimResult>$IT&lt;-[TestPage]</slimResult>
                <expectation>
                    <instructionId>scriptTable_29_0/scriptTable_0_1</instructionId>
                    <col>0</col>
                              <row>2</row>
                    <type>SymbolAssignmentExpectation</type>
                                        <evaluationMessage>$IT&lt;-[TestPage]</evaluationMessage>
                  </expectation>
        
      </instructionResult>
            <instructionResult>
        <instruction>{id='scriptTable_29_1/scriptTable_16_0', instruction='call', instanceName='scriptTableActor', methodName='requestPage', args=[TestPage?test]}</instruction>
        <slimResult>pass(200)</slimResult>
                <expectation>
                    <status>pass</status>
                    <instructionId>scriptTable_29_1/scriptTable_16_0</instructionId>
                    <col>3</col>
                              <row>1</row>
                    <type>ReturnedValueExpectation</type>
                                        <evaluationMessage>200</evaluationMessage>
                  </expectation>
        
      </instructionResult>
            <instructionResult>
        <instruction>{id='scriptTable_29_1/scriptTable_16_1', instruction='call', instanceName='scriptTableActor', methodName='contentContains', args=[$Table&lt;-[&lt;table&gt;&lt;tr&gt;&lt;td&gt;Test&lt;/td&gt;&lt;/tr&gt;&lt;/table&gt;]]}</instruction>
        <slimResult>pass()</slimResult>
                <expectation>
                    <status>pass</status>
                    <instructionId>scriptTable_29_1/scriptTable_16_1</instructionId>
                    <col>0</col>
                              <row>2</row>
                    <type>EnsureActionExpectation</type>
                                      </expectation>
        
      </instructionResult>
            <instructionResult>
        <instruction>{id='scriptTable_29_1/scriptTable_16_2', instruction='call', instanceName='scriptTableActor', methodName='content', args=[]}</instruction>
        <slimResult></slimResult>
                <expectation>
                    <instructionId>scriptTable_29_1/scriptTable_16_2</instructionId>
                    <col>0</col>
                              <row>3</row>
                    <type>ShowActionExpectation</type>
                                      </expectation>
        
      </instructionResult>
            <instructionResult>
        <instruction>{id='scriptTable_29_2', instruction='call', instanceName='scriptTableActor', methodName='contentContains', args=[$Table-&gt;[&lt;table&gt;&lt;tr&gt;&lt;td&gt;Test&lt;/td&gt;&lt;/tr&gt;&lt;/table&gt;]]}</instruction>
        <slimResult>pass()</slimResult>
                <expectation>
                    <status>pass</status>
                    <instructionId>scriptTable_29_2</instructionId>
                    <col>0</col>
                              <row>3</row>
                    <type>EnsureActionExpectation</type>
                                      </expectation>
        
      </instructionResult>
            <instructionResult>
        <instruction>{id='decisionTable_30_0', instruction='make', instanceName='decisionTable_30', className='TearDown', args=[]}</instruction>
        <slimResult>pass(tear down)</slimResult>
                <expectation>
                    <status>pass</status>
                    <instructionId>decisionTable_30_0</instructionId>
                    <col>0</col>
                              <row>0</row>
                    <type>ConstructionExpectation</type>
                                        <evaluationMessage>tear down</evaluationMessage>
                  </expectation>
        
      </instructionResult>
      
    </instructions>
    
  </result>
  
    <finalCounts>
    <right>1</right>
    <wrong>0</wrong>
    <ignores>0</ignores>
    <exceptions>0</exceptions>
  </finalCounts>
  <totalRunTimeInMillis>769</totalRunTimeInMillis>
  
</testResults>

