<?xml version="1.0"?>
<testResults>
  <FitNesseVersion>v20140418</FitNesseVersion>
  <rootPath>AbapSlim.NotWorkingSlimTests.ErikPragtBug</rootPath>
    <result>
    <counts>
      <right>0</right>
      <wrong>3</wrong>
      <ignores>0</ignores>
      <exceptions>1</exceptions>
    </counts>
    <runTimeInMillis>55</runTimeInMillis>
    <content>&lt;br/&gt;&lt;table&gt;
	&lt;tr&gt;
		&lt;td&gt;script&lt;/td&gt;
		&lt;td colspan="3"&gt;fitnesse.slim.test.TestSlim &lt;span class="error"&gt;Unknown construction message&lt;/span&gt;&lt;/td&gt;
	&lt;/tr&gt;
	&lt;tr&gt;
		&lt;td&gt;$VALUE&amp;lt;-[null]&lt;/td&gt;
		&lt;td&gt;echo string&lt;/td&gt;
		&lt;td&gt;Bob&lt;/td&gt;
		&lt;td&gt;&lt;/td&gt;
	&lt;/tr&gt;
	&lt;tr&gt;
		&lt;td&gt;$VALUEX&amp;lt;-[null]&lt;/td&gt;
		&lt;td&gt;echo string&lt;/td&gt;
		&lt;td colspan="2"&gt;bill&lt;/td&gt;
	&lt;/tr&gt;
&lt;/table&gt;
&lt;br/&gt;&lt;table&gt;
	&lt;tr&gt;
		&lt;td colspan="4"&gt;script&lt;/td&gt;
	&lt;/tr&gt;
	&lt;tr&gt;
		&lt;td&gt;check&lt;/td&gt;
		&lt;td&gt;echo string&lt;/td&gt;
		&lt;td&gt;$VALUE-&gt;[null]&lt;/td&gt;
		&lt;td&gt;[/__ERROR__/] &lt;span class="fail"&gt;expected [Bob]&lt;/span&gt;&lt;/td&gt;
	&lt;/tr&gt;
	&lt;tr&gt;
		&lt;td&gt;check&lt;/td&gt;
		&lt;td&gt;echo string&lt;/td&gt;
		&lt;td&gt;$VALUEX-&gt;[null]&lt;/td&gt;
		&lt;td&gt;[/__ERROR__/] &lt;span class="fail"&gt;expected [bill]&lt;/span&gt;&lt;/td&gt;
	&lt;/tr&gt;
	&lt;tr&gt;
		&lt;td&gt;check&lt;/td&gt;
		&lt;td&gt;echo string&lt;/td&gt;
		&lt;td&gt;$VALUE-&gt;[null] $VALUEX-&gt;[null]&lt;/td&gt;
		&lt;td&gt;[/__ERROR__/] &lt;span class="fail"&gt;expected [Bob bill]&lt;/span&gt;&lt;/td&gt;
	&lt;/tr&gt;
&lt;/table&gt;
</content>
    <relativePageName>ErikPragtBug</relativePageName>
        <tags>testSuite</tags>
    
    
    
    <instructions>
            <instructionResult>
        <instruction>{id='scriptTable_0_0', instruction='make', instanceName='scriptTableActor', className='fitnesse.slim.test.TestSlim', args=[]}</instruction>
        <slimResult>error(a=/__ERROR__/;Unknown construction message)</slimResult>
                <expectation>
                    <status>error</status>
                    <instructionId>scriptTable_0_0</instructionId>
                    <col>1</col>
                              <row>0</row>
                    <type>ConstructionExpectation</type>
                    <actual>/__ERROR__/</actual>
                                        <evaluationMessage>Unknown construction message</evaluationMessage>
                  </expectation>
        
      </instructionResult>
            <instructionResult>
        <instruction>{id='scriptTable_0_1', instruction='callAndAssign', symbolName='VALUE', instanceName='scriptTableActor', methodName='echoString', args=[Bob]}</instruction>
        <slimResult>$VALUE&lt;-[null]</slimResult>
                <expectation>
                    <instructionId>scriptTable_0_1</instructionId>
                    <col>0</col>
                              <row>1</row>
                    <type>SymbolAssignmentExpectation</type>
                                        <evaluationMessage>$VALUE&lt;-[null]</evaluationMessage>
                  </expectation>
        
      </instructionResult>
            <instructionResult>
        <instruction>{id='scriptTable_0_2', instruction='callAndAssign', symbolName='VALUEX', instanceName='scriptTableActor', methodName='echoString', args=[bill]}</instruction>
        <slimResult>$VALUEX&lt;-[null]</slimResult>
                <expectation>
                    <instructionId>scriptTable_0_2</instructionId>
                    <col>0</col>
                              <row>2</row>
                    <type>SymbolAssignmentExpectation</type>
                                        <evaluationMessage>$VALUEX&lt;-[null]</evaluationMessage>
                  </expectation>
        
      </instructionResult>
            <instructionResult>
        <instruction>{id='scriptTable_1_0', instruction='call', instanceName='scriptTableActor', methodName='echoString', args=[$VALUE]}</instruction>
        <slimResult>fail(a=/__ERROR__/;e=Bob)</slimResult>
                <expectation>
                    <status>fail</status>
                    <instructionId>scriptTable_1_0</instructionId>
                    <col>3</col>
                              <row>1</row>
                    <type>ReturnedValueExpectation</type>
                    <actual>/__ERROR__/</actual>
                              <expected>Bob</expected>
                            </expectation>
        
      </instructionResult>
            <instructionResult>
        <instruction>{id='scriptTable_1_1', instruction='call', instanceName='scriptTableActor', methodName='echoString', args=[$VALUEX]}</instruction>
        <slimResult>fail(a=/__ERROR__/;e=bill)</slimResult>
                <expectation>
                    <status>fail</status>
                    <instructionId>scriptTable_1_1</instructionId>
                    <col>3</col>
                              <row>2</row>
                    <type>ReturnedValueExpectation</type>
                    <actual>/__ERROR__/</actual>
                              <expected>bill</expected>
                            </expectation>
        
      </instructionResult>
            <instructionResult>
        <instruction>{id='scriptTable_1_2', instruction='call', instanceName='scriptTableActor', methodName='echoString', args=[$VALUE $VALUEX]}</instruction>
        <slimResult>fail(a=/__ERROR__/;e=Bob bill)</slimResult>
                <expectation>
                    <status>fail</status>
                    <instructionId>scriptTable_1_2</instructionId>
                    <col>3</col>
                              <row>3</row>
                    <type>ReturnedValueExpectation</type>
                    <actual>/__ERROR__/</actual>
                              <expected>Bob bill</expected>
                            </expectation>
        
      </instructionResult>
      
    </instructions>
    
  </result>
  
    <finalCounts>
    <right>0</right>
    <wrong>1</wrong>
    <ignores>0</ignores>
    <exceptions>0</exceptions>
  </finalCounts>
  <totalRunTimeInMillis>56</totalRunTimeInMillis>
  
</testResults>

