<?xml version="1.0"?>
<testResults>
  <FitNesseVersion>v20140418</FitNesseVersion>
  <rootPath>FitNesse.SuiteAcceptanceTests.SuiteWikiImportTests.TestPropertiesPageHasUpdateForm</rootPath>
    <result>
    <counts>
      <right>14</right>
      <wrong>0</wrong>
      <ignores>1</ignores>
      <exceptions>0</exceptions>
    </counts>
    <runTimeInMillis>213</runTimeInMillis>
    <content>&lt;div class="collapsible closed"&gt;&lt;ul&gt;&lt;li&gt;&lt;a href='#' class='expandall'&gt;Expand All&lt;/a&gt;&lt;/li&gt;&lt;li&gt;&lt;a href='#' class='collapseall'&gt;Collapse All&lt;/a&gt;&lt;/li&gt;&lt;/ul&gt;
	&lt;p class="title"&gt;Scenario Libraries&lt;/p&gt;
	&lt;div&gt;&lt;div class="collapsible closed"&gt;&lt;ul&gt;&lt;li&gt;&lt;a href='#' class='expandall'&gt;Expand All&lt;/a&gt;&lt;/li&gt;&lt;li&gt;&lt;a href='#' class='collapseall'&gt;Collapse All&lt;/a&gt;&lt;/li&gt;&lt;/ul&gt;
	&lt;p class="title"&gt;Included page: &lt;a href="FitNesse.SuiteAcceptanceTests.ScenarioLibrary"&gt;.FitNesse.SuiteAcceptanceTests.ScenarioLibrary&lt;/a&gt; &lt;a href="FitNesse.SuiteAcceptanceTests.ScenarioLibrary?edit&amp;amp;redirectToReferer=true&amp;amp;redirectAction=" class="edit"&gt;(edit)&lt;/a&gt;&lt;/p&gt;
	&lt;div&gt;&lt;table&gt;
	&lt;tr&gt;
		&lt;td&gt;scenario&lt;/td&gt;
		&lt;td&gt;given page&lt;/td&gt;
		&lt;td&gt;page&lt;/td&gt;
		&lt;td&gt;with content&lt;/td&gt;
		&lt;td&gt;content&lt;/td&gt;
	&lt;/tr&gt;
	&lt;tr&gt;
		&lt;td&gt;create page&lt;/td&gt;
		&lt;td&gt;@page&lt;/td&gt;
		&lt;td&gt;with content&lt;/td&gt;
		&lt;td colspan="2"&gt;@content&lt;/td&gt;
	&lt;/tr&gt;
	&lt;tr&gt;
		&lt;td&gt;$IT=&lt;/td&gt;
		&lt;td&gt;echo&lt;/td&gt;
		&lt;td colspan="3"&gt;@page&lt;/td&gt;
	&lt;/tr&gt;
&lt;/table&gt;
&lt;br/&gt;&lt;table&gt;
	&lt;tr&gt;
		&lt;td&gt;scenario&lt;/td&gt;
		&lt;td&gt;given page&lt;/td&gt;
		&lt;td colspan="2"&gt;page&lt;/td&gt;
	&lt;/tr&gt;
	&lt;tr&gt;
		&lt;td&gt;given page&lt;/td&gt;
		&lt;td&gt;@page&lt;/td&gt;
		&lt;td&gt;with content&lt;/td&gt;
		&lt;td&gt;nothing&lt;/td&gt;
	&lt;/tr&gt;
&lt;/table&gt;
&lt;br/&gt;&lt;table&gt;
	&lt;tr&gt;
		&lt;td&gt;scenario&lt;/td&gt;
		&lt;td&gt;given test page&lt;/td&gt;
		&lt;td&gt;page&lt;/td&gt;
	&lt;/tr&gt;
	&lt;tr&gt;
		&lt;td&gt;given page&lt;/td&gt;
		&lt;td colspan="2"&gt;@page&lt;/td&gt;
	&lt;/tr&gt;
	&lt;tr&gt;
		&lt;td&gt;make&lt;/td&gt;
		&lt;td&gt;@page&lt;/td&gt;
		&lt;td&gt;a test page&lt;/td&gt;
	&lt;/tr&gt;
&lt;/table&gt;
&lt;br/&gt;&lt;table&gt;
	&lt;tr&gt;
		&lt;td&gt;scenario&lt;/td&gt;
		&lt;td&gt;given slim test page&lt;/td&gt;
		&lt;td colspan="2"&gt;page&lt;/td&gt;
	&lt;/tr&gt;
	&lt;tr&gt;
		&lt;td&gt;given page&lt;/td&gt;
		&lt;td&gt;@page&lt;/td&gt;
		&lt;td&gt;with content&lt;/td&gt;
		&lt;td&gt;!define TEST_SYSTEM {slim}&lt;/td&gt;
	&lt;/tr&gt;
	&lt;tr&gt;
		&lt;td&gt;make&lt;/td&gt;
		&lt;td&gt;@page&lt;/td&gt;
		&lt;td colspan="2"&gt;a test page&lt;/td&gt;
	&lt;/tr&gt;
&lt;/table&gt;
&lt;br/&gt;&lt;table&gt;
	&lt;tr&gt;
		&lt;td&gt;scenario&lt;/td&gt;
		&lt;td&gt;page&lt;/td&gt;
		&lt;td&gt;source&lt;/td&gt;
		&lt;td&gt;should have link to&lt;/td&gt;
		&lt;td&gt;target&lt;/td&gt;
	&lt;/tr&gt;
	&lt;tr&gt;
		&lt;td&gt;check&lt;/td&gt;
		&lt;td&gt;request page&lt;/td&gt;
		&lt;td&gt;@source&lt;/td&gt;
		&lt;td colspan="2"&gt;200&lt;/td&gt;
	&lt;/tr&gt;
	&lt;tr&gt;
		&lt;td&gt;ensure&lt;/td&gt;
		&lt;td&gt;content contains&lt;/td&gt;
		&lt;td colspan="3"&gt;&amp;lt;a href="@target"&lt;/td&gt;
	&lt;/tr&gt;
	&lt;tr&gt;
		&lt;td&gt;$IT=&lt;/td&gt;
		&lt;td&gt;echo&lt;/td&gt;
		&lt;td colspan="3"&gt;@source&lt;/td&gt;
	&lt;/tr&gt;
&lt;/table&gt;
&lt;br/&gt;&lt;table&gt;
	&lt;tr&gt;
		&lt;td&gt;scenario&lt;/td&gt;
		&lt;td&gt;it should have link to&lt;/td&gt;
		&lt;td colspan="2"&gt;target&lt;/td&gt;
	&lt;/tr&gt;
	&lt;tr&gt;
		&lt;td&gt;page&lt;/td&gt;
		&lt;td&gt;$IT&lt;/td&gt;
		&lt;td&gt;should have link to&lt;/td&gt;
		&lt;td&gt;@target&lt;/td&gt;
	&lt;/tr&gt;
&lt;/table&gt;
&lt;br/&gt;&lt;table&gt;
	&lt;tr&gt;
		&lt;td&gt;scenario&lt;/td&gt;
		&lt;td&gt;and it should have link to&lt;/td&gt;
		&lt;td colspan="2"&gt;target&lt;/td&gt;
	&lt;/tr&gt;
	&lt;tr&gt;
		&lt;td&gt;page&lt;/td&gt;
		&lt;td&gt;$IT&lt;/td&gt;
		&lt;td&gt;should have link to&lt;/td&gt;
		&lt;td&gt;@target&lt;/td&gt;
	&lt;/tr&gt;
&lt;/table&gt;
&lt;br/&gt;&lt;table&gt;
	&lt;tr&gt;
		&lt;td&gt;scenario&lt;/td&gt;
		&lt;td&gt;page&lt;/td&gt;
		&lt;td&gt;source&lt;/td&gt;
		&lt;td&gt;should have creating link to&lt;/td&gt;
		&lt;td&gt;target&lt;/td&gt;
	&lt;/tr&gt;
	&lt;tr&gt;
		&lt;td&gt;check&lt;/td&gt;
		&lt;td&gt;request page&lt;/td&gt;
		&lt;td&gt;@source&lt;/td&gt;
		&lt;td colspan="2"&gt;200&lt;/td&gt;
	&lt;/tr&gt;
	&lt;tr&gt;
		&lt;td&gt;ensure&lt;/td&gt;
		&lt;td&gt;content contains&lt;/td&gt;
		&lt;td colspan="3"&gt;@target&amp;lt;a title="create page" href="@target?edit&amp;amp;nonExistent=true"&amp;gt;[?]&amp;lt;/a&amp;gt;&lt;/td&gt;
	&lt;/tr&gt;
&lt;/table&gt;
&lt;br/&gt;&lt;table&gt;
	&lt;tr&gt;
		&lt;td&gt;scenario&lt;/td&gt;
		&lt;td&gt;it should have creating link to&lt;/td&gt;
		&lt;td colspan="2"&gt;target&lt;/td&gt;
	&lt;/tr&gt;
	&lt;tr&gt;
		&lt;td&gt;page&lt;/td&gt;
		&lt;td&gt;$IT&lt;/td&gt;
		&lt;td&gt;should have creating link to&lt;/td&gt;
		&lt;td&gt;@target&lt;/td&gt;
	&lt;/tr&gt;
&lt;/table&gt;
&lt;br/&gt;&lt;table&gt;
	&lt;tr&gt;
		&lt;td&gt;scenario&lt;/td&gt;
		&lt;td&gt;page&lt;/td&gt;
		&lt;td&gt;source&lt;/td&gt;
		&lt;td&gt;should contain&lt;/td&gt;
		&lt;td&gt;text&lt;/td&gt;
	&lt;/tr&gt;
	&lt;tr&gt;
		&lt;td&gt;check&lt;/td&gt;
		&lt;td&gt;request page&lt;/td&gt;
		&lt;td&gt;@source&lt;/td&gt;
		&lt;td colspan="2"&gt;200&lt;/td&gt;
	&lt;/tr&gt;
	&lt;tr&gt;
		&lt;td&gt;ensure&lt;/td&gt;
		&lt;td&gt;content contains&lt;/td&gt;
		&lt;td colspan="3"&gt;@text&lt;/td&gt;
	&lt;/tr&gt;
	&lt;tr&gt;
		&lt;td&gt;show&lt;/td&gt;
		&lt;td colspan="4"&gt;content&lt;/td&gt;
	&lt;/tr&gt;
&lt;/table&gt;
&lt;br/&gt;&lt;table&gt;
	&lt;tr&gt;
		&lt;td&gt;scenario&lt;/td&gt;
		&lt;td&gt;page&lt;/td&gt;
		&lt;td&gt;source&lt;/td&gt;
		&lt;td&gt;should not contain&lt;/td&gt;
		&lt;td&gt;text&lt;/td&gt;
	&lt;/tr&gt;
	&lt;tr&gt;
		&lt;td&gt;check&lt;/td&gt;
		&lt;td&gt;request page&lt;/td&gt;
		&lt;td&gt;@source&lt;/td&gt;
		&lt;td colspan="2"&gt;200&lt;/td&gt;
	&lt;/tr&gt;
	&lt;tr&gt;
		&lt;td&gt;reject&lt;/td&gt;
		&lt;td&gt;content contains&lt;/td&gt;
		&lt;td colspan="3"&gt;@text&lt;/td&gt;
	&lt;/tr&gt;
	&lt;tr&gt;
		&lt;td&gt;show&lt;/td&gt;
		&lt;td colspan="4"&gt;content&lt;/td&gt;
	&lt;/tr&gt;
&lt;/table&gt;
&lt;br/&gt;&lt;table&gt;
	&lt;tr&gt;
		&lt;td&gt;scenario&lt;/td&gt;
		&lt;td&gt;page&lt;/td&gt;
		&lt;td&gt;source&lt;/td&gt;
		&lt;td&gt;should match&lt;/td&gt;
		&lt;td&gt;text&lt;/td&gt;
	&lt;/tr&gt;
	&lt;tr&gt;
		&lt;td&gt;check&lt;/td&gt;
		&lt;td&gt;request page&lt;/td&gt;
		&lt;td&gt;@source&lt;/td&gt;
		&lt;td colspan="2"&gt;200&lt;/td&gt;
	&lt;/tr&gt;
	&lt;tr&gt;
		&lt;td&gt;ensure&lt;/td&gt;
		&lt;td&gt;content matches&lt;/td&gt;
		&lt;td colspan="3"&gt;@text&lt;/td&gt;
	&lt;/tr&gt;
	&lt;tr&gt;
		&lt;td&gt;show&lt;/td&gt;
		&lt;td colspan="4"&gt;content&lt;/td&gt;
	&lt;/tr&gt;
&lt;/table&gt;
&lt;br/&gt;&lt;table&gt;
	&lt;tr&gt;
		&lt;td&gt;scenario&lt;/td&gt;
		&lt;td&gt;it should contain&lt;/td&gt;
		&lt;td colspan="2"&gt;text&lt;/td&gt;
	&lt;/tr&gt;
	&lt;tr&gt;
		&lt;td&gt;page&lt;/td&gt;
		&lt;td&gt;$IT&lt;/td&gt;
		&lt;td&gt;should contain&lt;/td&gt;
		&lt;td&gt;@text&lt;/td&gt;
	&lt;/tr&gt;
&lt;/table&gt;
&lt;br/&gt;&lt;table&gt;
	&lt;tr&gt;
		&lt;td&gt;scenario&lt;/td&gt;
		&lt;td&gt;it should not contain&lt;/td&gt;
		&lt;td colspan="2"&gt;text&lt;/td&gt;
	&lt;/tr&gt;
	&lt;tr&gt;
		&lt;td&gt;page&lt;/td&gt;
		&lt;td&gt;$IT&lt;/td&gt;
		&lt;td&gt;should not contain&lt;/td&gt;
		&lt;td&gt;@text&lt;/td&gt;
	&lt;/tr&gt;
&lt;/table&gt;
&lt;br/&gt;&lt;table&gt;
	&lt;tr&gt;
		&lt;td&gt;scenario&lt;/td&gt;
		&lt;td&gt;it should contain&lt;/td&gt;
		&lt;td&gt;text&lt;/td&gt;
		&lt;td&gt;in line&lt;/td&gt;
		&lt;td&gt;symbol&lt;/td&gt;
	&lt;/tr&gt;
	&lt;tr&gt;
		&lt;td&gt;check&lt;/td&gt;
		&lt;td&gt;request page&lt;/td&gt;
		&lt;td&gt;$IT&lt;/td&gt;
		&lt;td colspan="2"&gt;200&lt;/td&gt;
	&lt;/tr&gt;
	&lt;tr&gt;
		&lt;td&gt;$@symbol=&lt;/td&gt;
		&lt;td&gt;line number containing&lt;/td&gt;
		&lt;td colspan="3"&gt;@text&lt;/td&gt;
	&lt;/tr&gt;
&lt;/table&gt;
&lt;br/&gt;&lt;table&gt;
	&lt;tr&gt;
		&lt;td&gt;scenario&lt;/td&gt;
		&lt;td&gt;it should match&lt;/td&gt;
		&lt;td colspan="2"&gt;text&lt;/td&gt;
	&lt;/tr&gt;
	&lt;tr&gt;
		&lt;td&gt;page&lt;/td&gt;
		&lt;td&gt;$IT&lt;/td&gt;
		&lt;td&gt;should match&lt;/td&gt;
		&lt;td&gt;@text&lt;/td&gt;
	&lt;/tr&gt;
&lt;/table&gt;
&lt;br/&gt;&lt;table&gt;
	&lt;tr&gt;
		&lt;td&gt;scenario&lt;/td&gt;
		&lt;td&gt;test results for page&lt;/td&gt;
		&lt;td&gt;source&lt;/td&gt;
		&lt;td&gt;should contain&lt;/td&gt;
		&lt;td&gt;text&lt;/td&gt;
	&lt;/tr&gt;
	&lt;tr&gt;
		&lt;td&gt;check&lt;/td&gt;
		&lt;td&gt;request page&lt;/td&gt;
		&lt;td&gt;@source?test&lt;/td&gt;
		&lt;td colspan="2"&gt;200&lt;/td&gt;
	&lt;/tr&gt;
	&lt;tr&gt;
		&lt;td&gt;ensure&lt;/td&gt;
		&lt;td&gt;content contains&lt;/td&gt;
		&lt;td colspan="3"&gt;@text&lt;/td&gt;
	&lt;/tr&gt;
	&lt;tr&gt;
		&lt;td&gt;show&lt;/td&gt;
		&lt;td colspan="4"&gt;content&lt;/td&gt;
	&lt;/tr&gt;
&lt;/table&gt;
&lt;br/&gt;&lt;table&gt;
	&lt;tr&gt;
		&lt;td&gt;scenario&lt;/td&gt;
		&lt;td&gt;its test results should contain&lt;/td&gt;
		&lt;td colspan="2"&gt;text&lt;/td&gt;
	&lt;/tr&gt;
	&lt;tr&gt;
		&lt;td&gt;test results for page&lt;/td&gt;
		&lt;td&gt;$IT&lt;/td&gt;
		&lt;td&gt;should contain&lt;/td&gt;
		&lt;td&gt;@text&lt;/td&gt;
	&lt;/tr&gt;
&lt;/table&gt;
&lt;br/&gt;&lt;table&gt;
	&lt;tr&gt;
		&lt;td&gt;scenario&lt;/td&gt;
		&lt;td&gt;test ressults for page&lt;/td&gt;
		&lt;td&gt;source&lt;/td&gt;
		&lt;td&gt;should not contain&lt;/td&gt;
		&lt;td&gt;text&lt;/td&gt;
	&lt;/tr&gt;
	&lt;tr&gt;
		&lt;td&gt;check&lt;/td&gt;
		&lt;td&gt;request page&lt;/td&gt;
		&lt;td&gt;@source?test&lt;/td&gt;
		&lt;td colspan="2"&gt;200&lt;/td&gt;
	&lt;/tr&gt;
	&lt;tr&gt;
		&lt;td&gt;reject&lt;/td&gt;
		&lt;td&gt;content contains&lt;/td&gt;
		&lt;td colspan="3"&gt;@text&lt;/td&gt;
	&lt;/tr&gt;
	&lt;tr&gt;
		&lt;td&gt;show&lt;/td&gt;
		&lt;td colspan="4"&gt;content&lt;/td&gt;
	&lt;/tr&gt;
&lt;/table&gt;
&lt;br/&gt;&lt;table&gt;
	&lt;tr&gt;
		&lt;td&gt;scenario&lt;/td&gt;
		&lt;td&gt;and should contain&lt;/td&gt;
		&lt;td&gt;text&lt;/td&gt;
	&lt;/tr&gt;
	&lt;tr&gt;
		&lt;td&gt;ensure&lt;/td&gt;
		&lt;td&gt;content contains&lt;/td&gt;
		&lt;td&gt;@text&lt;/td&gt;
	&lt;/tr&gt;
	&lt;tr&gt;
		&lt;td&gt;show&lt;/td&gt;
		&lt;td colspan="2"&gt;content&lt;/td&gt;
	&lt;/tr&gt;
&lt;/table&gt;
&lt;br/&gt;&lt;table&gt;
	&lt;tr&gt;
		&lt;td&gt;scenario&lt;/td&gt;
		&lt;td&gt;and should match&lt;/td&gt;
		&lt;td&gt;text&lt;/td&gt;
	&lt;/tr&gt;
	&lt;tr&gt;
		&lt;td&gt;ensure&lt;/td&gt;
		&lt;td&gt;content matches&lt;/td&gt;
		&lt;td&gt;@text&lt;/td&gt;
	&lt;/tr&gt;
	&lt;tr&gt;
		&lt;td&gt;show&lt;/td&gt;
		&lt;td colspan="2"&gt;content&lt;/td&gt;
	&lt;/tr&gt;
&lt;/table&gt;
&lt;br/&gt;&lt;table&gt;
	&lt;tr&gt;
		&lt;td&gt;scenario&lt;/td&gt;
		&lt;td&gt;and should not contain&lt;/td&gt;
		&lt;td&gt;text&lt;/td&gt;
	&lt;/tr&gt;
	&lt;tr&gt;
		&lt;td&gt;reject&lt;/td&gt;
		&lt;td&gt;content contains&lt;/td&gt;
		&lt;td&gt;@text&lt;/td&gt;
	&lt;/tr&gt;
	&lt;tr&gt;
		&lt;td&gt;show&lt;/td&gt;
		&lt;td colspan="2"&gt;content&lt;/td&gt;
	&lt;/tr&gt;
&lt;/table&gt;
&lt;br/&gt;&lt;table&gt;
	&lt;tr&gt;
		&lt;td&gt;scenario&lt;/td&gt;
		&lt;td&gt;widget&lt;/td&gt;
		&lt;td&gt;wikiText&lt;/td&gt;
		&lt;td&gt;should render&lt;/td&gt;
		&lt;td&gt;htmlText&lt;/td&gt;
	&lt;/tr&gt;
	&lt;tr&gt;
		&lt;td&gt;create page&lt;/td&gt;
		&lt;td&gt;WidgetPage&lt;/td&gt;
		&lt;td&gt;with content&lt;/td&gt;
		&lt;td colspan="2"&gt;@wikiText&lt;/td&gt;
	&lt;/tr&gt;
	&lt;tr&gt;
		&lt;td&gt;check&lt;/td&gt;
		&lt;td&gt;request page&lt;/td&gt;
		&lt;td&gt;WidgetPage&lt;/td&gt;
		&lt;td colspan="2"&gt;200&lt;/td&gt;
	&lt;/tr&gt;
	&lt;tr&gt;
		&lt;td&gt;ensure&lt;/td&gt;
		&lt;td&gt;content matches&lt;/td&gt;
		&lt;td colspan="3"&gt;@htmlText&lt;/td&gt;
	&lt;/tr&gt;
	&lt;tr&gt;
		&lt;td&gt;show&lt;/td&gt;
		&lt;td colspan="4"&gt;content&lt;/td&gt;
	&lt;/tr&gt;
&lt;/table&gt;
&lt;br/&gt;&lt;table&gt;
	&lt;tr&gt;
		&lt;td&gt;scenario&lt;/td&gt;
		&lt;td&gt;the line&lt;/td&gt;
		&lt;td&gt;after&lt;/td&gt;
		&lt;td&gt;should come after&lt;/td&gt;
		&lt;td&gt;before&lt;/td&gt;
	&lt;/tr&gt;
	&lt;tr&gt;
		&lt;td&gt;check&lt;/td&gt;
		&lt;td&gt;echo int&lt;/td&gt;
		&lt;td&gt;$@before&lt;/td&gt;
		&lt;td colspan="2"&gt;&amp;lt; $@after&lt;/td&gt;
	&lt;/tr&gt;
&lt;/table&gt;
&lt;br/&gt;&lt;table&gt;
	&lt;tr&gt;
		&lt;td&gt;scenario&lt;/td&gt;
		&lt;td colspan="3"&gt;pass&lt;/td&gt;
	&lt;/tr&gt;
	&lt;tr&gt;
		&lt;td&gt;check&lt;/td&gt;
		&lt;td&gt;echo&lt;/td&gt;
		&lt;td&gt;pass&lt;/td&gt;
		&lt;td&gt;pass&lt;/td&gt;
	&lt;/tr&gt;
&lt;/table&gt;
&lt;/div&gt;
&lt;/div&gt;
&lt;div class="collapsible closed"&gt;&lt;ul&gt;&lt;li&gt;&lt;a href='#' class='expandall'&gt;Expand All&lt;/a&gt;&lt;/li&gt;&lt;li&gt;&lt;a href='#' class='collapseall'&gt;Collapse All&lt;/a&gt;&lt;/li&gt;&lt;/ul&gt;
	&lt;p class="title"&gt;Included page: &lt;a href="FitNesse.SuiteAcceptanceTests.SuiteWikiImportTests.ScenarioLibrary"&gt;.FitNesse.SuiteAcceptanceTests.SuiteWikiImportTests.ScenarioLibrary&lt;/a&gt; &lt;a href="FitNesse.SuiteAcceptanceTests.SuiteWikiImportTests.ScenarioLibrary?edit&amp;amp;redirectToReferer=true&amp;amp;redirectAction=" class="edit"&gt;(edit)&lt;/a&gt;&lt;/p&gt;
	&lt;div&gt;&lt;table&gt;
	&lt;tr&gt;
		&lt;td&gt;scenario&lt;/td&gt;
		&lt;td&gt;given editable page&lt;/td&gt;
		&lt;td colspan="2"&gt;page&lt;/td&gt;
	&lt;/tr&gt;
	&lt;tr&gt;
		&lt;td&gt;create page&lt;/td&gt;
		&lt;td&gt;@page&lt;/td&gt;
		&lt;td&gt;with authentication&lt;/td&gt;
		&lt;td&gt;Edit&lt;/td&gt;
	&lt;/tr&gt;
	&lt;tr&gt;
		&lt;td&gt;$IT=&lt;/td&gt;
		&lt;td&gt;echo&lt;/td&gt;
		&lt;td colspan="2"&gt;@page&lt;/td&gt;
	&lt;/tr&gt;
&lt;/table&gt;
&lt;br/&gt;&lt;table&gt;
	&lt;tr&gt;
		&lt;td&gt;scenario&lt;/td&gt;
		&lt;td&gt;import&lt;/td&gt;
		&lt;td&gt;importedPage&lt;/td&gt;
		&lt;td&gt;into&lt;/td&gt;
		&lt;td&gt;importingPage&lt;/td&gt;
	&lt;/tr&gt;
	&lt;tr&gt;
		&lt;td&gt;check&lt;/td&gt;
		&lt;td&gt;request page&lt;/td&gt;
		&lt;td&gt;@importingPage?responder=import&amp;amp;remoteUrl=http://localhost:9123/@importedPage&lt;/td&gt;
		&lt;td colspan="2"&gt;200&lt;/td&gt;
	&lt;/tr&gt;
&lt;/table&gt;
&lt;br/&gt;&lt;table&gt;
	&lt;tr&gt;
		&lt;td&gt;scenario&lt;/td&gt;
		&lt;td&gt;Water mark and edit buttons should be on page&lt;/td&gt;
		&lt;td colspan="2"&gt;page&lt;/td&gt;
	&lt;/tr&gt;
	&lt;tr&gt;
		&lt;td&gt;check&lt;/td&gt;
		&lt;td&gt;request page&lt;/td&gt;
		&lt;td&gt;@page?properties&lt;/td&gt;
		&lt;td&gt;200&lt;/td&gt;
	&lt;/tr&gt;
	&lt;tr&gt;
		&lt;td&gt;show&lt;/td&gt;
		&lt;td colspan="3"&gt;content&lt;/td&gt;
	&lt;/tr&gt;
	&lt;tr&gt;
		&lt;td&gt;check&lt;/td&gt;
		&lt;td&gt;request page&lt;/td&gt;
		&lt;td&gt;@page&lt;/td&gt;
		&lt;td&gt;200&lt;/td&gt;
	&lt;/tr&gt;
	&lt;tr&gt;
		&lt;td&gt;show&lt;/td&gt;
		&lt;td colspan="3"&gt;content&lt;/td&gt;
	&lt;/tr&gt;
	&lt;tr&gt;
		&lt;td&gt;ensure&lt;/td&gt;
		&lt;td&gt;content matches&lt;/td&gt;
		&lt;td colspan="2"&gt;&amp;lt;body class="imported"&amp;gt;&lt;/td&gt;
	&lt;/tr&gt;
	&lt;tr&gt;
		&lt;td&gt;ensure&lt;/td&gt;
		&lt;td&gt;content matches&lt;/td&gt;
		&lt;td colspan="2"&gt;Edit Locally&lt;/td&gt;
	&lt;/tr&gt;
	&lt;tr&gt;
		&lt;td&gt;ensure&lt;/td&gt;
		&lt;td&gt;content matches&lt;/td&gt;
		&lt;td colspan="2"&gt;Edit Remotely&lt;/td&gt;
	&lt;/tr&gt;
&lt;/table&gt;
&lt;br/&gt;&lt;table&gt;
	&lt;tr&gt;
		&lt;td&gt;scenario&lt;/td&gt;
		&lt;td&gt;Water mark and edit buttons should not be on page&lt;/td&gt;
		&lt;td colspan="2"&gt;page&lt;/td&gt;
	&lt;/tr&gt;
	&lt;tr&gt;
		&lt;td&gt;check&lt;/td&gt;
		&lt;td&gt;request page&lt;/td&gt;
		&lt;td&gt;@page&lt;/td&gt;
		&lt;td&gt;200&lt;/td&gt;
	&lt;/tr&gt;
	&lt;tr&gt;
		&lt;td&gt;reject&lt;/td&gt;
		&lt;td&gt;content matches&lt;/td&gt;
		&lt;td colspan="2"&gt;&amp;lt;body class="imported"&amp;gt;&lt;/td&gt;
	&lt;/tr&gt;
	&lt;tr&gt;
		&lt;td&gt;reject&lt;/td&gt;
		&lt;td&gt;content matches&lt;/td&gt;
		&lt;td colspan="2"&gt;Edit Locally&lt;/td&gt;
	&lt;/tr&gt;
	&lt;tr&gt;
		&lt;td&gt;reject&lt;/td&gt;
		&lt;td&gt;content matches&lt;/td&gt;
		&lt;td colspan="2"&gt;Edit Remotely&lt;/td&gt;
	&lt;/tr&gt;
&lt;/table&gt;
&lt;/div&gt;
&lt;/div&gt;
&lt;/div&gt;
&lt;/div&gt;
&lt;div class="collapsible closed"&gt;&lt;ul&gt;&lt;li&gt;&lt;a href='#' class='expandall'&gt;Expand All&lt;/a&gt;&lt;/li&gt;&lt;li&gt;&lt;a href='#' class='collapseall'&gt;Collapse All&lt;/a&gt;&lt;/li&gt;&lt;/ul&gt;
	&lt;p class="title"&gt;Included page: &lt;a href="FitNesse.SuiteAcceptanceTests.SuiteWikiImportTests.SetUp"&gt;.FitNesse.SuiteAcceptanceTests.SuiteWikiImportTests.SetUp&lt;/a&gt; &lt;a href="FitNesse.SuiteAcceptanceTests.SuiteWikiImportTests.SetUp?edit&amp;amp;redirectToReferer=true&amp;amp;redirectAction=" class="edit"&gt;(edit)&lt;/a&gt;&lt;/p&gt;
	&lt;div&gt;&lt;div class="collapsible"&gt;&lt;ul&gt;&lt;li&gt;&lt;a href='#' class='expandall'&gt;Expand All&lt;/a&gt;&lt;/li&gt;&lt;li&gt;&lt;a href='#' class='collapseall'&gt;Collapse All&lt;/a&gt;&lt;/li&gt;&lt;/ul&gt;
	&lt;p class="title"&gt;Included page: &lt;a href="FitNesse.SuiteAcceptanceTests.SetUp"&gt;&amp;lt;SuiteAcceptanceTests.SetUp&lt;/a&gt; &lt;a href="FitNesse.SuiteAcceptanceTests.SetUp?edit&amp;amp;redirectToReferer=true&amp;amp;redirectAction=" class="edit"&gt;(edit)&lt;/a&gt;&lt;/p&gt;
	&lt;div&gt;&lt;table&gt;
	&lt;tr&gt;
		&lt;td&gt;Import&lt;/td&gt;
	&lt;/tr&gt;
	&lt;tr&gt;
		&lt;td&gt;&lt;span class="pass"&gt;fitnesse.fixtures&lt;/span&gt;&lt;/td&gt;
	&lt;/tr&gt;
&lt;/table&gt;
&lt;br/&gt;&lt;table&gt;
	&lt;tr&gt;
		&lt;td&gt;&lt;span class="pass"&gt;SetUp&lt;/span&gt;&lt;/td&gt;
	&lt;/tr&gt;
&lt;/table&gt;
&lt;/div&gt;
&lt;/div&gt;
&lt;br/&gt;&lt;table&gt;
	&lt;tr&gt;
		&lt;td&gt;Library&lt;/td&gt;
	&lt;/tr&gt;
	&lt;tr&gt;
		&lt;td&gt;&lt;span class="pass"&gt;page driver&lt;/span&gt;&lt;/td&gt;
	&lt;/tr&gt;
	&lt;tr&gt;
		&lt;td&gt;&lt;span class="pass"&gt;echo fixture&lt;/span&gt;&lt;/td&gt;
	&lt;/tr&gt;
&lt;/table&gt;
&lt;br/&gt;&lt;br/&gt;&lt;table&gt;
	&lt;tr&gt;
		&lt;td colspan="3"&gt;&lt;span class="pass"&gt;Page creator.&lt;/span&gt;&lt;/td&gt;
	&lt;/tr&gt;
	&lt;tr&gt;
		&lt;td&gt;Page name.&lt;/td&gt;
		&lt;td&gt;Page contents.&lt;/td&gt;
		&lt;td&gt;valid?&lt;/td&gt;
	&lt;/tr&gt;
	&lt;tr&gt;
		&lt;td&gt;SampleWiki&lt;/td&gt;
		&lt;td&gt;!contents&lt;/td&gt;
		&lt;td&gt;&lt;span class="pass"&gt;true&lt;/span&gt;&lt;/td&gt;
	&lt;/tr&gt;
	&lt;tr&gt;
		&lt;td&gt;SampleWiki.ChildPageOne&lt;/td&gt;
		&lt;td&gt;child page&lt;/td&gt;
		&lt;td&gt;&lt;span class="pass"&gt;true&lt;/span&gt;&lt;/td&gt;
	&lt;/tr&gt;
	&lt;tr&gt;
		&lt;td&gt;SampleWiki.ChildPageOne.GrandChildPageOne&lt;/td&gt;
		&lt;td&gt;grand child page&lt;/td&gt;
		&lt;td&gt;&lt;span class="pass"&gt;true&lt;/span&gt;&lt;/td&gt;
	&lt;/tr&gt;
	&lt;tr&gt;
		&lt;td&gt;SampleWiki.ChildPageOne.GrandChildPageOne.GreatGrandChildPageOne&lt;/td&gt;
		&lt;td&gt;great grand child page&lt;/td&gt;
		&lt;td&gt;&lt;span class="pass"&gt;true&lt;/span&gt;&lt;/td&gt;
	&lt;/tr&gt;
	&lt;tr&gt;
		&lt;td&gt;SampleWiki.ChildPageTwo&lt;/td&gt;
		&lt;td&gt;child page&lt;/td&gt;
		&lt;td&gt;&lt;span class="pass"&gt;true&lt;/span&gt;&lt;/td&gt;
	&lt;/tr&gt;
	&lt;tr&gt;
		&lt;td&gt;SampleWiki.ChildPageTwo.GrandChildPageTwo&lt;/td&gt;
		&lt;td&gt;grand child page&lt;/td&gt;
		&lt;td&gt;&lt;span class="pass"&gt;true&lt;/span&gt;&lt;/td&gt;
	&lt;/tr&gt;
	&lt;tr&gt;
		&lt;td&gt;SampleWiki.ChildPageThree&lt;/td&gt;
		&lt;td&gt;child page&lt;/td&gt;
		&lt;td&gt;&lt;span class="pass"&gt;true&lt;/span&gt;&lt;/td&gt;
	&lt;/tr&gt;
	&lt;tr&gt;
		&lt;td&gt;SampleWiki.ChildWithUnicode&lt;/td&gt;
		&lt;td&gt;Here are some characters that make use of the unicode character set.  They were gathered from wikipedia.
japanese: メインページ
icelandic: Forsíða
ukranian: Головна стаття
thai: หน้าหลัก
greek: Κύρια Σελίδα
arabic: الصفحة الرئيسية&lt;/td&gt;
		&lt;td&gt;&lt;span class="pass"&gt;true&lt;/span&gt;&lt;/td&gt;
	&lt;/tr&gt;
&lt;/table&gt;
&lt;/div&gt;
&lt;/div&gt;
&lt;br/&gt;&lt;center&gt;&lt;h3&gt;Import Update Form on Properties Page&lt;/h3&gt;
&lt;/center&gt;
Once a page has been updated, it no longer has the Wiki Import form.  Instead is has a Wiki Import Update form.  Essentially it is just one button that will update the imported pages.&lt;br/&gt;&lt;br/&gt;First we need a page.&lt;br/&gt;&lt;table&gt;
	&lt;tr&gt;
		&lt;td colspan="3"&gt;&lt;span class="pass"&gt;Page creator.&lt;/span&gt;&lt;/td&gt;
	&lt;/tr&gt;
	&lt;tr&gt;
		&lt;td&gt;Page name.&lt;/td&gt;
		&lt;td&gt;Page contents.&lt;/td&gt;
		&lt;td&gt;valid?&lt;/td&gt;
	&lt;/tr&gt;
	&lt;tr&gt;
		&lt;td&gt;ImportingPage&lt;/td&gt;
		&lt;td&gt;!contents&lt;/td&gt;
		&lt;td&gt;&lt;span class="pass"&gt;true&lt;/span&gt;&lt;/td&gt;
	&lt;/tr&gt;
&lt;/table&gt;
&lt;br/&gt;Import the SampleWiki.&lt;br/&gt;&lt;table&gt;
	&lt;tr&gt;
		&lt;td colspan="2"&gt;&lt;span class="pass"&gt;Response Requester.&lt;/span&gt;&lt;/td&gt;
	&lt;/tr&gt;
	&lt;tr&gt;
		&lt;td&gt;uri&lt;/td&gt;
		&lt;td&gt;valid?&lt;/td&gt;
	&lt;/tr&gt;
	&lt;tr&gt;
		&lt;td&gt;ImportingPage?responder=import&amp;remoteUrl=http://localhost:9123/SampleWiki&lt;/td&gt;
		&lt;td&gt;&lt;span class="pass"&gt;true&lt;/span&gt;&lt;/td&gt;
	&lt;/tr&gt;
&lt;/table&gt;
&lt;br/&gt;Request the properties view of this page.&lt;br/&gt;&lt;table&gt;
	&lt;tr&gt;
		&lt;td colspan="2"&gt;&lt;span class="pass"&gt;Response Requester.&lt;/span&gt;&lt;/td&gt;
	&lt;/tr&gt;
	&lt;tr&gt;
		&lt;td&gt;uri&lt;/td&gt;
		&lt;td&gt;valid?&lt;/td&gt;
	&lt;/tr&gt;
	&lt;tr&gt;
		&lt;td&gt;ImportingPage?properties&lt;/td&gt;
		&lt;td&gt;&lt;span class="pass"&gt;true&lt;/span&gt;&lt;/td&gt;
	&lt;/tr&gt;
&lt;/table&gt;
&lt;br/&gt;Now lets look at the form.&lt;br/&gt;&lt;table&gt;
	&lt;tr&gt;
		&lt;td colspan="4"&gt;&lt;span class="pass"&gt;Response Examiner&lt;/span&gt;&lt;/td&gt;
	&lt;/tr&gt;
	&lt;tr&gt;
		&lt;td&gt;type&lt;/td&gt;
		&lt;td&gt;pattern&lt;/td&gt;
		&lt;td&gt;matches?&lt;/td&gt;
		&lt;td&gt;wrapped html?&lt;/td&gt;
	&lt;/tr&gt;
	&lt;tr&gt;
		&lt;td&gt;contents&lt;/td&gt;
		&lt;td&gt;Wiki Import Update&lt;/td&gt;
		&lt;td&gt;&lt;span class="pass"&gt;true&lt;/span&gt;&lt;/td&gt;
		&lt;td&gt; &lt;span class="ignore"&gt;&lt;pre&gt;HTTP/1.1 200 OK
Cache-Control: max-age=0
Content-Length: 5889
Content-Type: text/html; charset=utf-8

&amp;lt;!DOCTYPE html&amp;gt;
&amp;lt;html&amp;gt;
 &amp;lt;head&amp;gt;
  &amp;lt;meta http-equiv="Content-Type" content="text/html; charset=utf-8"/&amp;gt;
  &amp;lt;title&amp;gt;Properties: ImportingPage&amp;lt;/title&amp;gt;
    &amp;lt;!--[if lt IE 9]&amp;gt;
   &amp;lt;script&amp;gt;
    document.createElement('header');
    document.createElement('nav');
    document.createElement('section');
    document.createElement('article');
    document.createElement('footer');
   &amp;lt;/script&amp;gt;
  &amp;lt;![endif]--&amp;gt;
  
  &amp;lt;link rel="stylesheet" type="text/css" href="/files/fitnesse/css/fitnesse_wiki.css" /&amp;gt;
  &amp;lt;link rel="stylesheet" type="text/css" href="/files/fitnesse/css/fitnesse_pages.css" /&amp;gt;
  &amp;lt;link rel="stylesheet" type="text/css" href="/files/fitnesse/css/fitnesse_straight.css" /&amp;gt;
  &amp;lt;link rel="stylesheet" type="text/css" href="/files/fitnesse/wysiwyg/wysiwyg.css" media="screen"/&amp;gt;
  &amp;lt;link rel="stylesheet" type="text/css" href="/files/fitnesse/question.mark/question.mark.css" /&amp;gt;
  &amp;lt;link rel="wysiwyg.base" href="/" /&amp;gt;
  &amp;lt;link rel="wysiwyg.stylesheet" type="text/css" href="/files/fitnesse/css/fitnesse.css" media="screen" /&amp;gt;
  &amp;lt;link rel="wysiwyg.stylesheet" type="text/css" href="/files/fitnesse/wysiwyg/editor.css" media="screen" /&amp;gt;
  &amp;lt;link rel="shortcut icon" type="image/png" href="/files/fitnesse/images/favicon.png" /&amp;gt;
  &amp;lt;script src="/files/fitnesse/javascript/jquery-1.7.2.min.js" type="text/javascript"&amp;gt;&amp;lt;/script&amp;gt;
  &amp;lt;script src="/files/fitnesse/javascript/fitnesse.js" type="text/javascript"&amp;gt;&amp;lt;/script&amp;gt;
  &amp;lt;script src="/files/fitnesse/javascript/fitnesse_straight.js" type="text/javascript"&amp;gt;&amp;lt;/script&amp;gt;
 &amp;lt;/head&amp;gt;
 &amp;lt;body class="propertiesPage"&amp;gt;

  &amp;lt;header&amp;gt;
   &amp;lt;a href="/FrontPage" id="art_niche"&amp;gt;&amp;lt;span&amp;gt;FitNesse&amp;lt;/span&amp;gt;&amp;lt;/a&amp;gt;

&amp;lt;ul&amp;gt;
&amp;lt;/ul&amp;gt;
&amp;lt;h1&amp;gt;&amp;lt;a href="/ImportingPage"&amp;gt;ImportingPage&amp;lt;/a&amp;gt;&amp;lt;/h1&amp;gt;



  &amp;lt;/header&amp;gt;
  
    
  &amp;lt;nav&amp;gt;
   &amp;lt;ul&amp;gt;
 &amp;lt;li&amp;gt;&amp;lt;a href="/ImportingPage"&amp;gt;View&amp;lt;/a&amp;gt;&amp;lt;/li&amp;gt;
&amp;lt;/ul&amp;gt;  &amp;lt;/nav&amp;gt;
  
  &amp;lt;article&amp;gt;
    &amp;lt;p&amp;gt;Last modified anonymously&amp;lt;/p&amp;gt;
 &amp;lt;form method="post"&amp;gt;
  &amp;lt;input type="hidden" name="responder" value="saveProperties"/&amp;gt;
  
  &amp;lt;h2&amp;gt;Page properties&amp;lt;/h2&amp;gt;
  &amp;lt;div class="properties"&amp;gt;
   &amp;lt;fieldset&amp;gt;
    &amp;lt;legend&amp;gt;Page type:&amp;lt;/legend&amp;gt;
        &amp;lt;label for="Static"&amp;gt;&amp;lt;input type="radio" id="Static" name="PageType" value="Static" checked="checked"/&amp;gt;Static&amp;lt;/label&amp;gt;
        &amp;lt;label for="Test"&amp;gt;&amp;lt;input type="radio" id="Test" name="PageType" value="Test"/&amp;gt;Test&amp;lt;/label&amp;gt;
        &amp;lt;label for="Suite"&amp;gt;&amp;lt;input type="radio" id="Suite" name="PageType" value="Suite"/&amp;gt;Suite&amp;lt;/label&amp;gt;
        
    &amp;lt;label for="Prune"&amp;gt;&amp;lt;input type="checkbox" id="Prune" name="Prune"/&amp;gt;Skip (Recursive)&amp;lt;/label&amp;gt;
   &amp;lt;/fieldset&amp;gt;
     
   &amp;lt;fieldset&amp;gt;
    &amp;lt;legend&amp;gt;Actions:&amp;lt;/legend&amp;gt;
        &amp;lt;label for="Edit"&amp;gt;&amp;lt;input type="checkbox" id="Edit" name="Edit" checked="checked"/&amp;gt;Edit&amp;lt;/label&amp;gt;
        &amp;lt;label for="Versions"&amp;gt;&amp;lt;input type="checkbox" id="Versions" name="Versions" checked="checked"/&amp;gt;Versions&amp;lt;/label&amp;gt;
        &amp;lt;label for="Properties"&amp;gt;&amp;lt;input type="checkbox" id="Properties" name="Properties" checked="checked"/&amp;gt;Properties&amp;lt;/label&amp;gt;
        &amp;lt;label for="Refactor"&amp;gt;&amp;lt;input type="checkbox" id="Refactor" name="Refactor" checked="checked"/&amp;gt;Refactor&amp;lt;/label&amp;gt;
        &amp;lt;label for="WhereUsed"&amp;gt;&amp;lt;input type="checkbox" id="WhereUsed" name="WhereUsed" checked="checked"/&amp;gt;WhereUsed&amp;lt;/label&amp;gt;
       &amp;lt;/fieldset&amp;gt;

   &amp;lt;fieldset&amp;gt;
    &amp;lt;legend&amp;gt;Navigation:&amp;lt;/legend&amp;gt;
        &amp;lt;label for="RecentChanges"&amp;gt;&amp;lt;input type="checkbox" id="RecentChanges" name="RecentChanges" checked="checked"/&amp;gt;RecentChanges&amp;lt;/label&amp;gt;
        &amp;lt;label for="Files"&amp;gt;&amp;lt;input type="checkbox" id="Files" name="Files" checked="checked"/&amp;gt;Files&amp;lt;/label&amp;gt;
        &amp;lt;label for="Search"&amp;gt;&amp;lt;input type="checkbox" id="Search" name="Search" checked="checked"/&amp;gt;Search&amp;lt;/label&amp;gt;
       &amp;lt;/fieldset&amp;gt;
    
   &amp;lt;fieldset&amp;gt;
    &amp;lt;legend&amp;gt;Security:&amp;lt;/legend&amp;gt;
    	&amp;lt;label for="secure-read"&amp;gt;&amp;lt;input type="checkbox" id="secure-read" name="secure-read"/&amp;gt;secure-read&amp;lt;/label&amp;gt;
    	&amp;lt;label for="secure-write"&amp;gt;&amp;lt;input type="checkbox" id="secure-write" name="secure-write"/&amp;gt;secure-write&amp;lt;/label&amp;gt;
    	&amp;lt;label for="secure-test"&amp;gt;&amp;lt;input type="checkbox" id="secure-test" name="secure-test"/&amp;gt;secure-test&amp;lt;/label&amp;gt;
       &amp;lt;/fieldset&amp;gt;
  &amp;lt;/div&amp;gt;

  &amp;lt;div id="virtual-wiki-properties"&amp;gt;
   &amp;lt;fieldset&amp;gt;
    &amp;lt;label for="HelpText"&amp;gt;Help text:&amp;lt;/label&amp;gt;
    &amp;lt;input type="text" id="HelpText" name="HelpText" value="" size="70"/&amp;gt;
   &amp;lt;/fieldset&amp;gt;
    
   &amp;lt;fieldset&amp;gt;
    &amp;lt;label for="Suites"&amp;gt;Tags:&amp;lt;/label&amp;gt;
     &amp;lt;input type="text" id="Suites" title="Separate tags by a comma" name="Suites" value="" size="70"/&amp;gt;
   &amp;lt;/fieldset&amp;gt;
  &amp;lt;/div&amp;gt;
  &amp;lt;fieldset class="buttons"&amp;gt;
   &amp;lt;input type="submit" name="Save" value="Save Properties" accesskey="s"/&amp;gt;
  &amp;lt;/fieldset&amp;gt;
 &amp;lt;/form&amp;gt;

 &amp;lt;form method="post" action="" id="wiki-import"&amp;gt;
     &amp;lt;h2&amp;gt;Wiki Import Update&amp;lt;/h2&amp;gt;
   &amp;lt;p&amp;gt;&amp;lt;a href="ImportingPage"&amp;gt;ImportingPage&amp;lt;/a&amp;gt;
   imports its subpages from
   &amp;lt;a href="http://localhost:9123/SampleWiki"&amp;gt;http://localhost:9123/SampleWiki&amp;lt;/a&amp;gt;.&amp;lt;/p&amp;gt;
       
   &amp;lt;label class="checkbox" for="autoUpdate"&amp;gt;&amp;lt;input type="checkbox" id="autoUpdate" name="autoUpdate"/&amp;gt;Automatically update imported content when executing tests&amp;lt;/label&amp;gt;
   &amp;lt;input type="hidden" name="responder" value="import"/&amp;gt;
  &amp;lt;/fieldset&amp;gt;
  &amp;lt;fieldset class="buttons"&amp;gt;
   &amp;lt;input type="submit" name="save" value="Update Subpages"/&amp;gt;
  &amp;lt;/fieldset&amp;gt;
 &amp;lt;/form&amp;gt;
 
 
 &amp;lt;form method="get" action="" name="symbolics" id="symbolics"&amp;gt;
  &amp;lt;input type="hidden" name="responder" value="symlink"/&amp;gt;
  &amp;lt;h2&amp;gt;Symbolic Links&amp;lt;/h2&amp;gt;
  &amp;lt;table class="dirListing"&amp;gt;
   &amp;lt;tr&amp;gt;
    &amp;lt;th&amp;gt;Name&amp;lt;/th&amp;gt;
    &amp;lt;th&amp;gt;Path to Page&amp;lt;/th&amp;gt;
    &amp;lt;th&amp;gt;Actions&amp;lt;/th&amp;gt;
   &amp;lt;/tr&amp;gt;
      &amp;lt;tr&amp;gt;
    &amp;lt;td&amp;gt;
     &amp;lt;input type="text" name="linkName" size="30"/&amp;gt;
    &amp;lt;/td&amp;gt;
    &amp;lt;td&amp;gt;
     &amp;lt;input type="text" name="linkPath" size="70"/&amp;gt;
    &amp;lt;/td&amp;gt;
    &amp;lt;td&amp;gt;
     &amp;lt;input type="submit" name="submit" value="Create/Replace"/&amp;gt;
    &amp;lt;/td&amp;gt;
   &amp;lt;/tr&amp;gt;
  &amp;lt;/table&amp;gt;
  
  &amp;lt;a class="button" href="ImportingPage"&amp;gt;Cancel&amp;lt;/a&amp;gt;

 &amp;lt;/form&amp;gt;


&amp;lt;script src="/files/fitnesse/javascript/jquery.tagsinput.js" type="text/javascript"&amp;gt;&amp;lt;/script&amp;gt;
&amp;lt;script type="text/javascript"&amp;gt;
$(function () {
  /* Tags */
  $('#Suites').tagsInput();
});
&amp;lt;/script&amp;gt;
  &amp;lt;/article&amp;gt;
  
  
 &amp;lt;/body&amp;gt;
&amp;lt;/html&amp;gt;
&lt;/pre&gt;&lt;/span&gt;&lt;/td&gt;
	&lt;/tr&gt;
&lt;/table&gt;
&lt;br/&gt;&lt;table&gt;
	&lt;tr&gt;
		&lt;td colspan="3"&gt;&lt;span class="pass"&gt;Response Examiner&lt;/span&gt;&lt;/td&gt;
	&lt;/tr&gt;
	&lt;tr&gt;
		&lt;td&gt;type&lt;/td&gt;
		&lt;td&gt;pattern&lt;/td&gt;
		&lt;td&gt;matches?&lt;/td&gt;
	&lt;/tr&gt;
	&lt;tr&gt;
		&lt;td&gt;contents&lt;/td&gt;
		&lt;td&gt;&lt;input .* name="remoteUrl"&lt;/td&gt;
		&lt;td&gt;&lt;span class="pass"&gt;false&lt;/span&gt;&lt;/td&gt;
	&lt;/tr&gt;
	&lt;tr&gt;
		&lt;td&gt;contents&lt;/td&gt;
		&lt;td&gt;&lt;input .* type="submit" .* value="Update Subpages"&lt;/td&gt;
		&lt;td&gt;&lt;span class="pass"&gt;true&lt;/span&gt;&lt;/td&gt;
	&lt;/tr&gt;
&lt;/table&gt;
&lt;div class="collapsible closed"&gt;&lt;ul&gt;&lt;li&gt;&lt;a href='#' class='expandall'&gt;Expand All&lt;/a&gt;&lt;/li&gt;&lt;li&gt;&lt;a href='#' class='collapseall'&gt;Collapse All&lt;/a&gt;&lt;/li&gt;&lt;/ul&gt;
	&lt;p class="title"&gt;Included page: &lt;a href="FitNesse.SuiteAcceptanceTests.TearDown"&gt;.FitNesse.SuiteAcceptanceTests.TearDown&lt;/a&gt; &lt;a href="FitNesse.SuiteAcceptanceTests.TearDown?edit&amp;amp;redirectToReferer=true&amp;amp;redirectAction=" class="edit"&gt;(edit)&lt;/a&gt;&lt;/p&gt;
	&lt;div&gt;&lt;hr/&gt;
&lt;br/&gt;&lt;table&gt;
	&lt;tr&gt;
		&lt;td&gt;&lt;span class="pass"&gt;tear down&lt;/span&gt;&lt;/td&gt;
	&lt;/tr&gt;
&lt;/table&gt;
&lt;br/&gt;&lt;/div&gt;
&lt;/div&gt;
</content>
    <relativePageName>TestPropertiesPageHasUpdateForm</relativePageName>
    
    
    
    <instructions>
            <instructionResult>
        <instruction>{id='import_29_0', instruction='import', path='fitnesse.fixtures'}</instruction>
        <slimResult>pass(fitnesse.fixtures)</slimResult>
                <expectation>
                    <status>pass</status>
                    <instructionId>import_29_0</instructionId>
                    <col>0</col>
                              <row>1</row>
                    <type>ImportExpectation</type>
                                        <evaluationMessage>fitnesse.fixtures</evaluationMessage>
                  </expectation>
        
      </instructionResult>
            <instructionResult>
        <instruction>{id='decisionTable_30_0', instruction='make', instanceName='decisionTable_30', className='SetUp', args=[]}</instruction>
        <slimResult>pass(SetUp)</slimResult>
                <expectation>
                    <status>pass</status>
                    <instructionId>decisionTable_30_0</instructionId>
                    <col>0</col>
                              <row>0</row>
                    <type>ConstructionExpectation</type>
                                        <evaluationMessage>SetUp</evaluationMessage>
                  </expectation>
        
      </instructionResult>
            <instructionResult>
        <instruction>{id='library_31_0', instruction='make', instanceName='library1', className='PageDriver', args=[]}</instruction>
        <slimResult>pass(page driver)</slimResult>
                <expectation>
                    <status>pass</status>
                    <instructionId>library_31_0</instructionId>
                    <col>0</col>
                              <row>1</row>
                    <type>ConstructionExpectation</type>
                                        <evaluationMessage>page driver</evaluationMessage>
                  </expectation>
        
      </instructionResult>
            <instructionResult>
        <instruction>{id='library_31_1', instruction='make', instanceName='library2', className='EchoFixture', args=[]}</instruction>
        <slimResult>pass(echo fixture)</slimResult>
                <expectation>
                    <status>pass</status>
                    <instructionId>library_31_1</instructionId>
                    <col>0</col>
                              <row>2</row>
                    <type>ConstructionExpectation</type>
                                        <evaluationMessage>echo fixture</evaluationMessage>
                  </expectation>
        
      </instructionResult>
            <instructionResult>
        <instruction>{id='decisionTable_32_0', instruction='make', instanceName='decisionTable_32', className='PageCreator', args=[]}</instruction>
        <slimResult>pass(Page creator.)</slimResult>
                <expectation>
                    <status>pass</status>
                    <instructionId>decisionTable_32_0</instructionId>
                    <col>0</col>
                              <row>0</row>
                    <type>ConstructionExpectation</type>
                                        <evaluationMessage>Page creator.</evaluationMessage>
                  </expectation>
        
      </instructionResult>
            <instructionResult>
        <instruction>{id='decisionTable_32_4', instruction='call', instanceName='decisionTable_32', methodName='setPageName', args=[SampleWiki]}</instruction>
        <slimResult></slimResult>
                <expectation>
                    <instructionId>decisionTable_32_4</instructionId>
                    <col>0</col>
                              <row>2</row>
                    <type>VoidReturnExpectation</type>
                                      </expectation>
        
      </instructionResult>
            <instructionResult>
        <instruction>{id='decisionTable_32_5', instruction='call', instanceName='decisionTable_32', methodName='setPageContents', args=[!contents]}</instruction>
        <slimResult></slimResult>
                <expectation>
                    <instructionId>decisionTable_32_5</instructionId>
                    <col>1</col>
                              <row>2</row>
                    <type>VoidReturnExpectation</type>
                                      </expectation>
        
      </instructionResult>
            <instructionResult>
        <instruction>{id='decisionTable_32_7', instruction='call', instanceName='decisionTable_32', methodName='valid', args=[]}</instruction>
        <slimResult>pass(true)</slimResult>
                <expectation>
                    <status>pass</status>
                    <instructionId>decisionTable_32_7</instructionId>
                    <col>2</col>
                              <row>2</row>
                    <type>ReturnedValueExpectation</type>
                                        <evaluationMessage>true</evaluationMessage>
                  </expectation>
        
      </instructionResult>
            <instructionResult>
        <instruction>{id='decisionTable_32_9', instruction='call', instanceName='decisionTable_32', methodName='setPageName', args=[SampleWiki.ChildPageOne]}</instruction>
        <slimResult></slimResult>
                <expectation>
                    <instructionId>decisionTable_32_9</instructionId>
                    <col>0</col>
                              <row>3</row>
                    <type>VoidReturnExpectation</type>
                                      </expectation>
        
      </instructionResult>
            <instructionResult>
        <instruction>{id='decisionTable_32_10', instruction='call', instanceName='decisionTable_32', methodName='setPageContents', args=[child page]}</instruction>
        <slimResult></slimResult>
                <expectation>
                    <instructionId>decisionTable_32_10</instructionId>
                    <col>1</col>
                              <row>3</row>
                    <type>VoidReturnExpectation</type>
                                      </expectation>
        
      </instructionResult>
            <instructionResult>
        <instruction>{id='decisionTable_32_12', instruction='call', instanceName='decisionTable_32', methodName='valid', args=[]}</instruction>
        <slimResult>pass(true)</slimResult>
                <expectation>
                    <status>pass</status>
                    <instructionId>decisionTable_32_12</instructionId>
                    <col>2</col>
                              <row>3</row>
                    <type>ReturnedValueExpectation</type>
                                        <evaluationMessage>true</evaluationMessage>
                  </expectation>
        
      </instructionResult>
            <instructionResult>
        <instruction>{id='decisionTable_32_14', instruction='call', instanceName='decisionTable_32', methodName='setPageName', args=[SampleWiki.ChildPageOne.GrandChildPageOne]}</instruction>
        <slimResult></slimResult>
                <expectation>
                    <instructionId>decisionTable_32_14</instructionId>
                    <col>0</col>
                              <row>4</row>
                    <type>VoidReturnExpectation</type>
                                      </expectation>
        
      </instructionResult>
            <instructionResult>
        <instruction>{id='decisionTable_32_15', instruction='call', instanceName='decisionTable_32', methodName='setPageContents', args=[grand child page]}</instruction>
        <slimResult></slimResult>
                <expectation>
                    <instructionId>decisionTable_32_15</instructionId>
                    <col>1</col>
                              <row>4</row>
                    <type>VoidReturnExpectation</type>
                                      </expectation>
        
      </instructionResult>
            <instructionResult>
        <instruction>{id='decisionTable_32_17', instruction='call', instanceName='decisionTable_32', methodName='valid', args=[]}</instruction>
        <slimResult>pass(true)</slimResult>
                <expectation>
                    <status>pass</status>
                    <instructionId>decisionTable_32_17</instructionId>
                    <col>2</col>
                              <row>4</row>
                    <type>ReturnedValueExpectation</type>
                                        <evaluationMessage>true</evaluationMessage>
                  </expectation>
        
      </instructionResult>
            <instructionResult>
        <instruction>{id='decisionTable_32_19', instruction='call', instanceName='decisionTable_32', methodName='setPageName', args=[SampleWiki.ChildPageOne.GrandChildPageOne.GreatGrandChildPageOne]}</instruction>
        <slimResult></slimResult>
                <expectation>
                    <instructionId>decisionTable_32_19</instructionId>
                    <col>0</col>
                              <row>5</row>
                    <type>VoidReturnExpectation</type>
                                      </expectation>
        
      </instructionResult>
            <instructionResult>
        <instruction>{id='decisionTable_32_20', instruction='call', instanceName='decisionTable_32', methodName='setPageContents', args=[great grand child page]}</instruction>
        <slimResult></slimResult>
                <expectation>
                    <instructionId>decisionTable_32_20</instructionId>
                    <col>1</col>
                              <row>5</row>
                    <type>VoidReturnExpectation</type>
                                      </expectation>
        
      </instructionResult>
            <instructionResult>
        <instruction>{id='decisionTable_32_22', instruction='call', instanceName='decisionTable_32', methodName='valid', args=[]}</instruction>
        <slimResult>pass(true)</slimResult>
                <expectation>
                    <status>pass</status>
                    <instructionId>decisionTable_32_22</instructionId>
                    <col>2</col>
                              <row>5</row>
                    <type>ReturnedValueExpectation</type>
                                        <evaluationMessage>true</evaluationMessage>
                  </expectation>
        
      </instructionResult>
            <instructionResult>
        <instruction>{id='decisionTable_32_24', instruction='call', instanceName='decisionTable_32', methodName='setPageName', args=[SampleWiki.ChildPageTwo]}</instruction>
        <slimResult></slimResult>
                <expectation>
                    <instructionId>decisionTable_32_24</instructionId>
                    <col>0</col>
                              <row>6</row>
                    <type>VoidReturnExpectation</type>
                                      </expectation>
        
      </instructionResult>
            <instructionResult>
        <instruction>{id='decisionTable_32_25', instruction='call', instanceName='decisionTable_32', methodName='setPageContents', args=[child page]}</instruction>
        <slimResult></slimResult>
                <expectation>
                    <instructionId>decisionTable_32_25</instructionId>
                    <col>1</col>
                              <row>6</row>
                    <type>VoidReturnExpectation</type>
                                      </expectation>
        
      </instructionResult>
            <instructionResult>
        <instruction>{id='decisionTable_32_27', instruction='call', instanceName='decisionTable_32', methodName='valid', args=[]}</instruction>
        <slimResult>pass(true)</slimResult>
                <expectation>
                    <status>pass</status>
                    <instructionId>decisionTable_32_27</instructionId>
                    <col>2</col>
                              <row>6</row>
                    <type>ReturnedValueExpectation</type>
                                        <evaluationMessage>true</evaluationMessage>
                  </expectation>
        
      </instructionResult>
            <instructionResult>
        <instruction>{id='decisionTable_32_29', instruction='call', instanceName='decisionTable_32', methodName='setPageName', args=[SampleWiki.ChildPageTwo.GrandChildPageTwo]}</instruction>
        <slimResult></slimResult>
                <expectation>
                    <instructionId>decisionTable_32_29</instructionId>
                    <col>0</col>
                              <row>7</row>
                    <type>VoidReturnExpectation</type>
                                      </expectation>
        
      </instructionResult>
            <instructionResult>
        <instruction>{id='decisionTable_32_30', instruction='call', instanceName='decisionTable_32', methodName='setPageContents', args=[grand child page]}</instruction>
        <slimResult></slimResult>
                <expectation>
                    <instructionId>decisionTable_32_30</instructionId>
                    <col>1</col>
                              <row>7</row>
                    <type>VoidReturnExpectation</type>
                                      </expectation>
        
      </instructionResult>
            <instructionResult>
        <instruction>{id='decisionTable_32_32', instruction='call', instanceName='decisionTable_32', methodName='valid', args=[]}</instruction>
        <slimResult>pass(true)</slimResult>
                <expectation>
                    <status>pass</status>
                    <instructionId>decisionTable_32_32</instructionId>
                    <col>2</col>
                              <row>7</row>
                    <type>ReturnedValueExpectation</type>
                                        <evaluationMessage>true</evaluationMessage>
                  </expectation>
        
      </instructionResult>
            <instructionResult>
        <instruction>{id='decisionTable_32_34', instruction='call', instanceName='decisionTable_32', methodName='setPageName', args=[SampleWiki.ChildPageThree]}</instruction>
        <slimResult></slimResult>
                <expectation>
                    <instructionId>decisionTable_32_34</instructionId>
                    <col>0</col>
                              <row>8</row>
                    <type>VoidReturnExpectation</type>
                                      </expectation>
        
      </instructionResult>
            <instructionResult>
        <instruction>{id='decisionTable_32_35', instruction='call', instanceName='decisionTable_32', methodName='setPageContents', args=[child page]}</instruction>
        <slimResult></slimResult>
                <expectation>
                    <instructionId>decisionTable_32_35</instructionId>
                    <col>1</col>
                              <row>8</row>
                    <type>VoidReturnExpectation</type>
                                      </expectation>
        
      </instructionResult>
            <instructionResult>
        <instruction>{id='decisionTable_32_37', instruction='call', instanceName='decisionTable_32', methodName='valid', args=[]}</instruction>
        <slimResult>pass(true)</slimResult>
                <expectation>
                    <status>pass</status>
                    <instructionId>decisionTable_32_37</instructionId>
                    <col>2</col>
                              <row>8</row>
                    <type>ReturnedValueExpectation</type>
                                        <evaluationMessage>true</evaluationMessage>
                  </expectation>
        
      </instructionResult>
            <instructionResult>
        <instruction>{id='decisionTable_32_39', instruction='call', instanceName='decisionTable_32', methodName='setPageName', args=[SampleWiki.ChildWithUnicode]}</instruction>
        <slimResult></slimResult>
                <expectation>
                    <instructionId>decisionTable_32_39</instructionId>
                    <col>0</col>
                              <row>9</row>
                    <type>VoidReturnExpectation</type>
                                      </expectation>
        
      </instructionResult>
            <instructionResult>
        <instruction>{id='decisionTable_32_40', instruction='call', instanceName='decisionTable_32', methodName='setPageContents', args=[Here are some characters that make use of the unicode character set.  They were gathered from wikipedia.
japanese: メインページ
icelandic: Forsíða
ukranian: Головна стаття
thai: หน้าหลัก
greek: Κύρια Σελίδα
arabic: الصفحة الرئيسية]}</instruction>
        <slimResult></slimResult>
                <expectation>
                    <instructionId>decisionTable_32_40</instructionId>
                    <col>1</col>
                              <row>9</row>
                    <type>VoidReturnExpectation</type>
                                      </expectation>
        
      </instructionResult>
            <instructionResult>
        <instruction>{id='decisionTable_32_42', instruction='call', instanceName='decisionTable_32', methodName='valid', args=[]}</instruction>
        <slimResult>pass(true)</slimResult>
                <expectation>
                    <status>pass</status>
                    <instructionId>decisionTable_32_42</instructionId>
                    <col>2</col>
                              <row>9</row>
                    <type>ReturnedValueExpectation</type>
                                        <evaluationMessage>true</evaluationMessage>
                  </expectation>
        
      </instructionResult>
            <instructionResult>
        <instruction>{id='decisionTable_33_0', instruction='make', instanceName='decisionTable_33', className='PageCreator', args=[]}</instruction>
        <slimResult>pass(Page creator.)</slimResult>
                <expectation>
                    <status>pass</status>
                    <instructionId>decisionTable_33_0</instructionId>
                    <col>0</col>
                              <row>0</row>
                    <type>ConstructionExpectation</type>
                                        <evaluationMessage>Page creator.</evaluationMessage>
                  </expectation>
        
      </instructionResult>
            <instructionResult>
        <instruction>{id='decisionTable_33_4', instruction='call', instanceName='decisionTable_33', methodName='setPageName', args=[ImportingPage]}</instruction>
        <slimResult></slimResult>
                <expectation>
                    <instructionId>decisionTable_33_4</instructionId>
                    <col>0</col>
                              <row>2</row>
                    <type>VoidReturnExpectation</type>
                                      </expectation>
        
      </instructionResult>
            <instructionResult>
        <instruction>{id='decisionTable_33_5', instruction='call', instanceName='decisionTable_33', methodName='setPageContents', args=[!contents]}</instruction>
        <slimResult></slimResult>
                <expectation>
                    <instructionId>decisionTable_33_5</instructionId>
                    <col>1</col>
                              <row>2</row>
                    <type>VoidReturnExpectation</type>
                                      </expectation>
        
      </instructionResult>
            <instructionResult>
        <instruction>{id='decisionTable_33_7', instruction='call', instanceName='decisionTable_33', methodName='valid', args=[]}</instruction>
        <slimResult>pass(true)</slimResult>
                <expectation>
                    <status>pass</status>
                    <instructionId>decisionTable_33_7</instructionId>
                    <col>2</col>
                              <row>2</row>
                    <type>ReturnedValueExpectation</type>
                                        <evaluationMessage>true</evaluationMessage>
                  </expectation>
        
      </instructionResult>
            <instructionResult>
        <instruction>{id='decisionTable_34_0', instruction='make', instanceName='decisionTable_34', className='ResponseRequester', args=[]}</instruction>
        <slimResult>pass(Response Requester.)</slimResult>
                <expectation>
                    <status>pass</status>
                    <instructionId>decisionTable_34_0</instructionId>
                    <col>0</col>
                              <row>0</row>
                    <type>ConstructionExpectation</type>
                                        <evaluationMessage>Response Requester.</evaluationMessage>
                  </expectation>
        
      </instructionResult>
            <instructionResult>
        <instruction>{id='decisionTable_34_4', instruction='call', instanceName='decisionTable_34', methodName='setUri', args=[ImportingPage?responder=import&amp;remoteUrl=http://localhost:9123/SampleWiki]}</instruction>
        <slimResult></slimResult>
                <expectation>
                    <instructionId>decisionTable_34_4</instructionId>
                    <col>0</col>
                              <row>2</row>
                    <type>VoidReturnExpectation</type>
                                      </expectation>
        
      </instructionResult>
            <instructionResult>
        <instruction>{id='decisionTable_34_6', instruction='call', instanceName='decisionTable_34', methodName='valid', args=[]}</instruction>
        <slimResult>pass(true)</slimResult>
                <expectation>
                    <status>pass</status>
                    <instructionId>decisionTable_34_6</instructionId>
                    <col>1</col>
                              <row>2</row>
                    <type>ReturnedValueExpectation</type>
                                        <evaluationMessage>true</evaluationMessage>
                  </expectation>
        
      </instructionResult>
            <instructionResult>
        <instruction>{id='decisionTable_35_0', instruction='make', instanceName='decisionTable_35', className='ResponseRequester', args=[]}</instruction>
        <slimResult>pass(Response Requester.)</slimResult>
                <expectation>
                    <status>pass</status>
                    <instructionId>decisionTable_35_0</instructionId>
                    <col>0</col>
                              <row>0</row>
                    <type>ConstructionExpectation</type>
                                        <evaluationMessage>Response Requester.</evaluationMessage>
                  </expectation>
        
      </instructionResult>
            <instructionResult>
        <instruction>{id='decisionTable_35_4', instruction='call', instanceName='decisionTable_35', methodName='setUri', args=[ImportingPage?properties]}</instruction>
        <slimResult></slimResult>
                <expectation>
                    <instructionId>decisionTable_35_4</instructionId>
                    <col>0</col>
                              <row>2</row>
                    <type>VoidReturnExpectation</type>
                                      </expectation>
        
      </instructionResult>
            <instructionResult>
        <instruction>{id='decisionTable_35_6', instruction='call', instanceName='decisionTable_35', methodName='valid', args=[]}</instruction>
        <slimResult>pass(true)</slimResult>
                <expectation>
                    <status>pass</status>
                    <instructionId>decisionTable_35_6</instructionId>
                    <col>1</col>
                              <row>2</row>
                    <type>ReturnedValueExpectation</type>
                                        <evaluationMessage>true</evaluationMessage>
                  </expectation>
        
      </instructionResult>
            <instructionResult>
        <instruction>{id='decisionTable_36_0', instruction='make', instanceName='decisionTable_36', className='ResponseExaminer', args=[]}</instruction>
        <slimResult>pass(Response Examiner)</slimResult>
                <expectation>
                    <status>pass</status>
                    <instructionId>decisionTable_36_0</instructionId>
                    <col>0</col>
                              <row>0</row>
                    <type>ConstructionExpectation</type>
                                        <evaluationMessage>Response Examiner</evaluationMessage>
                  </expectation>
        
      </instructionResult>
            <instructionResult>
        <instruction>{id='decisionTable_36_4', instruction='call', instanceName='decisionTable_36', methodName='setType', args=[contents]}</instruction>
        <slimResult></slimResult>
                <expectation>
                    <instructionId>decisionTable_36_4</instructionId>
                    <col>0</col>
                              <row>2</row>
                    <type>VoidReturnExpectation</type>
                                      </expectation>
        
      </instructionResult>
            <instructionResult>
        <instruction>{id='decisionTable_36_5', instruction='call', instanceName='decisionTable_36', methodName='setPattern', args=[Wiki Import Update]}</instruction>
        <slimResult></slimResult>
                <expectation>
                    <instructionId>decisionTable_36_5</instructionId>
                    <col>1</col>
                              <row>2</row>
                    <type>VoidReturnExpectation</type>
                                      </expectation>
        
      </instructionResult>
            <instructionResult>
        <instruction>{id='decisionTable_36_7', instruction='call', instanceName='decisionTable_36', methodName='matches', args=[]}</instruction>
        <slimResult>pass(true)</slimResult>
                <expectation>
                    <status>pass</status>
                    <instructionId>decisionTable_36_7</instructionId>
                    <col>2</col>
                              <row>2</row>
                    <type>ReturnedValueExpectation</type>
                                        <evaluationMessage>true</evaluationMessage>
                  </expectation>
        
      </instructionResult>
            <instructionResult>
        <instruction>{id='decisionTable_36_8', instruction='call', instanceName='decisionTable_36', methodName='wrappedHtml', args=[]}</instruction>
        <slimResult>ignore(&lt;pre&gt;HTTP/1.1 200 OK
Cache-Control: max-age=0
Content-Length: 5889
Content-Type: text/html; charset=utf-8

&amp;lt;!DOCTYPE html&amp;gt;
&amp;lt;html&amp;gt;
 &amp;lt;head&amp;gt;
  &amp;lt;meta http-equiv="Content-Type" content="text/html; charset=utf-8"/&amp;gt;
  &amp;lt;title&amp;gt;Properties: ImportingPage&amp;lt;/title&amp;gt;
    &amp;lt;!--[if lt IE 9]&amp;gt;
   &amp;lt;script&amp;gt;
    document.createElement('header');
    document.createElement('nav');
    document.createElement('section');
    document.createElement('article');
    document.createElement('footer');
   &amp;lt;/script&amp;gt;
  &amp;lt;![endif]--&amp;gt;
  
  &amp;lt;link rel="stylesheet" type="text/css" href="/files/fitnesse/css/fitnesse_wiki.css" /&amp;gt;
  &amp;lt;link rel="stylesheet" type="text/css" href="/files/fitnesse/css/fitnesse_pages.css" /&amp;gt;
  &amp;lt;link rel="stylesheet" type="text/css" href="/files/fitnesse/css/fitnesse_straight.css" /&amp;gt;
  &amp;lt;link rel="stylesheet" type="text/css" href="/files/fitnesse/wysiwyg/wysiwyg.css" media="screen"/&amp;gt;
  &amp;lt;link rel="stylesheet" type="text/css" href="/files/fitnesse/question.mark/question.mark.css" /&amp;gt;
  &amp;lt;link rel="wysiwyg.base" href="/" /&amp;gt;
  &amp;lt;link rel="wysiwyg.stylesheet" type="text/css" href="/files/fitnesse/css/fitnesse.css" media="screen" /&amp;gt;
  &amp;lt;link rel="wysiwyg.stylesheet" type="text/css" href="/files/fitnesse/wysiwyg/editor.css" media="screen" /&amp;gt;
  &amp;lt;link rel="shortcut icon" type="image/png" href="/files/fitnesse/images/favicon.png" /&amp;gt;
  &amp;lt;script src="/files/fitnesse/javascript/jquery-1.7.2.min.js" type="text/javascript"&amp;gt;&amp;lt;/script&amp;gt;
  &amp;lt;script src="/files/fitnesse/javascript/fitnesse.js" type="text/javascript"&amp;gt;&amp;lt;/script&amp;gt;
  &amp;lt;script src="/files/fitnesse/javascript/fitnesse_straight.js" type="text/javascript"&amp;gt;&amp;lt;/script&amp;gt;
 &amp;lt;/head&amp;gt;
 &amp;lt;body class="propertiesPage"&amp;gt;

  &amp;lt;header&amp;gt;
   &amp;lt;a href="/FrontPage" id="art_niche"&amp;gt;&amp;lt;span&amp;gt;FitNesse&amp;lt;/span&amp;gt;&amp;lt;/a&amp;gt;

&amp;lt;ul&amp;gt;
&amp;lt;/ul&amp;gt;
&amp;lt;h1&amp;gt;&amp;lt;a href="/ImportingPage"&amp;gt;ImportingPage&amp;lt;/a&amp;gt;&amp;lt;/h1&amp;gt;



  &amp;lt;/header&amp;gt;
  
    
  &amp;lt;nav&amp;gt;
   &amp;lt;ul&amp;gt;
 &amp;lt;li&amp;gt;&amp;lt;a href="/ImportingPage"&amp;gt;View&amp;lt;/a&amp;gt;&amp;lt;/li&amp;gt;
&amp;lt;/ul&amp;gt;  &amp;lt;/nav&amp;gt;
  
  &amp;lt;article&amp;gt;
    &amp;lt;p&amp;gt;Last modified anonymously&amp;lt;/p&amp;gt;
 &amp;lt;form method="post"&amp;gt;
  &amp;lt;input type="hidden" name="responder" value="saveProperties"/&amp;gt;
  
  &amp;lt;h2&amp;gt;Page properties&amp;lt;/h2&amp;gt;
  &amp;lt;div class="properties"&amp;gt;
   &amp;lt;fieldset&amp;gt;
    &amp;lt;legend&amp;gt;Page type:&amp;lt;/legend&amp;gt;
        &amp;lt;label for="Static"&amp;gt;&amp;lt;input type="radio" id="Static" name="PageType" value="Static" checked="checked"/&amp;gt;Static&amp;lt;/label&amp;gt;
        &amp;lt;label for="Test"&amp;gt;&amp;lt;input type="radio" id="Test" name="PageType" value="Test"/&amp;gt;Test&amp;lt;/label&amp;gt;
        &amp;lt;label for="Suite"&amp;gt;&amp;lt;input type="radio" id="Suite" name="PageType" value="Suite"/&amp;gt;Suite&amp;lt;/label&amp;gt;
        
    &amp;lt;label for="Prune"&amp;gt;&amp;lt;input type="checkbox" id="Prune" name="Prune"/&amp;gt;Skip (Recursive)&amp;lt;/label&amp;gt;
   &amp;lt;/fieldset&amp;gt;
     
   &amp;lt;fieldset&amp;gt;
    &amp;lt;legend&amp;gt;Actions:&amp;lt;/legend&amp;gt;
        &amp;lt;label for="Edit"&amp;gt;&amp;lt;input type="checkbox" id="Edit" name="Edit" checked="checked"/&amp;gt;Edit&amp;lt;/label&amp;gt;
        &amp;lt;label for="Versions"&amp;gt;&amp;lt;input type="checkbox" id="Versions" name="Versions" checked="checked"/&amp;gt;Versions&amp;lt;/label&amp;gt;
        &amp;lt;label for="Properties"&amp;gt;&amp;lt;input type="checkbox" id="Properties" name="Properties" checked="checked"/&amp;gt;Properties&amp;lt;/label&amp;gt;
        &amp;lt;label for="Refactor"&amp;gt;&amp;lt;input type="checkbox" id="Refactor" name="Refactor" checked="checked"/&amp;gt;Refactor&amp;lt;/label&amp;gt;
        &amp;lt;label for="WhereUsed"&amp;gt;&amp;lt;input type="checkbox" id="WhereUsed" name="WhereUsed" checked="checked"/&amp;gt;WhereUsed&amp;lt;/label&amp;gt;
       &amp;lt;/fieldset&amp;gt;

   &amp;lt;fieldset&amp;gt;
    &amp;lt;legend&amp;gt;Navigation:&amp;lt;/legend&amp;gt;
        &amp;lt;label for="RecentChanges"&amp;gt;&amp;lt;input type="checkbox" id="RecentChanges" name="RecentChanges" checked="checked"/&amp;gt;RecentChanges&amp;lt;/label&amp;gt;
        &amp;lt;label for="Files"&amp;gt;&amp;lt;input type="checkbox" id="Files" name="Files" checked="checked"/&amp;gt;Files&amp;lt;/label&amp;gt;
        &amp;lt;label for="Search"&amp;gt;&amp;lt;input type="checkbox" id="Search" name="Search" checked="checked"/&amp;gt;Search&amp;lt;/label&amp;gt;
       &amp;lt;/fieldset&amp;gt;
    
   &amp;lt;fieldset&amp;gt;
    &amp;lt;legend&amp;gt;Security:&amp;lt;/legend&amp;gt;
    	&amp;lt;label for="secure-read"&amp;gt;&amp;lt;input type="checkbox" id="secure-read" name="secure-read"/&amp;gt;secure-read&amp;lt;/label&amp;gt;
    	&amp;lt;label for="secure-write"&amp;gt;&amp;lt;input type="checkbox" id="secure-write" name="secure-write"/&amp;gt;secure-write&amp;lt;/label&amp;gt;
    	&amp;lt;label for="secure-test"&amp;gt;&amp;lt;input type="checkbox" id="secure-test" name="secure-test"/&amp;gt;secure-test&amp;lt;/label&amp;gt;
       &amp;lt;/fieldset&amp;gt;
  &amp;lt;/div&amp;gt;

  &amp;lt;div id="virtual-wiki-properties"&amp;gt;
   &amp;lt;fieldset&amp;gt;
    &amp;lt;label for="HelpText"&amp;gt;Help text:&amp;lt;/label&amp;gt;
    &amp;lt;input type="text" id="HelpText" name="HelpText" value="" size="70"/&amp;gt;
   &amp;lt;/fieldset&amp;gt;
    
   &amp;lt;fieldset&amp;gt;
    &amp;lt;label for="Suites"&amp;gt;Tags:&amp;lt;/label&amp;gt;
     &amp;lt;input type="text" id="Suites" title="Separate tags by a comma" name="Suites" value="" size="70"/&amp;gt;
   &amp;lt;/fieldset&amp;gt;
  &amp;lt;/div&amp;gt;
  &amp;lt;fieldset class="buttons"&amp;gt;
   &amp;lt;input type="submit" name="Save" value="Save Properties" accesskey="s"/&amp;gt;
  &amp;lt;/fieldset&amp;gt;
 &amp;lt;/form&amp;gt;

 &amp;lt;form method="post" action="" id="wiki-import"&amp;gt;
     &amp;lt;h2&amp;gt;Wiki Import Update&amp;lt;/h2&amp;gt;
   &amp;lt;p&amp;gt;&amp;lt;a href="ImportingPage"&amp;gt;ImportingPage&amp;lt;/a&amp;gt;
   imports its subpages from
   &amp;lt;a href="http://localhost:9123/SampleWiki"&amp;gt;http://localhost:9123/SampleWiki&amp;lt;/a&amp;gt;.&amp;lt;/p&amp;gt;
       
   &amp;lt;label class="checkbox" for="autoUpdate"&amp;gt;&amp;lt;input type="checkbox" id="autoUpdate" name="autoUpdate"/&amp;gt;Automatically update imported content when executing tests&amp;lt;/label&amp;gt;
   &amp;lt;input type="hidden" name="responder" value="import"/&amp;gt;
  &amp;lt;/fieldset&amp;gt;
  &amp;lt;fieldset class="buttons"&amp;gt;
   &amp;lt;input type="submit" name="save" value="Update Subpages"/&amp;gt;
  &amp;lt;/fieldset&amp;gt;
 &amp;lt;/form&amp;gt;
 
 
 &amp;lt;form method="get" action="" name="symbolics" id="symbolics"&amp;gt;
  &amp;lt;input type="hidden" name="responder" value="symlink"/&amp;gt;
  &amp;lt;h2&amp;gt;Symbolic Links&amp;lt;/h2&amp;gt;
  &amp;lt;table class="dirListing"&amp;gt;
   &amp;lt;tr&amp;gt;
    &amp;lt;th&amp;gt;Name&amp;lt;/th&amp;gt;
    &amp;lt;th&amp;gt;Path to Page&amp;lt;/th&amp;gt;
    &amp;lt;th&amp;gt;Actions&amp;lt;/th&amp;gt;
   &amp;lt;/tr&amp;gt;
      &amp;lt;tr&amp;gt;
    &amp;lt;td&amp;gt;
     &amp;lt;input type="text" name="linkName" size="30"/&amp;gt;
    &amp;lt;/td&amp;gt;
    &amp;lt;td&amp;gt;
     &amp;lt;input type="text" name="linkPath" size="70"/&amp;gt;
    &amp;lt;/td&amp;gt;
    &amp;lt;td&amp;gt;
     &amp;lt;input type="submit" name="submit" value="Create/Replace"/&amp;gt;
    &amp;lt;/td&amp;gt;
   &amp;lt;/tr&amp;gt;
  &amp;lt;/table&amp;gt;
  
  &amp;lt;a class="button" href="ImportingPage"&amp;gt;Cancel&amp;lt;/a&amp;gt;

 &amp;lt;/form&amp;gt;


&amp;lt;script src="/files/fitnesse/javascript/jquery.tagsinput.js" type="text/javascript"&amp;gt;&amp;lt;/script&amp;gt;
&amp;lt;script type="text/javascript"&amp;gt;
$(function () {
  /* Tags */
  $('#Suites').tagsInput();
});
&amp;lt;/script&amp;gt;
  &amp;lt;/article&amp;gt;
  
  
 &amp;lt;/body&amp;gt;
&amp;lt;/html&amp;gt;
&lt;/pre&gt;)</slimResult>
                <expectation>
                    <status>ignore</status>
                    <instructionId>decisionTable_36_8</instructionId>
                    <col>3</col>
                              <row>2</row>
                    <type>ReturnedValueExpectation</type>
                                        <evaluationMessage>&lt;pre&gt;HTTP/1.1 200 OK
Cache-Control: max-age=0
Content-Length: 5889
Content-Type: text/html; charset=utf-8

&amp;lt;!DOCTYPE html&amp;gt;
&amp;lt;html&amp;gt;
 &amp;lt;head&amp;gt;
  &amp;lt;meta http-equiv="Content-Type" content="text/html; charset=utf-8"/&amp;gt;
  &amp;lt;title&amp;gt;Properties: ImportingPage&amp;lt;/title&amp;gt;
    &amp;lt;!--[if lt IE 9]&amp;gt;
   &amp;lt;script&amp;gt;
    document.createElement('header');
    document.createElement('nav');
    document.createElement('section');
    document.createElement('article');
    document.createElement('footer');
   &amp;lt;/script&amp;gt;
  &amp;lt;![endif]--&amp;gt;
  
  &amp;lt;link rel="stylesheet" type="text/css" href="/files/fitnesse/css/fitnesse_wiki.css" /&amp;gt;
  &amp;lt;link rel="stylesheet" type="text/css" href="/files/fitnesse/css/fitnesse_pages.css" /&amp;gt;
  &amp;lt;link rel="stylesheet" type="text/css" href="/files/fitnesse/css/fitnesse_straight.css" /&amp;gt;
  &amp;lt;link rel="stylesheet" type="text/css" href="/files/fitnesse/wysiwyg/wysiwyg.css" media="screen"/&amp;gt;
  &amp;lt;link rel="stylesheet" type="text/css" href="/files/fitnesse/question.mark/question.mark.css" /&amp;gt;
  &amp;lt;link rel="wysiwyg.base" href="/" /&amp;gt;
  &amp;lt;link rel="wysiwyg.stylesheet" type="text/css" href="/files/fitnesse/css/fitnesse.css" media="screen" /&amp;gt;
  &amp;lt;link rel="wysiwyg.stylesheet" type="text/css" href="/files/fitnesse/wysiwyg/editor.css" media="screen" /&amp;gt;
  &amp;lt;link rel="shortcut icon" type="image/png" href="/files/fitnesse/images/favicon.png" /&amp;gt;
  &amp;lt;script src="/files/fitnesse/javascript/jquery-1.7.2.min.js" type="text/javascript"&amp;gt;&amp;lt;/script&amp;gt;
  &amp;lt;script src="/files/fitnesse/javascript/fitnesse.js" type="text/javascript"&amp;gt;&amp;lt;/script&amp;gt;
  &amp;lt;script src="/files/fitnesse/javascript/fitnesse_straight.js" type="text/javascript"&amp;gt;&amp;lt;/script&amp;gt;
 &amp;lt;/head&amp;gt;
 &amp;lt;body class="propertiesPage"&amp;gt;

  &amp;lt;header&amp;gt;
   &amp;lt;a href="/FrontPage" id="art_niche"&amp;gt;&amp;lt;span&amp;gt;FitNesse&amp;lt;/span&amp;gt;&amp;lt;/a&amp;gt;

&amp;lt;ul&amp;gt;
&amp;lt;/ul&amp;gt;
&amp;lt;h1&amp;gt;&amp;lt;a href="/ImportingPage"&amp;gt;ImportingPage&amp;lt;/a&amp;gt;&amp;lt;/h1&amp;gt;



  &amp;lt;/header&amp;gt;
  
    
  &amp;lt;nav&amp;gt;
   &amp;lt;ul&amp;gt;
 &amp;lt;li&amp;gt;&amp;lt;a href="/ImportingPage"&amp;gt;View&amp;lt;/a&amp;gt;&amp;lt;/li&amp;gt;
&amp;lt;/ul&amp;gt;  &amp;lt;/nav&amp;gt;
  
  &amp;lt;article&amp;gt;
    &amp;lt;p&amp;gt;Last modified anonymously&amp;lt;/p&amp;gt;
 &amp;lt;form method="post"&amp;gt;
  &amp;lt;input type="hidden" name="responder" value="saveProperties"/&amp;gt;
  
  &amp;lt;h2&amp;gt;Page properties&amp;lt;/h2&amp;gt;
  &amp;lt;div class="properties"&amp;gt;
   &amp;lt;fieldset&amp;gt;
    &amp;lt;legend&amp;gt;Page type:&amp;lt;/legend&amp;gt;
        &amp;lt;label for="Static"&amp;gt;&amp;lt;input type="radio" id="Static" name="PageType" value="Static" checked="checked"/&amp;gt;Static&amp;lt;/label&amp;gt;
        &amp;lt;label for="Test"&amp;gt;&amp;lt;input type="radio" id="Test" name="PageType" value="Test"/&amp;gt;Test&amp;lt;/label&amp;gt;
        &amp;lt;label for="Suite"&amp;gt;&amp;lt;input type="radio" id="Suite" name="PageType" value="Suite"/&amp;gt;Suite&amp;lt;/label&amp;gt;
        
    &amp;lt;label for="Prune"&amp;gt;&amp;lt;input type="checkbox" id="Prune" name="Prune"/&amp;gt;Skip (Recursive)&amp;lt;/label&amp;gt;
   &amp;lt;/fieldset&amp;gt;
     
   &amp;lt;fieldset&amp;gt;
    &amp;lt;legend&amp;gt;Actions:&amp;lt;/legend&amp;gt;
        &amp;lt;label for="Edit"&amp;gt;&amp;lt;input type="checkbox" id="Edit" name="Edit" checked="checked"/&amp;gt;Edit&amp;lt;/label&amp;gt;
        &amp;lt;label for="Versions"&amp;gt;&amp;lt;input type="checkbox" id="Versions" name="Versions" checked="checked"/&amp;gt;Versions&amp;lt;/label&amp;gt;
        &amp;lt;label for="Properties"&amp;gt;&amp;lt;input type="checkbox" id="Properties" name="Properties" checked="checked"/&amp;gt;Properties&amp;lt;/label&amp;gt;
        &amp;lt;label for="Refactor"&amp;gt;&amp;lt;input type="checkbox" id="Refactor" name="Refactor" checked="checked"/&amp;gt;Refactor&amp;lt;/label&amp;gt;
        &amp;lt;label for="WhereUsed"&amp;gt;&amp;lt;input type="checkbox" id="WhereUsed" name="WhereUsed" checked="checked"/&amp;gt;WhereUsed&amp;lt;/label&amp;gt;
       &amp;lt;/fieldset&amp;gt;

   &amp;lt;fieldset&amp;gt;
    &amp;lt;legend&amp;gt;Navigation:&amp;lt;/legend&amp;gt;
        &amp;lt;label for="RecentChanges"&amp;gt;&amp;lt;input type="checkbox" id="RecentChanges" name="RecentChanges" checked="checked"/&amp;gt;RecentChanges&amp;lt;/label&amp;gt;
        &amp;lt;label for="Files"&amp;gt;&amp;lt;input type="checkbox" id="Files" name="Files" checked="checked"/&amp;gt;Files&amp;lt;/label&amp;gt;
        &amp;lt;label for="Search"&amp;gt;&amp;lt;input type="checkbox" id="Search" name="Search" checked="checked"/&amp;gt;Search&amp;lt;/label&amp;gt;
       &amp;lt;/fieldset&amp;gt;
    
   &amp;lt;fieldset&amp;gt;
    &amp;lt;legend&amp;gt;Security:&amp;lt;/legend&amp;gt;
    	&amp;lt;label for="secure-read"&amp;gt;&amp;lt;input type="checkbox" id="secure-read" name="secure-read"/&amp;gt;secure-read&amp;lt;/label&amp;gt;
    	&amp;lt;label for="secure-write"&amp;gt;&amp;lt;input type="checkbox" id="secure-write" name="secure-write"/&amp;gt;secure-write&amp;lt;/label&amp;gt;
    	&amp;lt;label for="secure-test"&amp;gt;&amp;lt;input type="checkbox" id="secure-test" name="secure-test"/&amp;gt;secure-test&amp;lt;/label&amp;gt;
       &amp;lt;/fieldset&amp;gt;
  &amp;lt;/div&amp;gt;

  &amp;lt;div id="virtual-wiki-properties"&amp;gt;
   &amp;lt;fieldset&amp;gt;
    &amp;lt;label for="HelpText"&amp;gt;Help text:&amp;lt;/label&amp;gt;
    &amp;lt;input type="text" id="HelpText" name="HelpText" value="" size="70"/&amp;gt;
   &amp;lt;/fieldset&amp;gt;
    
   &amp;lt;fieldset&amp;gt;
    &amp;lt;label for="Suites"&amp;gt;Tags:&amp;lt;/label&amp;gt;
     &amp;lt;input type="text" id="Suites" title="Separate tags by a comma" name="Suites" value="" size="70"/&amp;gt;
   &amp;lt;/fieldset&amp;gt;
  &amp;lt;/div&amp;gt;
  &amp;lt;fieldset class="buttons"&amp;gt;
   &amp;lt;input type="submit" name="Save" value="Save Properties" accesskey="s"/&amp;gt;
  &amp;lt;/fieldset&amp;gt;
 &amp;lt;/form&amp;gt;

 &amp;lt;form method="post" action="" id="wiki-import"&amp;gt;
     &amp;lt;h2&amp;gt;Wiki Import Update&amp;lt;/h2&amp;gt;
   &amp;lt;p&amp;gt;&amp;lt;a href="ImportingPage"&amp;gt;ImportingPage&amp;lt;/a&amp;gt;
   imports its subpages from
   &amp;lt;a href="http://localhost:9123/SampleWiki"&amp;gt;http://localhost:9123/SampleWiki&amp;lt;/a&amp;gt;.&amp;lt;/p&amp;gt;
       
   &amp;lt;label class="checkbox" for="autoUpdate"&amp;gt;&amp;lt;input type="checkbox" id="autoUpdate" name="autoUpdate"/&amp;gt;Automatically update imported content when executing tests&amp;lt;/label&amp;gt;
   &amp;lt;input type="hidden" name="responder" value="import"/&amp;gt;
  &amp;lt;/fieldset&amp;gt;
  &amp;lt;fieldset class="buttons"&amp;gt;
   &amp;lt;input type="submit" name="save" value="Update Subpages"/&amp;gt;
  &amp;lt;/fieldset&amp;gt;
 &amp;lt;/form&amp;gt;
 
 
 &amp;lt;form method="get" action="" name="symbolics" id="symbolics"&amp;gt;
  &amp;lt;input type="hidden" name="responder" value="symlink"/&amp;gt;
  &amp;lt;h2&amp;gt;Symbolic Links&amp;lt;/h2&amp;gt;
  &amp;lt;table class="dirListing"&amp;gt;
   &amp;lt;tr&amp;gt;
    &amp;lt;th&amp;gt;Name&amp;lt;/th&amp;gt;
    &amp;lt;th&amp;gt;Path to Page&amp;lt;/th&amp;gt;
    &amp;lt;th&amp;gt;Actions&amp;lt;/th&amp;gt;
   &amp;lt;/tr&amp;gt;
      &amp;lt;tr&amp;gt;
    &amp;lt;td&amp;gt;
     &amp;lt;input type="text" name="linkName" size="30"/&amp;gt;
    &amp;lt;/td&amp;gt;
    &amp;lt;td&amp;gt;
     &amp;lt;input type="text" name="linkPath" size="70"/&amp;gt;
    &amp;lt;/td&amp;gt;
    &amp;lt;td&amp;gt;
     &amp;lt;input type="submit" name="submit" value="Create/Replace"/&amp;gt;
    &amp;lt;/td&amp;gt;
   &amp;lt;/tr&amp;gt;
  &amp;lt;/table&amp;gt;
  
  &amp;lt;a class="button" href="ImportingPage"&amp;gt;Cancel&amp;lt;/a&amp;gt;

 &amp;lt;/form&amp;gt;


&amp;lt;script src="/files/fitnesse/javascript/jquery.tagsinput.js" type="text/javascript"&amp;gt;&amp;lt;/script&amp;gt;
&amp;lt;script type="text/javascript"&amp;gt;
$(function () {
  /* Tags */
  $('#Suites').tagsInput();
});
&amp;lt;/script&amp;gt;
  &amp;lt;/article&amp;gt;
  
  
 &amp;lt;/body&amp;gt;
&amp;lt;/html&amp;gt;
&lt;/pre&gt;</evaluationMessage>
                  </expectation>
        
      </instructionResult>
            <instructionResult>
        <instruction>{id='decisionTable_37_0', instruction='make', instanceName='decisionTable_37', className='ResponseExaminer', args=[]}</instruction>
        <slimResult>pass(Response Examiner)</slimResult>
                <expectation>
                    <status>pass</status>
                    <instructionId>decisionTable_37_0</instructionId>
                    <col>0</col>
                              <row>0</row>
                    <type>ConstructionExpectation</type>
                                        <evaluationMessage>Response Examiner</evaluationMessage>
                  </expectation>
        
      </instructionResult>
            <instructionResult>
        <instruction>{id='decisionTable_37_4', instruction='call', instanceName='decisionTable_37', methodName='setType', args=[contents]}</instruction>
        <slimResult></slimResult>
                <expectation>
                    <instructionId>decisionTable_37_4</instructionId>
                    <col>0</col>
                              <row>2</row>
                    <type>VoidReturnExpectation</type>
                                      </expectation>
        
      </instructionResult>
            <instructionResult>
        <instruction>{id='decisionTable_37_5', instruction='call', instanceName='decisionTable_37', methodName='setPattern', args=[&lt;input .* name="remoteUrl"]}</instruction>
        <slimResult></slimResult>
                <expectation>
                    <instructionId>decisionTable_37_5</instructionId>
                    <col>1</col>
                              <row>2</row>
                    <type>VoidReturnExpectation</type>
                                      </expectation>
        
      </instructionResult>
            <instructionResult>
        <instruction>{id='decisionTable_37_7', instruction='call', instanceName='decisionTable_37', methodName='matches', args=[]}</instruction>
        <slimResult>pass(false)</slimResult>
                <expectation>
                    <status>pass</status>
                    <instructionId>decisionTable_37_7</instructionId>
                    <col>2</col>
                              <row>2</row>
                    <type>ReturnedValueExpectation</type>
                                        <evaluationMessage>false</evaluationMessage>
                  </expectation>
        
      </instructionResult>
            <instructionResult>
        <instruction>{id='decisionTable_37_9', instruction='call', instanceName='decisionTable_37', methodName='setType', args=[contents]}</instruction>
        <slimResult></slimResult>
                <expectation>
                    <instructionId>decisionTable_37_9</instructionId>
                    <col>0</col>
                              <row>3</row>
                    <type>VoidReturnExpectation</type>
                                      </expectation>
        
      </instructionResult>
            <instructionResult>
        <instruction>{id='decisionTable_37_10', instruction='call', instanceName='decisionTable_37', methodName='setPattern', args=[&lt;input .* type="submit" .* value="Update Subpages"]}</instruction>
        <slimResult></slimResult>
                <expectation>
                    <instructionId>decisionTable_37_10</instructionId>
                    <col>1</col>
                              <row>3</row>
                    <type>VoidReturnExpectation</type>
                                      </expectation>
        
      </instructionResult>
            <instructionResult>
        <instruction>{id='decisionTable_37_12', instruction='call', instanceName='decisionTable_37', methodName='matches', args=[]}</instruction>
        <slimResult>pass(true)</slimResult>
                <expectation>
                    <status>pass</status>
                    <instructionId>decisionTable_37_12</instructionId>
                    <col>2</col>
                              <row>3</row>
                    <type>ReturnedValueExpectation</type>
                                        <evaluationMessage>true</evaluationMessage>
                  </expectation>
        
      </instructionResult>
            <instructionResult>
        <instruction>{id='decisionTable_38_0', instruction='make', instanceName='decisionTable_38', className='TearDown', args=[]}</instruction>
        <slimResult>pass(tear down)</slimResult>
                <expectation>
                    <status>pass</status>
                    <instructionId>decisionTable_38_0</instructionId>
                    <col>0</col>
                              <row>0</row>
                    <type>ConstructionExpectation</type>
                                        <evaluationMessage>tear down</evaluationMessage>
                  </expectation>
        
      </instructionResult>
      
    </instructions>
    
  </result>
  
    <finalCounts>
    <right>1</right>
    <wrong>0</wrong>
    <ignores>0</ignores>
    <exceptions>0</exceptions>
  </finalCounts>
  <totalRunTimeInMillis>214</totalRunTimeInMillis>
  
</testResults>

