<?xml version="1.0"?>
<testResults>
  <FitNesseVersion>v20140418</FitNesseVersion>
  <rootPath>FitNesse.SuiteAcceptanceTests.SuiteAuthenticationTests.SecureReadOperations</rootPath>
    <result>
    <counts>
      <right>30</right>
      <wrong>0</wrong>
      <ignores>1</ignores>
      <exceptions>0</exceptions>
    </counts>
    <runTimeInMillis>790</runTimeInMillis>
    <content>&lt;div class="collapsible closed"&gt;&lt;ul&gt;&lt;li&gt;&lt;a href='#' class='expandall'&gt;Expand All&lt;/a&gt;&lt;/li&gt;&lt;li&gt;&lt;a href='#' class='collapseall'&gt;Collapse All&lt;/a&gt;&lt;/li&gt;&lt;/ul&gt;
	&lt;p class="title"&gt;Scenario Libraries&lt;/p&gt;
	&lt;div&gt;&lt;div class="collapsible closed"&gt;&lt;ul&gt;&lt;li&gt;&lt;a href='#' class='expandall'&gt;Expand All&lt;/a&gt;&lt;/li&gt;&lt;li&gt;&lt;a href='#' class='collapseall'&gt;Collapse All&lt;/a&gt;&lt;/li&gt;&lt;/ul&gt;
	&lt;p class="title"&gt;Included page: &lt;a href="FitNesse.SuiteAcceptanceTests.ScenarioLibrary"&gt;.FitNesse.SuiteAcceptanceTests.ScenarioLibrary&lt;/a&gt; &lt;a href="FitNesse.SuiteAcceptanceTests.ScenarioLibrary?edit&amp;amp;redirectToReferer=true&amp;amp;redirectAction=" class="edit"&gt;(edit)&lt;/a&gt;&lt;/p&gt;
	&lt;div&gt;&lt;table&gt;
	&lt;tr&gt;
		&lt;td&gt;scenario&lt;/td&gt;
		&lt;td&gt;given page&lt;/td&gt;
		&lt;td&gt;page&lt;/td&gt;
		&lt;td&gt;with content&lt;/td&gt;
		&lt;td&gt;content&lt;/td&gt;
	&lt;/tr&gt;
	&lt;tr&gt;
		&lt;td&gt;create page&lt;/td&gt;
		&lt;td&gt;@page&lt;/td&gt;
		&lt;td&gt;with content&lt;/td&gt;
		&lt;td colspan="2"&gt;@content&lt;/td&gt;
	&lt;/tr&gt;
	&lt;tr&gt;
		&lt;td&gt;$IT=&lt;/td&gt;
		&lt;td&gt;echo&lt;/td&gt;
		&lt;td colspan="3"&gt;@page&lt;/td&gt;
	&lt;/tr&gt;
&lt;/table&gt;
&lt;br/&gt;&lt;table&gt;
	&lt;tr&gt;
		&lt;td&gt;scenario&lt;/td&gt;
		&lt;td&gt;given page&lt;/td&gt;
		&lt;td colspan="2"&gt;page&lt;/td&gt;
	&lt;/tr&gt;
	&lt;tr&gt;
		&lt;td&gt;given page&lt;/td&gt;
		&lt;td&gt;@page&lt;/td&gt;
		&lt;td&gt;with content&lt;/td&gt;
		&lt;td&gt;nothing&lt;/td&gt;
	&lt;/tr&gt;
&lt;/table&gt;
&lt;br/&gt;&lt;table&gt;
	&lt;tr&gt;
		&lt;td&gt;scenario&lt;/td&gt;
		&lt;td&gt;given test page&lt;/td&gt;
		&lt;td&gt;page&lt;/td&gt;
	&lt;/tr&gt;
	&lt;tr&gt;
		&lt;td&gt;given page&lt;/td&gt;
		&lt;td colspan="2"&gt;@page&lt;/td&gt;
	&lt;/tr&gt;
	&lt;tr&gt;
		&lt;td&gt;make&lt;/td&gt;
		&lt;td&gt;@page&lt;/td&gt;
		&lt;td&gt;a test page&lt;/td&gt;
	&lt;/tr&gt;
&lt;/table&gt;
&lt;br/&gt;&lt;table&gt;
	&lt;tr&gt;
		&lt;td&gt;scenario&lt;/td&gt;
		&lt;td&gt;given slim test page&lt;/td&gt;
		&lt;td colspan="2"&gt;page&lt;/td&gt;
	&lt;/tr&gt;
	&lt;tr&gt;
		&lt;td&gt;given page&lt;/td&gt;
		&lt;td&gt;@page&lt;/td&gt;
		&lt;td&gt;with content&lt;/td&gt;
		&lt;td&gt;!define TEST_SYSTEM {slim}&lt;/td&gt;
	&lt;/tr&gt;
	&lt;tr&gt;
		&lt;td&gt;make&lt;/td&gt;
		&lt;td&gt;@page&lt;/td&gt;
		&lt;td colspan="2"&gt;a test page&lt;/td&gt;
	&lt;/tr&gt;
&lt;/table&gt;
&lt;br/&gt;&lt;table&gt;
	&lt;tr&gt;
		&lt;td&gt;scenario&lt;/td&gt;
		&lt;td&gt;page&lt;/td&gt;
		&lt;td&gt;source&lt;/td&gt;
		&lt;td&gt;should have link to&lt;/td&gt;
		&lt;td&gt;target&lt;/td&gt;
	&lt;/tr&gt;
	&lt;tr&gt;
		&lt;td&gt;check&lt;/td&gt;
		&lt;td&gt;request page&lt;/td&gt;
		&lt;td&gt;@source&lt;/td&gt;
		&lt;td colspan="2"&gt;200&lt;/td&gt;
	&lt;/tr&gt;
	&lt;tr&gt;
		&lt;td&gt;ensure&lt;/td&gt;
		&lt;td&gt;content contains&lt;/td&gt;
		&lt;td colspan="3"&gt;&amp;lt;a href="@target"&lt;/td&gt;
	&lt;/tr&gt;
	&lt;tr&gt;
		&lt;td&gt;$IT=&lt;/td&gt;
		&lt;td&gt;echo&lt;/td&gt;
		&lt;td colspan="3"&gt;@source&lt;/td&gt;
	&lt;/tr&gt;
&lt;/table&gt;
&lt;br/&gt;&lt;table&gt;
	&lt;tr&gt;
		&lt;td&gt;scenario&lt;/td&gt;
		&lt;td&gt;it should have link to&lt;/td&gt;
		&lt;td colspan="2"&gt;target&lt;/td&gt;
	&lt;/tr&gt;
	&lt;tr&gt;
		&lt;td&gt;page&lt;/td&gt;
		&lt;td&gt;$IT&lt;/td&gt;
		&lt;td&gt;should have link to&lt;/td&gt;
		&lt;td&gt;@target&lt;/td&gt;
	&lt;/tr&gt;
&lt;/table&gt;
&lt;br/&gt;&lt;table&gt;
	&lt;tr&gt;
		&lt;td&gt;scenario&lt;/td&gt;
		&lt;td&gt;and it should have link to&lt;/td&gt;
		&lt;td colspan="2"&gt;target&lt;/td&gt;
	&lt;/tr&gt;
	&lt;tr&gt;
		&lt;td&gt;page&lt;/td&gt;
		&lt;td&gt;$IT&lt;/td&gt;
		&lt;td&gt;should have link to&lt;/td&gt;
		&lt;td&gt;@target&lt;/td&gt;
	&lt;/tr&gt;
&lt;/table&gt;
&lt;br/&gt;&lt;table&gt;
	&lt;tr&gt;
		&lt;td&gt;scenario&lt;/td&gt;
		&lt;td&gt;page&lt;/td&gt;
		&lt;td&gt;source&lt;/td&gt;
		&lt;td&gt;should have creating link to&lt;/td&gt;
		&lt;td&gt;target&lt;/td&gt;
	&lt;/tr&gt;
	&lt;tr&gt;
		&lt;td&gt;check&lt;/td&gt;
		&lt;td&gt;request page&lt;/td&gt;
		&lt;td&gt;@source&lt;/td&gt;
		&lt;td colspan="2"&gt;200&lt;/td&gt;
	&lt;/tr&gt;
	&lt;tr&gt;
		&lt;td&gt;ensure&lt;/td&gt;
		&lt;td&gt;content contains&lt;/td&gt;
		&lt;td colspan="3"&gt;@target&amp;lt;a title="create page" href="@target?edit&amp;amp;nonExistent=true"&amp;gt;[?]&amp;lt;/a&amp;gt;&lt;/td&gt;
	&lt;/tr&gt;
&lt;/table&gt;
&lt;br/&gt;&lt;table&gt;
	&lt;tr&gt;
		&lt;td&gt;scenario&lt;/td&gt;
		&lt;td&gt;it should have creating link to&lt;/td&gt;
		&lt;td colspan="2"&gt;target&lt;/td&gt;
	&lt;/tr&gt;
	&lt;tr&gt;
		&lt;td&gt;page&lt;/td&gt;
		&lt;td&gt;$IT&lt;/td&gt;
		&lt;td&gt;should have creating link to&lt;/td&gt;
		&lt;td&gt;@target&lt;/td&gt;
	&lt;/tr&gt;
&lt;/table&gt;
&lt;br/&gt;&lt;table&gt;
	&lt;tr&gt;
		&lt;td&gt;scenario&lt;/td&gt;
		&lt;td&gt;page&lt;/td&gt;
		&lt;td&gt;source&lt;/td&gt;
		&lt;td&gt;should contain&lt;/td&gt;
		&lt;td&gt;text&lt;/td&gt;
	&lt;/tr&gt;
	&lt;tr&gt;
		&lt;td&gt;check&lt;/td&gt;
		&lt;td&gt;request page&lt;/td&gt;
		&lt;td&gt;@source&lt;/td&gt;
		&lt;td colspan="2"&gt;200&lt;/td&gt;
	&lt;/tr&gt;
	&lt;tr&gt;
		&lt;td&gt;ensure&lt;/td&gt;
		&lt;td&gt;content contains&lt;/td&gt;
		&lt;td colspan="3"&gt;@text&lt;/td&gt;
	&lt;/tr&gt;
	&lt;tr&gt;
		&lt;td&gt;show&lt;/td&gt;
		&lt;td colspan="4"&gt;content&lt;/td&gt;
	&lt;/tr&gt;
&lt;/table&gt;
&lt;br/&gt;&lt;table&gt;
	&lt;tr&gt;
		&lt;td&gt;scenario&lt;/td&gt;
		&lt;td&gt;page&lt;/td&gt;
		&lt;td&gt;source&lt;/td&gt;
		&lt;td&gt;should not contain&lt;/td&gt;
		&lt;td&gt;text&lt;/td&gt;
	&lt;/tr&gt;
	&lt;tr&gt;
		&lt;td&gt;check&lt;/td&gt;
		&lt;td&gt;request page&lt;/td&gt;
		&lt;td&gt;@source&lt;/td&gt;
		&lt;td colspan="2"&gt;200&lt;/td&gt;
	&lt;/tr&gt;
	&lt;tr&gt;
		&lt;td&gt;reject&lt;/td&gt;
		&lt;td&gt;content contains&lt;/td&gt;
		&lt;td colspan="3"&gt;@text&lt;/td&gt;
	&lt;/tr&gt;
	&lt;tr&gt;
		&lt;td&gt;show&lt;/td&gt;
		&lt;td colspan="4"&gt;content&lt;/td&gt;
	&lt;/tr&gt;
&lt;/table&gt;
&lt;br/&gt;&lt;table&gt;
	&lt;tr&gt;
		&lt;td&gt;scenario&lt;/td&gt;
		&lt;td&gt;page&lt;/td&gt;
		&lt;td&gt;source&lt;/td&gt;
		&lt;td&gt;should match&lt;/td&gt;
		&lt;td&gt;text&lt;/td&gt;
	&lt;/tr&gt;
	&lt;tr&gt;
		&lt;td&gt;check&lt;/td&gt;
		&lt;td&gt;request page&lt;/td&gt;
		&lt;td&gt;@source&lt;/td&gt;
		&lt;td colspan="2"&gt;200&lt;/td&gt;
	&lt;/tr&gt;
	&lt;tr&gt;
		&lt;td&gt;ensure&lt;/td&gt;
		&lt;td&gt;content matches&lt;/td&gt;
		&lt;td colspan="3"&gt;@text&lt;/td&gt;
	&lt;/tr&gt;
	&lt;tr&gt;
		&lt;td&gt;show&lt;/td&gt;
		&lt;td colspan="4"&gt;content&lt;/td&gt;
	&lt;/tr&gt;
&lt;/table&gt;
&lt;br/&gt;&lt;table&gt;
	&lt;tr&gt;
		&lt;td&gt;scenario&lt;/td&gt;
		&lt;td&gt;it should contain&lt;/td&gt;
		&lt;td colspan="2"&gt;text&lt;/td&gt;
	&lt;/tr&gt;
	&lt;tr&gt;
		&lt;td&gt;page&lt;/td&gt;
		&lt;td&gt;$IT&lt;/td&gt;
		&lt;td&gt;should contain&lt;/td&gt;
		&lt;td&gt;@text&lt;/td&gt;
	&lt;/tr&gt;
&lt;/table&gt;
&lt;br/&gt;&lt;table&gt;
	&lt;tr&gt;
		&lt;td&gt;scenario&lt;/td&gt;
		&lt;td&gt;it should not contain&lt;/td&gt;
		&lt;td colspan="2"&gt;text&lt;/td&gt;
	&lt;/tr&gt;
	&lt;tr&gt;
		&lt;td&gt;page&lt;/td&gt;
		&lt;td&gt;$IT&lt;/td&gt;
		&lt;td&gt;should not contain&lt;/td&gt;
		&lt;td&gt;@text&lt;/td&gt;
	&lt;/tr&gt;
&lt;/table&gt;
&lt;br/&gt;&lt;table&gt;
	&lt;tr&gt;
		&lt;td&gt;scenario&lt;/td&gt;
		&lt;td&gt;it should contain&lt;/td&gt;
		&lt;td&gt;text&lt;/td&gt;
		&lt;td&gt;in line&lt;/td&gt;
		&lt;td&gt;symbol&lt;/td&gt;
	&lt;/tr&gt;
	&lt;tr&gt;
		&lt;td&gt;check&lt;/td&gt;
		&lt;td&gt;request page&lt;/td&gt;
		&lt;td&gt;$IT&lt;/td&gt;
		&lt;td colspan="2"&gt;200&lt;/td&gt;
	&lt;/tr&gt;
	&lt;tr&gt;
		&lt;td&gt;$@symbol=&lt;/td&gt;
		&lt;td&gt;line number containing&lt;/td&gt;
		&lt;td colspan="3"&gt;@text&lt;/td&gt;
	&lt;/tr&gt;
&lt;/table&gt;
&lt;br/&gt;&lt;table&gt;
	&lt;tr&gt;
		&lt;td&gt;scenario&lt;/td&gt;
		&lt;td&gt;it should match&lt;/td&gt;
		&lt;td colspan="2"&gt;text&lt;/td&gt;
	&lt;/tr&gt;
	&lt;tr&gt;
		&lt;td&gt;page&lt;/td&gt;
		&lt;td&gt;$IT&lt;/td&gt;
		&lt;td&gt;should match&lt;/td&gt;
		&lt;td&gt;@text&lt;/td&gt;
	&lt;/tr&gt;
&lt;/table&gt;
&lt;br/&gt;&lt;table&gt;
	&lt;tr&gt;
		&lt;td&gt;scenario&lt;/td&gt;
		&lt;td&gt;test results for page&lt;/td&gt;
		&lt;td&gt;source&lt;/td&gt;
		&lt;td&gt;should contain&lt;/td&gt;
		&lt;td&gt;text&lt;/td&gt;
	&lt;/tr&gt;
	&lt;tr&gt;
		&lt;td&gt;check&lt;/td&gt;
		&lt;td&gt;request page&lt;/td&gt;
		&lt;td&gt;@source?test&lt;/td&gt;
		&lt;td colspan="2"&gt;200&lt;/td&gt;
	&lt;/tr&gt;
	&lt;tr&gt;
		&lt;td&gt;ensure&lt;/td&gt;
		&lt;td&gt;content contains&lt;/td&gt;
		&lt;td colspan="3"&gt;@text&lt;/td&gt;
	&lt;/tr&gt;
	&lt;tr&gt;
		&lt;td&gt;show&lt;/td&gt;
		&lt;td colspan="4"&gt;content&lt;/td&gt;
	&lt;/tr&gt;
&lt;/table&gt;
&lt;br/&gt;&lt;table&gt;
	&lt;tr&gt;
		&lt;td&gt;scenario&lt;/td&gt;
		&lt;td&gt;its test results should contain&lt;/td&gt;
		&lt;td colspan="2"&gt;text&lt;/td&gt;
	&lt;/tr&gt;
	&lt;tr&gt;
		&lt;td&gt;test results for page&lt;/td&gt;
		&lt;td&gt;$IT&lt;/td&gt;
		&lt;td&gt;should contain&lt;/td&gt;
		&lt;td&gt;@text&lt;/td&gt;
	&lt;/tr&gt;
&lt;/table&gt;
&lt;br/&gt;&lt;table&gt;
	&lt;tr&gt;
		&lt;td&gt;scenario&lt;/td&gt;
		&lt;td&gt;test ressults for page&lt;/td&gt;
		&lt;td&gt;source&lt;/td&gt;
		&lt;td&gt;should not contain&lt;/td&gt;
		&lt;td&gt;text&lt;/td&gt;
	&lt;/tr&gt;
	&lt;tr&gt;
		&lt;td&gt;check&lt;/td&gt;
		&lt;td&gt;request page&lt;/td&gt;
		&lt;td&gt;@source?test&lt;/td&gt;
		&lt;td colspan="2"&gt;200&lt;/td&gt;
	&lt;/tr&gt;
	&lt;tr&gt;
		&lt;td&gt;reject&lt;/td&gt;
		&lt;td&gt;content contains&lt;/td&gt;
		&lt;td colspan="3"&gt;@text&lt;/td&gt;
	&lt;/tr&gt;
	&lt;tr&gt;
		&lt;td&gt;show&lt;/td&gt;
		&lt;td colspan="4"&gt;content&lt;/td&gt;
	&lt;/tr&gt;
&lt;/table&gt;
&lt;br/&gt;&lt;table&gt;
	&lt;tr&gt;
		&lt;td&gt;scenario&lt;/td&gt;
		&lt;td&gt;and should contain&lt;/td&gt;
		&lt;td&gt;text&lt;/td&gt;
	&lt;/tr&gt;
	&lt;tr&gt;
		&lt;td&gt;ensure&lt;/td&gt;
		&lt;td&gt;content contains&lt;/td&gt;
		&lt;td&gt;@text&lt;/td&gt;
	&lt;/tr&gt;
	&lt;tr&gt;
		&lt;td&gt;show&lt;/td&gt;
		&lt;td colspan="2"&gt;content&lt;/td&gt;
	&lt;/tr&gt;
&lt;/table&gt;
&lt;br/&gt;&lt;table&gt;
	&lt;tr&gt;
		&lt;td&gt;scenario&lt;/td&gt;
		&lt;td&gt;and should match&lt;/td&gt;
		&lt;td&gt;text&lt;/td&gt;
	&lt;/tr&gt;
	&lt;tr&gt;
		&lt;td&gt;ensure&lt;/td&gt;
		&lt;td&gt;content matches&lt;/td&gt;
		&lt;td&gt;@text&lt;/td&gt;
	&lt;/tr&gt;
	&lt;tr&gt;
		&lt;td&gt;show&lt;/td&gt;
		&lt;td colspan="2"&gt;content&lt;/td&gt;
	&lt;/tr&gt;
&lt;/table&gt;
&lt;br/&gt;&lt;table&gt;
	&lt;tr&gt;
		&lt;td&gt;scenario&lt;/td&gt;
		&lt;td&gt;and should not contain&lt;/td&gt;
		&lt;td&gt;text&lt;/td&gt;
	&lt;/tr&gt;
	&lt;tr&gt;
		&lt;td&gt;reject&lt;/td&gt;
		&lt;td&gt;content contains&lt;/td&gt;
		&lt;td&gt;@text&lt;/td&gt;
	&lt;/tr&gt;
	&lt;tr&gt;
		&lt;td&gt;show&lt;/td&gt;
		&lt;td colspan="2"&gt;content&lt;/td&gt;
	&lt;/tr&gt;
&lt;/table&gt;
&lt;br/&gt;&lt;table&gt;
	&lt;tr&gt;
		&lt;td&gt;scenario&lt;/td&gt;
		&lt;td&gt;widget&lt;/td&gt;
		&lt;td&gt;wikiText&lt;/td&gt;
		&lt;td&gt;should render&lt;/td&gt;
		&lt;td&gt;htmlText&lt;/td&gt;
	&lt;/tr&gt;
	&lt;tr&gt;
		&lt;td&gt;create page&lt;/td&gt;
		&lt;td&gt;WidgetPage&lt;/td&gt;
		&lt;td&gt;with content&lt;/td&gt;
		&lt;td colspan="2"&gt;@wikiText&lt;/td&gt;
	&lt;/tr&gt;
	&lt;tr&gt;
		&lt;td&gt;check&lt;/td&gt;
		&lt;td&gt;request page&lt;/td&gt;
		&lt;td&gt;WidgetPage&lt;/td&gt;
		&lt;td colspan="2"&gt;200&lt;/td&gt;
	&lt;/tr&gt;
	&lt;tr&gt;
		&lt;td&gt;ensure&lt;/td&gt;
		&lt;td&gt;content matches&lt;/td&gt;
		&lt;td colspan="3"&gt;@htmlText&lt;/td&gt;
	&lt;/tr&gt;
	&lt;tr&gt;
		&lt;td&gt;show&lt;/td&gt;
		&lt;td colspan="4"&gt;content&lt;/td&gt;
	&lt;/tr&gt;
&lt;/table&gt;
&lt;br/&gt;&lt;table&gt;
	&lt;tr&gt;
		&lt;td&gt;scenario&lt;/td&gt;
		&lt;td&gt;the line&lt;/td&gt;
		&lt;td&gt;after&lt;/td&gt;
		&lt;td&gt;should come after&lt;/td&gt;
		&lt;td&gt;before&lt;/td&gt;
	&lt;/tr&gt;
	&lt;tr&gt;
		&lt;td&gt;check&lt;/td&gt;
		&lt;td&gt;echo int&lt;/td&gt;
		&lt;td&gt;$@before&lt;/td&gt;
		&lt;td colspan="2"&gt;&amp;lt; $@after&lt;/td&gt;
	&lt;/tr&gt;
&lt;/table&gt;
&lt;br/&gt;&lt;table&gt;
	&lt;tr&gt;
		&lt;td&gt;scenario&lt;/td&gt;
		&lt;td colspan="3"&gt;pass&lt;/td&gt;
	&lt;/tr&gt;
	&lt;tr&gt;
		&lt;td&gt;check&lt;/td&gt;
		&lt;td&gt;echo&lt;/td&gt;
		&lt;td&gt;pass&lt;/td&gt;
		&lt;td&gt;pass&lt;/td&gt;
	&lt;/tr&gt;
&lt;/table&gt;
&lt;/div&gt;
&lt;/div&gt;
&lt;div class="collapsible closed"&gt;&lt;ul&gt;&lt;li&gt;&lt;a href='#' class='expandall'&gt;Expand All&lt;/a&gt;&lt;/li&gt;&lt;li&gt;&lt;a href='#' class='collapseall'&gt;Collapse All&lt;/a&gt;&lt;/li&gt;&lt;/ul&gt;
	&lt;p class="title"&gt;Included page: &lt;a href="FitNesse.SuiteAcceptanceTests.SuiteAuthenticationTests.ScenarioLibrary"&gt;.FitNesse.SuiteAcceptanceTests.SuiteAuthenticationTests.ScenarioLibrary&lt;/a&gt; &lt;a href="FitNesse.SuiteAcceptanceTests.SuiteAuthenticationTests.ScenarioLibrary?edit&amp;amp;redirectToReferer=true&amp;amp;redirectAction=" class="edit"&gt;(edit)&lt;/a&gt;&lt;/p&gt;
	&lt;div&gt;&lt;table&gt;
	&lt;tr&gt;
		&lt;td&gt;scenario&lt;/td&gt;
		&lt;td colspan="3"&gt;it should be readable with no authentication&lt;/td&gt;
	&lt;/tr&gt;
	&lt;tr&gt;
		&lt;td&gt;check&lt;/td&gt;
		&lt;td&gt;request page&lt;/td&gt;
		&lt;td&gt;$IT&lt;/td&gt;
		&lt;td&gt;200&lt;/td&gt;
	&lt;/tr&gt;
&lt;/table&gt;
&lt;br/&gt;&lt;table&gt;
	&lt;tr&gt;
		&lt;td&gt;scenario&lt;/td&gt;
		&lt;td colspan="3"&gt;it should not be readable with no authentication&lt;/td&gt;
	&lt;/tr&gt;
	&lt;tr&gt;
		&lt;td&gt;check&lt;/td&gt;
		&lt;td&gt;request page&lt;/td&gt;
		&lt;td&gt;$IT&lt;/td&gt;
		&lt;td&gt;401&lt;/td&gt;
	&lt;/tr&gt;
&lt;/table&gt;
&lt;br/&gt;&lt;table&gt;
	&lt;tr&gt;
		&lt;td&gt;scenario&lt;/td&gt;
		&lt;td&gt;it should be readable by user&lt;/td&gt;
		&lt;td&gt;user&lt;/td&gt;
		&lt;td&gt;password&lt;/td&gt;
		&lt;td colspan="4"&gt;password&lt;/td&gt;
	&lt;/tr&gt;
	&lt;tr&gt;
		&lt;td&gt;check&lt;/td&gt;
		&lt;td&gt;request page&lt;/td&gt;
		&lt;td&gt;$IT&lt;/td&gt;
		&lt;td&gt;authenticated by user&lt;/td&gt;
		&lt;td&gt;@user&lt;/td&gt;
		&lt;td&gt;and password&lt;/td&gt;
		&lt;td&gt;@password&lt;/td&gt;
		&lt;td&gt;200&lt;/td&gt;
	&lt;/tr&gt;
&lt;/table&gt;
&lt;br/&gt;&lt;table&gt;
	&lt;tr&gt;
		&lt;td&gt;scenario&lt;/td&gt;
		&lt;td&gt;it should not be readable by user&lt;/td&gt;
		&lt;td&gt;user&lt;/td&gt;
		&lt;td&gt;password&lt;/td&gt;
		&lt;td colspan="4"&gt;password&lt;/td&gt;
	&lt;/tr&gt;
	&lt;tr&gt;
		&lt;td&gt;check&lt;/td&gt;
		&lt;td&gt;request page&lt;/td&gt;
		&lt;td&gt;$IT&lt;/td&gt;
		&lt;td&gt;authenticated by user&lt;/td&gt;
		&lt;td&gt;@user&lt;/td&gt;
		&lt;td&gt;and password&lt;/td&gt;
		&lt;td&gt;@password&lt;/td&gt;
		&lt;td&gt;401&lt;/td&gt;
	&lt;/tr&gt;
&lt;/table&gt;
&lt;br/&gt;&lt;table&gt;
	&lt;tr&gt;
		&lt;td&gt;scenario&lt;/td&gt;
		&lt;td&gt;given read locked page&lt;/td&gt;
		&lt;td colspan="2"&gt;page&lt;/td&gt;
	&lt;/tr&gt;
	&lt;tr&gt;
		&lt;td&gt;create page&lt;/td&gt;
		&lt;td&gt;@page&lt;/td&gt;
		&lt;td&gt;with authentication&lt;/td&gt;
		&lt;td&gt;secure-read=true&lt;/td&gt;
	&lt;/tr&gt;
	&lt;tr&gt;
		&lt;td&gt;$IT=&lt;/td&gt;
		&lt;td&gt;echo&lt;/td&gt;
		&lt;td colspan="2"&gt;@page&lt;/td&gt;
	&lt;/tr&gt;
&lt;/table&gt;
&lt;br/&gt;&lt;table&gt;
	&lt;tr&gt;
		&lt;td&gt;scenario&lt;/td&gt;
		&lt;td&gt;given write locked page&lt;/td&gt;
		&lt;td colspan="2"&gt;page&lt;/td&gt;
	&lt;/tr&gt;
	&lt;tr&gt;
		&lt;td&gt;create page&lt;/td&gt;
		&lt;td&gt;@page&lt;/td&gt;
		&lt;td&gt;with authentication&lt;/td&gt;
		&lt;td&gt;secure-write=true&lt;/td&gt;
	&lt;/tr&gt;
	&lt;tr&gt;
		&lt;td&gt;$IT=&lt;/td&gt;
		&lt;td&gt;echo&lt;/td&gt;
		&lt;td colspan="2"&gt;@page&lt;/td&gt;
	&lt;/tr&gt;
&lt;/table&gt;
&lt;br/&gt;&lt;table&gt;
	&lt;tr&gt;
		&lt;td&gt;scenario&lt;/td&gt;
		&lt;td&gt;given test locked page&lt;/td&gt;
		&lt;td colspan="2"&gt;page&lt;/td&gt;
	&lt;/tr&gt;
	&lt;tr&gt;
		&lt;td&gt;create page&lt;/td&gt;
		&lt;td&gt;@page&lt;/td&gt;
		&lt;td&gt;with authentication&lt;/td&gt;
		&lt;td&gt;secure-test=true&lt;/td&gt;
	&lt;/tr&gt;
	&lt;tr&gt;
		&lt;td&gt;$IT=&lt;/td&gt;
		&lt;td&gt;echo&lt;/td&gt;
		&lt;td colspan="2"&gt;@page&lt;/td&gt;
	&lt;/tr&gt;
&lt;/table&gt;
&lt;br/&gt;&lt;table&gt;
	&lt;tr&gt;
		&lt;td&gt;scenario&lt;/td&gt;
		&lt;td&gt;directory&lt;/td&gt;
		&lt;td&gt;dir&lt;/td&gt;
		&lt;td&gt;should not be readable with no authentication&lt;/td&gt;
	&lt;/tr&gt;
	&lt;tr&gt;
		&lt;td&gt;check&lt;/td&gt;
		&lt;td&gt;request page&lt;/td&gt;
		&lt;td&gt;@dir&lt;/td&gt;
		&lt;td&gt;401&lt;/td&gt;
	&lt;/tr&gt;
&lt;/table&gt;
&lt;br/&gt;&lt;table&gt;
	&lt;tr&gt;
		&lt;td&gt;scenario&lt;/td&gt;
		&lt;td&gt;directory&lt;/td&gt;
		&lt;td&gt;dir&lt;/td&gt;
		&lt;td&gt;should not be readable by user&lt;/td&gt;
		&lt;td&gt;user&lt;/td&gt;
		&lt;td&gt;password&lt;/td&gt;
		&lt;td colspan="2"&gt;password&lt;/td&gt;
	&lt;/tr&gt;
	&lt;tr&gt;
		&lt;td&gt;check&lt;/td&gt;
		&lt;td&gt;request page&lt;/td&gt;
		&lt;td&gt;@dir&lt;/td&gt;
		&lt;td&gt;authenticated by user&lt;/td&gt;
		&lt;td&gt;@user&lt;/td&gt;
		&lt;td&gt;and password&lt;/td&gt;
		&lt;td&gt;@password&lt;/td&gt;
		&lt;td&gt;401&lt;/td&gt;
	&lt;/tr&gt;
&lt;/table&gt;
&lt;br/&gt;&lt;table&gt;
	&lt;tr&gt;
		&lt;td&gt;scenario&lt;/td&gt;
		&lt;td&gt;directory&lt;/td&gt;
		&lt;td&gt;dir&lt;/td&gt;
		&lt;td&gt;should be readable by user&lt;/td&gt;
		&lt;td&gt;user&lt;/td&gt;
		&lt;td&gt;password&lt;/td&gt;
		&lt;td colspan="2"&gt;password&lt;/td&gt;
	&lt;/tr&gt;
	&lt;tr&gt;
		&lt;td&gt;check&lt;/td&gt;
		&lt;td&gt;request page&lt;/td&gt;
		&lt;td&gt;@dir&lt;/td&gt;
		&lt;td&gt;authenticated by user&lt;/td&gt;
		&lt;td&gt;@user&lt;/td&gt;
		&lt;td&gt;and password&lt;/td&gt;
		&lt;td&gt;@password&lt;/td&gt;
		&lt;td&gt;200&lt;/td&gt;
	&lt;/tr&gt;
&lt;/table&gt;
&lt;br/&gt;&lt;table&gt;
	&lt;tr&gt;
		&lt;td&gt;scenario&lt;/td&gt;
		&lt;td colspan="3"&gt;it should be not readable with no authentication&lt;/td&gt;
	&lt;/tr&gt;
	&lt;tr&gt;
		&lt;td&gt;check&lt;/td&gt;
		&lt;td&gt;request page&lt;/td&gt;
		&lt;td&gt;$IT&lt;/td&gt;
		&lt;td&gt;401&lt;/td&gt;
	&lt;/tr&gt;
&lt;/table&gt;
&lt;br/&gt;&lt;table&gt;
	&lt;tr&gt;
		&lt;td&gt;scenario&lt;/td&gt;
		&lt;td&gt;it should not be readable by user&lt;/td&gt;
		&lt;td&gt;user&lt;/td&gt;
		&lt;td&gt;password&lt;/td&gt;
		&lt;td colspan="4"&gt;password&lt;/td&gt;
	&lt;/tr&gt;
	&lt;tr&gt;
		&lt;td&gt;check&lt;/td&gt;
		&lt;td&gt;request page&lt;/td&gt;
		&lt;td&gt;$IT&lt;/td&gt;
		&lt;td&gt;authenticated by user&lt;/td&gt;
		&lt;td&gt;@user&lt;/td&gt;
		&lt;td&gt;and password&lt;/td&gt;
		&lt;td&gt;@password&lt;/td&gt;
		&lt;td&gt;401&lt;/td&gt;
	&lt;/tr&gt;
&lt;/table&gt;
&lt;br/&gt;&lt;table&gt;
	&lt;tr&gt;
		&lt;td&gt;scenario&lt;/td&gt;
		&lt;td&gt;it should be readable by user&lt;/td&gt;
		&lt;td&gt;user&lt;/td&gt;
		&lt;td&gt;password&lt;/td&gt;
		&lt;td colspan="4"&gt;password&lt;/td&gt;
	&lt;/tr&gt;
	&lt;tr&gt;
		&lt;td&gt;check&lt;/td&gt;
		&lt;td&gt;request page&lt;/td&gt;
		&lt;td&gt;$IT&lt;/td&gt;
		&lt;td&gt;authenticated by user&lt;/td&gt;
		&lt;td&gt;@user&lt;/td&gt;
		&lt;td&gt;and password&lt;/td&gt;
		&lt;td&gt;@password&lt;/td&gt;
		&lt;td&gt;200&lt;/td&gt;
	&lt;/tr&gt;
&lt;/table&gt;
&lt;br/&gt;&lt;table&gt;
	&lt;tr&gt;
		&lt;td&gt;scenario&lt;/td&gt;
		&lt;td&gt;operation&lt;/td&gt;
		&lt;td&gt;operation&lt;/td&gt;
		&lt;td colspan="5"&gt;with bad authentication should fail&lt;/td&gt;
	&lt;/tr&gt;
	&lt;tr&gt;
		&lt;td&gt;check&lt;/td&gt;
		&lt;td&gt;request page&lt;/td&gt;
		&lt;td&gt;$IT?@operation&lt;/td&gt;
		&lt;td&gt;authenticated by user&lt;/td&gt;
		&lt;td&gt;Aladdin&lt;/td&gt;
		&lt;td&gt;and password&lt;/td&gt;
		&lt;td&gt;open please&lt;/td&gt;
		&lt;td&gt;401&lt;/td&gt;
	&lt;/tr&gt;
&lt;/table&gt;
&lt;br/&gt;&lt;table&gt;
	&lt;tr&gt;
		&lt;td&gt;scenario&lt;/td&gt;
		&lt;td&gt;operation&lt;/td&gt;
		&lt;td&gt;operation&lt;/td&gt;
		&lt;td colspan="5"&gt;with good authentication should not fail&lt;/td&gt;
	&lt;/tr&gt;
	&lt;tr&gt;
		&lt;td&gt;check not&lt;/td&gt;
		&lt;td&gt;request page&lt;/td&gt;
		&lt;td&gt;$IT?@operation&lt;/td&gt;
		&lt;td&gt;authenticated by user&lt;/td&gt;
		&lt;td&gt;Aladdin&lt;/td&gt;
		&lt;td&gt;and password&lt;/td&gt;
		&lt;td&gt;open sesame&lt;/td&gt;
		&lt;td&gt;401&lt;/td&gt;
	&lt;/tr&gt;
&lt;/table&gt;
&lt;br/&gt;&lt;table&gt;
	&lt;tr&gt;
		&lt;td&gt;scenario&lt;/td&gt;
		&lt;td&gt;operation&lt;/td&gt;
		&lt;td&gt;operation&lt;/td&gt;
		&lt;td&gt;is authenticated&lt;/td&gt;
	&lt;/tr&gt;
	&lt;tr&gt;
		&lt;td&gt;operation&lt;/td&gt;
		&lt;td&gt;@operation&lt;/td&gt;
		&lt;td colspan="2"&gt;with bad authentication should fail&lt;/td&gt;
	&lt;/tr&gt;
	&lt;tr&gt;
		&lt;td&gt;operation&lt;/td&gt;
		&lt;td&gt;@operation&lt;/td&gt;
		&lt;td colspan="2"&gt;with good authentication should not fail&lt;/td&gt;
	&lt;/tr&gt;
&lt;/table&gt;
&lt;br/&gt;&lt;/div&gt;
&lt;/div&gt;
&lt;/div&gt;
&lt;/div&gt;
&lt;div class="collapsible closed"&gt;&lt;ul&gt;&lt;li&gt;&lt;a href='#' class='expandall'&gt;Expand All&lt;/a&gt;&lt;/li&gt;&lt;li&gt;&lt;a href='#' class='collapseall'&gt;Collapse All&lt;/a&gt;&lt;/li&gt;&lt;/ul&gt;
	&lt;p class="title"&gt;Included page: &lt;a href="FitNesse.SuiteAcceptanceTests.SuiteAuthenticationTests.SetUp"&gt;.FitNesse.SuiteAcceptanceTests.SuiteAuthenticationTests.SetUp&lt;/a&gt; &lt;a href="FitNesse.SuiteAcceptanceTests.SuiteAuthenticationTests.SetUp?edit&amp;amp;redirectToReferer=true&amp;amp;redirectAction=" class="edit"&gt;(edit)&lt;/a&gt;&lt;/p&gt;
	&lt;div&gt;&lt;div class="collapsible"&gt;&lt;ul&gt;&lt;li&gt;&lt;a href='#' class='expandall'&gt;Expand All&lt;/a&gt;&lt;/li&gt;&lt;li&gt;&lt;a href='#' class='collapseall'&gt;Collapse All&lt;/a&gt;&lt;/li&gt;&lt;/ul&gt;
	&lt;p class="title"&gt;Included page: &lt;a href="FitNesse.SuiteAcceptanceTests.SetUp"&gt;&amp;lt;SuiteAcceptanceTests.SetUp&lt;/a&gt; &lt;a href="FitNesse.SuiteAcceptanceTests.SetUp?edit&amp;amp;redirectToReferer=true&amp;amp;redirectAction=" class="edit"&gt;(edit)&lt;/a&gt;&lt;/p&gt;
	&lt;div&gt;&lt;table&gt;
	&lt;tr&gt;
		&lt;td&gt;Import&lt;/td&gt;
	&lt;/tr&gt;
	&lt;tr&gt;
		&lt;td&gt;&lt;span class="pass"&gt;fitnesse.fixtures&lt;/span&gt;&lt;/td&gt;
	&lt;/tr&gt;
&lt;/table&gt;
&lt;br/&gt;&lt;table&gt;
	&lt;tr&gt;
		&lt;td&gt;&lt;span class="pass"&gt;SetUp&lt;/span&gt;&lt;/td&gt;
	&lt;/tr&gt;
&lt;/table&gt;
&lt;/div&gt;
&lt;/div&gt;
&lt;br/&gt;&lt;table&gt;
	&lt;tr&gt;
		&lt;td&gt;Library&lt;/td&gt;
	&lt;/tr&gt;
	&lt;tr&gt;
		&lt;td&gt;&lt;span class="pass"&gt;echo fixture&lt;/span&gt;&lt;/td&gt;
	&lt;/tr&gt;
	&lt;tr&gt;
		&lt;td&gt;&lt;span class="pass"&gt;page driver&lt;/span&gt;&lt;/td&gt;
	&lt;/tr&gt;
&lt;/table&gt;
&lt;br/&gt;&lt;table&gt;
	&lt;tr&gt;
		&lt;td colspan="3"&gt;&lt;span class="pass"&gt;Authenticator Setup&lt;/span&gt;&lt;/td&gt;
	&lt;/tr&gt;
	&lt;tr&gt;
		&lt;td&gt;username&lt;/td&gt;
		&lt;td&gt;password&lt;/td&gt;
		&lt;td&gt;status?&lt;/td&gt;
	&lt;/tr&gt;
	&lt;tr&gt;
		&lt;td&gt;Aladdin&lt;/td&gt;
		&lt;td&gt;open sesame&lt;/td&gt;
		&lt;td&gt; &lt;span class="ignore"&gt;ok&lt;/span&gt;&lt;/td&gt;
	&lt;/tr&gt;
&lt;/table&gt;
&lt;/div&gt;
&lt;/div&gt;
&lt;br/&gt;&lt;br/&gt;&lt;table&gt;
	&lt;tr&gt;
		&lt;td colspan="2"&gt;script&lt;/td&gt;
	&lt;/tr&gt;
	&lt;tr class="scenario closed"&gt;
		&lt;td class="pass"&gt;given read locked page&lt;/td&gt;
		&lt;td class="pass"&gt;FrontPage&lt;/td&gt;
	&lt;/tr&gt;&lt;tr class="scenario-detail closed-detail"&gt;&lt;td colspan="2"&gt;&lt;table&gt;
	&lt;tr&gt;
		&lt;td&gt;scenario&lt;/td&gt;
		&lt;td&gt;given read locked page&lt;/td&gt;
		&lt;td colspan="2"&gt;page&lt;/td&gt;
	&lt;/tr&gt;
	&lt;tr&gt;
		&lt;td&gt;create page&lt;/td&gt;
		&lt;td&gt;FrontPage&lt;/td&gt;
		&lt;td&gt;with authentication&lt;/td&gt;
		&lt;td&gt;secure-read=true&lt;/td&gt;
	&lt;/tr&gt;
	&lt;tr&gt;
		&lt;td&gt;$IT&amp;lt;-[FrontPage]&lt;/td&gt;
		&lt;td&gt;echo&lt;/td&gt;
		&lt;td colspan="2"&gt;FrontPage&lt;/td&gt;
	&lt;/tr&gt;
&lt;/table&gt;&lt;/td&gt;&lt;/tr&gt;
&lt;/table&gt;
&lt;br/&gt;&lt;table&gt;
	&lt;tr&gt;
		&lt;td&gt;operation is authenticated&lt;/td&gt;
	&lt;/tr&gt;
	&lt;tr&gt;
		&lt;td&gt;operation&lt;/td&gt;
	&lt;/tr&gt;
	&lt;tr class="scenario closed"&gt;
		&lt;td class="pass"&gt;properties&lt;/td&gt;
	&lt;/tr&gt;&lt;tr class="scenario-detail closed-detail"&gt;&lt;td colspan="1"&gt;&lt;table&gt;
	&lt;tr&gt;
		&lt;td&gt;scenario&lt;/td&gt;
		&lt;td&gt;operation&lt;/td&gt;
		&lt;td&gt;operation&lt;/td&gt;
		&lt;td&gt;is authenticated&lt;/td&gt;
	&lt;/tr&gt;
	&lt;tr class="scenario closed"&gt;
		&lt;td class="pass"&gt;operation&lt;/td&gt;
		&lt;td class="pass"&gt;properties&lt;/td&gt;
		&lt;td colspan="2" class="pass"&gt;with bad authentication should fail&lt;/td&gt;
	&lt;/tr&gt;&lt;tr class="scenario-detail closed-detail"&gt;&lt;td colspan="4"&gt;&lt;table&gt;
	&lt;tr&gt;
		&lt;td&gt;scenario&lt;/td&gt;
		&lt;td&gt;operation&lt;/td&gt;
		&lt;td&gt;operation&lt;/td&gt;
		&lt;td colspan="5"&gt;with bad authentication should fail&lt;/td&gt;
	&lt;/tr&gt;
	&lt;tr&gt;
		&lt;td&gt;check&lt;/td&gt;
		&lt;td&gt;request page&lt;/td&gt;
		&lt;td&gt;$IT-&gt;[FrontPage]?properties&lt;/td&gt;
		&lt;td&gt;authenticated by user&lt;/td&gt;
		&lt;td&gt;Aladdin&lt;/td&gt;
		&lt;td&gt;and password&lt;/td&gt;
		&lt;td&gt;open please&lt;/td&gt;
		&lt;td&gt;&lt;span class="pass"&gt;401&lt;/span&gt;&lt;/td&gt;
	&lt;/tr&gt;
&lt;/table&gt;&lt;/td&gt;&lt;/tr&gt;
	&lt;tr class="scenario closed"&gt;
		&lt;td class="pass"&gt;operation&lt;/td&gt;
		&lt;td class="pass"&gt;properties&lt;/td&gt;
		&lt;td colspan="2" class="pass"&gt;with good authentication should not fail&lt;/td&gt;
	&lt;/tr&gt;&lt;tr class="scenario-detail closed-detail"&gt;&lt;td colspan="4"&gt;&lt;table&gt;
	&lt;tr&gt;
		&lt;td&gt;scenario&lt;/td&gt;
		&lt;td&gt;operation&lt;/td&gt;
		&lt;td&gt;operation&lt;/td&gt;
		&lt;td colspan="5"&gt;with good authentication should not fail&lt;/td&gt;
	&lt;/tr&gt;
	&lt;tr&gt;
		&lt;td&gt;check not&lt;/td&gt;
		&lt;td&gt;request page&lt;/td&gt;
		&lt;td&gt;$IT-&gt;[FrontPage]?properties&lt;/td&gt;
		&lt;td&gt;authenticated by user&lt;/td&gt;
		&lt;td&gt;Aladdin&lt;/td&gt;
		&lt;td&gt;and password&lt;/td&gt;
		&lt;td&gt;open sesame&lt;/td&gt;
		&lt;td&gt;&lt;span class="pass"&gt;401&lt;/span&gt;&lt;/td&gt;
	&lt;/tr&gt;
&lt;/table&gt;&lt;/td&gt;&lt;/tr&gt;
&lt;/table&gt;&lt;/td&gt;&lt;/tr&gt;
	&lt;tr class="scenario closed"&gt;
		&lt;td class="pass"&gt;edit&lt;/td&gt;
	&lt;/tr&gt;&lt;tr class="scenario-detail closed-detail"&gt;&lt;td colspan="1"&gt;&lt;table&gt;
	&lt;tr&gt;
		&lt;td&gt;scenario&lt;/td&gt;
		&lt;td&gt;operation&lt;/td&gt;
		&lt;td&gt;operation&lt;/td&gt;
		&lt;td&gt;is authenticated&lt;/td&gt;
	&lt;/tr&gt;
	&lt;tr class="scenario closed"&gt;
		&lt;td class="pass"&gt;operation&lt;/td&gt;
		&lt;td class="pass"&gt;edit&lt;/td&gt;
		&lt;td colspan="2" class="pass"&gt;with bad authentication should fail&lt;/td&gt;
	&lt;/tr&gt;&lt;tr class="scenario-detail closed-detail"&gt;&lt;td colspan="4"&gt;&lt;table&gt;
	&lt;tr&gt;
		&lt;td&gt;scenario&lt;/td&gt;
		&lt;td&gt;operation&lt;/td&gt;
		&lt;td&gt;operation&lt;/td&gt;
		&lt;td colspan="5"&gt;with bad authentication should fail&lt;/td&gt;
	&lt;/tr&gt;
	&lt;tr&gt;
		&lt;td&gt;check&lt;/td&gt;
		&lt;td&gt;request page&lt;/td&gt;
		&lt;td&gt;$IT-&gt;[FrontPage]?edit&lt;/td&gt;
		&lt;td&gt;authenticated by user&lt;/td&gt;
		&lt;td&gt;Aladdin&lt;/td&gt;
		&lt;td&gt;and password&lt;/td&gt;
		&lt;td&gt;open please&lt;/td&gt;
		&lt;td&gt;&lt;span class="pass"&gt;401&lt;/span&gt;&lt;/td&gt;
	&lt;/tr&gt;
&lt;/table&gt;&lt;/td&gt;&lt;/tr&gt;
	&lt;tr class="scenario closed"&gt;
		&lt;td class="pass"&gt;operation&lt;/td&gt;
		&lt;td class="pass"&gt;edit&lt;/td&gt;
		&lt;td colspan="2" class="pass"&gt;with good authentication should not fail&lt;/td&gt;
	&lt;/tr&gt;&lt;tr class="scenario-detail closed-detail"&gt;&lt;td colspan="4"&gt;&lt;table&gt;
	&lt;tr&gt;
		&lt;td&gt;scenario&lt;/td&gt;
		&lt;td&gt;operation&lt;/td&gt;
		&lt;td&gt;operation&lt;/td&gt;
		&lt;td colspan="5"&gt;with good authentication should not fail&lt;/td&gt;
	&lt;/tr&gt;
	&lt;tr&gt;
		&lt;td&gt;check not&lt;/td&gt;
		&lt;td&gt;request page&lt;/td&gt;
		&lt;td&gt;$IT-&gt;[FrontPage]?edit&lt;/td&gt;
		&lt;td&gt;authenticated by user&lt;/td&gt;
		&lt;td&gt;Aladdin&lt;/td&gt;
		&lt;td&gt;and password&lt;/td&gt;
		&lt;td&gt;open sesame&lt;/td&gt;
		&lt;td&gt;&lt;span class="pass"&gt;401&lt;/span&gt;&lt;/td&gt;
	&lt;/tr&gt;
&lt;/table&gt;&lt;/td&gt;&lt;/tr&gt;
&lt;/table&gt;&lt;/td&gt;&lt;/tr&gt;
	&lt;tr class="scenario closed"&gt;
		&lt;td class="pass"&gt;search&lt;/td&gt;
	&lt;/tr&gt;&lt;tr class="scenario-detail closed-detail"&gt;&lt;td colspan="1"&gt;&lt;table&gt;
	&lt;tr&gt;
		&lt;td&gt;scenario&lt;/td&gt;
		&lt;td&gt;operation&lt;/td&gt;
		&lt;td&gt;operation&lt;/td&gt;
		&lt;td&gt;is authenticated&lt;/td&gt;
	&lt;/tr&gt;
	&lt;tr class="scenario closed"&gt;
		&lt;td class="pass"&gt;operation&lt;/td&gt;
		&lt;td class="pass"&gt;search&lt;/td&gt;
		&lt;td colspan="2" class="pass"&gt;with bad authentication should fail&lt;/td&gt;
	&lt;/tr&gt;&lt;tr class="scenario-detail closed-detail"&gt;&lt;td colspan="4"&gt;&lt;table&gt;
	&lt;tr&gt;
		&lt;td&gt;scenario&lt;/td&gt;
		&lt;td&gt;operation&lt;/td&gt;
		&lt;td&gt;operation&lt;/td&gt;
		&lt;td colspan="5"&gt;with bad authentication should fail&lt;/td&gt;
	&lt;/tr&gt;
	&lt;tr&gt;
		&lt;td&gt;check&lt;/td&gt;
		&lt;td&gt;request page&lt;/td&gt;
		&lt;td&gt;$IT-&gt;[FrontPage]?search&lt;/td&gt;
		&lt;td&gt;authenticated by user&lt;/td&gt;
		&lt;td&gt;Aladdin&lt;/td&gt;
		&lt;td&gt;and password&lt;/td&gt;
		&lt;td&gt;open please&lt;/td&gt;
		&lt;td&gt;&lt;span class="pass"&gt;401&lt;/span&gt;&lt;/td&gt;
	&lt;/tr&gt;
&lt;/table&gt;&lt;/td&gt;&lt;/tr&gt;
	&lt;tr class="scenario closed"&gt;
		&lt;td class="pass"&gt;operation&lt;/td&gt;
		&lt;td class="pass"&gt;search&lt;/td&gt;
		&lt;td colspan="2" class="pass"&gt;with good authentication should not fail&lt;/td&gt;
	&lt;/tr&gt;&lt;tr class="scenario-detail closed-detail"&gt;&lt;td colspan="4"&gt;&lt;table&gt;
	&lt;tr&gt;
		&lt;td&gt;scenario&lt;/td&gt;
		&lt;td&gt;operation&lt;/td&gt;
		&lt;td&gt;operation&lt;/td&gt;
		&lt;td colspan="5"&gt;with good authentication should not fail&lt;/td&gt;
	&lt;/tr&gt;
	&lt;tr&gt;
		&lt;td&gt;check not&lt;/td&gt;
		&lt;td&gt;request page&lt;/td&gt;
		&lt;td&gt;$IT-&gt;[FrontPage]?search&lt;/td&gt;
		&lt;td&gt;authenticated by user&lt;/td&gt;
		&lt;td&gt;Aladdin&lt;/td&gt;
		&lt;td&gt;and password&lt;/td&gt;
		&lt;td&gt;open sesame&lt;/td&gt;
		&lt;td&gt;&lt;span class="pass"&gt;401&lt;/span&gt;&lt;/td&gt;
	&lt;/tr&gt;
&lt;/table&gt;&lt;/td&gt;&lt;/tr&gt;
&lt;/table&gt;&lt;/td&gt;&lt;/tr&gt;
	&lt;tr class="scenario closed"&gt;
		&lt;td class="pass"&gt;versions&lt;/td&gt;
	&lt;/tr&gt;&lt;tr class="scenario-detail closed-detail"&gt;&lt;td colspan="1"&gt;&lt;table&gt;
	&lt;tr&gt;
		&lt;td&gt;scenario&lt;/td&gt;
		&lt;td&gt;operation&lt;/td&gt;
		&lt;td&gt;operation&lt;/td&gt;
		&lt;td&gt;is authenticated&lt;/td&gt;
	&lt;/tr&gt;
	&lt;tr class="scenario closed"&gt;
		&lt;td class="pass"&gt;operation&lt;/td&gt;
		&lt;td class="pass"&gt;versions&lt;/td&gt;
		&lt;td colspan="2" class="pass"&gt;with bad authentication should fail&lt;/td&gt;
	&lt;/tr&gt;&lt;tr class="scenario-detail closed-detail"&gt;&lt;td colspan="4"&gt;&lt;table&gt;
	&lt;tr&gt;
		&lt;td&gt;scenario&lt;/td&gt;
		&lt;td&gt;operation&lt;/td&gt;
		&lt;td&gt;operation&lt;/td&gt;
		&lt;td colspan="5"&gt;with bad authentication should fail&lt;/td&gt;
	&lt;/tr&gt;
	&lt;tr&gt;
		&lt;td&gt;check&lt;/td&gt;
		&lt;td&gt;request page&lt;/td&gt;
		&lt;td&gt;$IT-&gt;[FrontPage]?versions&lt;/td&gt;
		&lt;td&gt;authenticated by user&lt;/td&gt;
		&lt;td&gt;Aladdin&lt;/td&gt;
		&lt;td&gt;and password&lt;/td&gt;
		&lt;td&gt;open please&lt;/td&gt;
		&lt;td&gt;&lt;span class="pass"&gt;401&lt;/span&gt;&lt;/td&gt;
	&lt;/tr&gt;
&lt;/table&gt;&lt;/td&gt;&lt;/tr&gt;
	&lt;tr class="scenario closed"&gt;
		&lt;td class="pass"&gt;operation&lt;/td&gt;
		&lt;td class="pass"&gt;versions&lt;/td&gt;
		&lt;td colspan="2" class="pass"&gt;with good authentication should not fail&lt;/td&gt;
	&lt;/tr&gt;&lt;tr class="scenario-detail closed-detail"&gt;&lt;td colspan="4"&gt;&lt;table&gt;
	&lt;tr&gt;
		&lt;td&gt;scenario&lt;/td&gt;
		&lt;td&gt;operation&lt;/td&gt;
		&lt;td&gt;operation&lt;/td&gt;
		&lt;td colspan="5"&gt;with good authentication should not fail&lt;/td&gt;
	&lt;/tr&gt;
	&lt;tr&gt;
		&lt;td&gt;check not&lt;/td&gt;
		&lt;td&gt;request page&lt;/td&gt;
		&lt;td&gt;$IT-&gt;[FrontPage]?versions&lt;/td&gt;
		&lt;td&gt;authenticated by user&lt;/td&gt;
		&lt;td&gt;Aladdin&lt;/td&gt;
		&lt;td&gt;and password&lt;/td&gt;
		&lt;td&gt;open sesame&lt;/td&gt;
		&lt;td&gt;&lt;span class="pass"&gt;401&lt;/span&gt;&lt;/td&gt;
	&lt;/tr&gt;
&lt;/table&gt;&lt;/td&gt;&lt;/tr&gt;
&lt;/table&gt;&lt;/td&gt;&lt;/tr&gt;
	&lt;tr class="scenario closed"&gt;
		&lt;td class="pass"&gt;viewVersion&lt;/td&gt;
	&lt;/tr&gt;&lt;tr class="scenario-detail closed-detail"&gt;&lt;td colspan="1"&gt;&lt;table&gt;
	&lt;tr&gt;
		&lt;td&gt;scenario&lt;/td&gt;
		&lt;td&gt;operation&lt;/td&gt;
		&lt;td&gt;operation&lt;/td&gt;
		&lt;td&gt;is authenticated&lt;/td&gt;
	&lt;/tr&gt;
	&lt;tr class="scenario closed"&gt;
		&lt;td class="pass"&gt;operation&lt;/td&gt;
		&lt;td class="pass"&gt;viewVersion&lt;/td&gt;
		&lt;td colspan="2" class="pass"&gt;with bad authentication should fail&lt;/td&gt;
	&lt;/tr&gt;&lt;tr class="scenario-detail closed-detail"&gt;&lt;td colspan="4"&gt;&lt;table&gt;
	&lt;tr&gt;
		&lt;td&gt;scenario&lt;/td&gt;
		&lt;td&gt;operation&lt;/td&gt;
		&lt;td&gt;operation&lt;/td&gt;
		&lt;td colspan="5"&gt;with bad authentication should fail&lt;/td&gt;
	&lt;/tr&gt;
	&lt;tr&gt;
		&lt;td&gt;check&lt;/td&gt;
		&lt;td&gt;request page&lt;/td&gt;
		&lt;td&gt;$IT-&gt;[FrontPage]?viewVersion&lt;/td&gt;
		&lt;td&gt;authenticated by user&lt;/td&gt;
		&lt;td&gt;Aladdin&lt;/td&gt;
		&lt;td&gt;and password&lt;/td&gt;
		&lt;td&gt;open please&lt;/td&gt;
		&lt;td&gt;&lt;span class="pass"&gt;401&lt;/span&gt;&lt;/td&gt;
	&lt;/tr&gt;
&lt;/table&gt;&lt;/td&gt;&lt;/tr&gt;
	&lt;tr class="scenario closed"&gt;
		&lt;td class="pass"&gt;operation&lt;/td&gt;
		&lt;td class="pass"&gt;viewVersion&lt;/td&gt;
		&lt;td colspan="2" class="pass"&gt;with good authentication should not fail&lt;/td&gt;
	&lt;/tr&gt;&lt;tr class="scenario-detail closed-detail"&gt;&lt;td colspan="4"&gt;&lt;table&gt;
	&lt;tr&gt;
		&lt;td&gt;scenario&lt;/td&gt;
		&lt;td&gt;operation&lt;/td&gt;
		&lt;td&gt;operation&lt;/td&gt;
		&lt;td colspan="5"&gt;with good authentication should not fail&lt;/td&gt;
	&lt;/tr&gt;
	&lt;tr&gt;
		&lt;td&gt;check not&lt;/td&gt;
		&lt;td&gt;request page&lt;/td&gt;
		&lt;td&gt;$IT-&gt;[FrontPage]?viewVersion&lt;/td&gt;
		&lt;td&gt;authenticated by user&lt;/td&gt;
		&lt;td&gt;Aladdin&lt;/td&gt;
		&lt;td&gt;and password&lt;/td&gt;
		&lt;td&gt;open sesame&lt;/td&gt;
		&lt;td&gt;&lt;span class="pass"&gt;401&lt;/span&gt;&lt;/td&gt;
	&lt;/tr&gt;
&lt;/table&gt;&lt;/td&gt;&lt;/tr&gt;
&lt;/table&gt;&lt;/td&gt;&lt;/tr&gt;
	&lt;tr class="scenario closed"&gt;
		&lt;td class="pass"&gt;names&lt;/td&gt;
	&lt;/tr&gt;&lt;tr class="scenario-detail closed-detail"&gt;&lt;td colspan="1"&gt;&lt;table&gt;
	&lt;tr&gt;
		&lt;td&gt;scenario&lt;/td&gt;
		&lt;td&gt;operation&lt;/td&gt;
		&lt;td&gt;operation&lt;/td&gt;
		&lt;td&gt;is authenticated&lt;/td&gt;
	&lt;/tr&gt;
	&lt;tr class="scenario closed"&gt;
		&lt;td class="pass"&gt;operation&lt;/td&gt;
		&lt;td class="pass"&gt;names&lt;/td&gt;
		&lt;td colspan="2" class="pass"&gt;with bad authentication should fail&lt;/td&gt;
	&lt;/tr&gt;&lt;tr class="scenario-detail closed-detail"&gt;&lt;td colspan="4"&gt;&lt;table&gt;
	&lt;tr&gt;
		&lt;td&gt;scenario&lt;/td&gt;
		&lt;td&gt;operation&lt;/td&gt;
		&lt;td&gt;operation&lt;/td&gt;
		&lt;td colspan="5"&gt;with bad authentication should fail&lt;/td&gt;
	&lt;/tr&gt;
	&lt;tr&gt;
		&lt;td&gt;check&lt;/td&gt;
		&lt;td&gt;request page&lt;/td&gt;
		&lt;td&gt;$IT-&gt;[FrontPage]?names&lt;/td&gt;
		&lt;td&gt;authenticated by user&lt;/td&gt;
		&lt;td&gt;Aladdin&lt;/td&gt;
		&lt;td&gt;and password&lt;/td&gt;
		&lt;td&gt;open please&lt;/td&gt;
		&lt;td&gt;&lt;span class="pass"&gt;401&lt;/span&gt;&lt;/td&gt;
	&lt;/tr&gt;
&lt;/table&gt;&lt;/td&gt;&lt;/tr&gt;
	&lt;tr class="scenario closed"&gt;
		&lt;td class="pass"&gt;operation&lt;/td&gt;
		&lt;td class="pass"&gt;names&lt;/td&gt;
		&lt;td colspan="2" class="pass"&gt;with good authentication should not fail&lt;/td&gt;
	&lt;/tr&gt;&lt;tr class="scenario-detail closed-detail"&gt;&lt;td colspan="4"&gt;&lt;table&gt;
	&lt;tr&gt;
		&lt;td&gt;scenario&lt;/td&gt;
		&lt;td&gt;operation&lt;/td&gt;
		&lt;td&gt;operation&lt;/td&gt;
		&lt;td colspan="5"&gt;with good authentication should not fail&lt;/td&gt;
	&lt;/tr&gt;
	&lt;tr&gt;
		&lt;td&gt;check not&lt;/td&gt;
		&lt;td&gt;request page&lt;/td&gt;
		&lt;td&gt;$IT-&gt;[FrontPage]?names&lt;/td&gt;
		&lt;td&gt;authenticated by user&lt;/td&gt;
		&lt;td&gt;Aladdin&lt;/td&gt;
		&lt;td&gt;and password&lt;/td&gt;
		&lt;td&gt;open sesame&lt;/td&gt;
		&lt;td&gt;&lt;span class="pass"&gt;401&lt;/span&gt;&lt;/td&gt;
	&lt;/tr&gt;
&lt;/table&gt;&lt;/td&gt;&lt;/tr&gt;
&lt;/table&gt;&lt;/td&gt;&lt;/tr&gt;
	&lt;tr class="scenario closed"&gt;
		&lt;td class="pass"&gt;executeSearchProperties&lt;/td&gt;
	&lt;/tr&gt;&lt;tr class="scenario-detail closed-detail"&gt;&lt;td colspan="1"&gt;&lt;table&gt;
	&lt;tr&gt;
		&lt;td&gt;scenario&lt;/td&gt;
		&lt;td&gt;operation&lt;/td&gt;
		&lt;td&gt;operation&lt;/td&gt;
		&lt;td&gt;is authenticated&lt;/td&gt;
	&lt;/tr&gt;
	&lt;tr class="scenario closed"&gt;
		&lt;td class="pass"&gt;operation&lt;/td&gt;
		&lt;td class="pass"&gt;executeSearchProperties&lt;/td&gt;
		&lt;td colspan="2" class="pass"&gt;with bad authentication should fail&lt;/td&gt;
	&lt;/tr&gt;&lt;tr class="scenario-detail closed-detail"&gt;&lt;td colspan="4"&gt;&lt;table&gt;
	&lt;tr&gt;
		&lt;td&gt;scenario&lt;/td&gt;
		&lt;td&gt;operation&lt;/td&gt;
		&lt;td&gt;operation&lt;/td&gt;
		&lt;td colspan="5"&gt;with bad authentication should fail&lt;/td&gt;
	&lt;/tr&gt;
	&lt;tr&gt;
		&lt;td&gt;check&lt;/td&gt;
		&lt;td&gt;request page&lt;/td&gt;
		&lt;td&gt;$IT-&gt;[FrontPage]?executeSearchProperties&lt;/td&gt;
		&lt;td&gt;authenticated by user&lt;/td&gt;
		&lt;td&gt;Aladdin&lt;/td&gt;
		&lt;td&gt;and password&lt;/td&gt;
		&lt;td&gt;open please&lt;/td&gt;
		&lt;td&gt;&lt;span class="pass"&gt;401&lt;/span&gt;&lt;/td&gt;
	&lt;/tr&gt;
&lt;/table&gt;&lt;/td&gt;&lt;/tr&gt;
	&lt;tr class="scenario closed"&gt;
		&lt;td class="pass"&gt;operation&lt;/td&gt;
		&lt;td class="pass"&gt;executeSearchProperties&lt;/td&gt;
		&lt;td colspan="2" class="pass"&gt;with good authentication should not fail&lt;/td&gt;
	&lt;/tr&gt;&lt;tr class="scenario-detail closed-detail"&gt;&lt;td colspan="4"&gt;&lt;table&gt;
	&lt;tr&gt;
		&lt;td&gt;scenario&lt;/td&gt;
		&lt;td&gt;operation&lt;/td&gt;
		&lt;td&gt;operation&lt;/td&gt;
		&lt;td colspan="5"&gt;with good authentication should not fail&lt;/td&gt;
	&lt;/tr&gt;
	&lt;tr&gt;
		&lt;td&gt;check not&lt;/td&gt;
		&lt;td&gt;request page&lt;/td&gt;
		&lt;td&gt;$IT-&gt;[FrontPage]?executeSearchProperties&lt;/td&gt;
		&lt;td&gt;authenticated by user&lt;/td&gt;
		&lt;td&gt;Aladdin&lt;/td&gt;
		&lt;td&gt;and password&lt;/td&gt;
		&lt;td&gt;open sesame&lt;/td&gt;
		&lt;td&gt;&lt;span class="pass"&gt;401&lt;/span&gt;&lt;/td&gt;
	&lt;/tr&gt;
&lt;/table&gt;&lt;/td&gt;&lt;/tr&gt;
&lt;/table&gt;&lt;/td&gt;&lt;/tr&gt;
	&lt;tr class="scenario closed"&gt;
		&lt;td class="pass"&gt;whereUsed&lt;/td&gt;
	&lt;/tr&gt;&lt;tr class="scenario-detail closed-detail"&gt;&lt;td colspan="1"&gt;&lt;table&gt;
	&lt;tr&gt;
		&lt;td&gt;scenario&lt;/td&gt;
		&lt;td&gt;operation&lt;/td&gt;
		&lt;td&gt;operation&lt;/td&gt;
		&lt;td&gt;is authenticated&lt;/td&gt;
	&lt;/tr&gt;
	&lt;tr class="scenario closed"&gt;
		&lt;td class="pass"&gt;operation&lt;/td&gt;
		&lt;td class="pass"&gt;whereUsed&lt;/td&gt;
		&lt;td colspan="2" class="pass"&gt;with bad authentication should fail&lt;/td&gt;
	&lt;/tr&gt;&lt;tr class="scenario-detail closed-detail"&gt;&lt;td colspan="4"&gt;&lt;table&gt;
	&lt;tr&gt;
		&lt;td&gt;scenario&lt;/td&gt;
		&lt;td&gt;operation&lt;/td&gt;
		&lt;td&gt;operation&lt;/td&gt;
		&lt;td colspan="5"&gt;with bad authentication should fail&lt;/td&gt;
	&lt;/tr&gt;
	&lt;tr&gt;
		&lt;td&gt;check&lt;/td&gt;
		&lt;td&gt;request page&lt;/td&gt;
		&lt;td&gt;$IT-&gt;[FrontPage]?whereUsed&lt;/td&gt;
		&lt;td&gt;authenticated by user&lt;/td&gt;
		&lt;td&gt;Aladdin&lt;/td&gt;
		&lt;td&gt;and password&lt;/td&gt;
		&lt;td&gt;open please&lt;/td&gt;
		&lt;td&gt;&lt;span class="pass"&gt;401&lt;/span&gt;&lt;/td&gt;
	&lt;/tr&gt;
&lt;/table&gt;&lt;/td&gt;&lt;/tr&gt;
	&lt;tr class="scenario closed"&gt;
		&lt;td class="pass"&gt;operation&lt;/td&gt;
		&lt;td class="pass"&gt;whereUsed&lt;/td&gt;
		&lt;td colspan="2" class="pass"&gt;with good authentication should not fail&lt;/td&gt;
	&lt;/tr&gt;&lt;tr class="scenario-detail closed-detail"&gt;&lt;td colspan="4"&gt;&lt;table&gt;
	&lt;tr&gt;
		&lt;td&gt;scenario&lt;/td&gt;
		&lt;td&gt;operation&lt;/td&gt;
		&lt;td&gt;operation&lt;/td&gt;
		&lt;td colspan="5"&gt;with good authentication should not fail&lt;/td&gt;
	&lt;/tr&gt;
	&lt;tr&gt;
		&lt;td&gt;check not&lt;/td&gt;
		&lt;td&gt;request page&lt;/td&gt;
		&lt;td&gt;$IT-&gt;[FrontPage]?whereUsed&lt;/td&gt;
		&lt;td&gt;authenticated by user&lt;/td&gt;
		&lt;td&gt;Aladdin&lt;/td&gt;
		&lt;td&gt;and password&lt;/td&gt;
		&lt;td&gt;open sesame&lt;/td&gt;
		&lt;td&gt;&lt;span class="pass"&gt;401&lt;/span&gt;&lt;/td&gt;
	&lt;/tr&gt;
&lt;/table&gt;&lt;/td&gt;&lt;/tr&gt;
&lt;/table&gt;&lt;/td&gt;&lt;/tr&gt;
	&lt;tr class="scenario closed"&gt;
		&lt;td class="pass"&gt;refactor&lt;/td&gt;
	&lt;/tr&gt;&lt;tr class="scenario-detail closed-detail"&gt;&lt;td colspan="1"&gt;&lt;table&gt;
	&lt;tr&gt;
		&lt;td&gt;scenario&lt;/td&gt;
		&lt;td&gt;operation&lt;/td&gt;
		&lt;td&gt;operation&lt;/td&gt;
		&lt;td&gt;is authenticated&lt;/td&gt;
	&lt;/tr&gt;
	&lt;tr class="scenario closed"&gt;
		&lt;td class="pass"&gt;operation&lt;/td&gt;
		&lt;td class="pass"&gt;refactor&lt;/td&gt;
		&lt;td colspan="2" class="pass"&gt;with bad authentication should fail&lt;/td&gt;
	&lt;/tr&gt;&lt;tr class="scenario-detail closed-detail"&gt;&lt;td colspan="4"&gt;&lt;table&gt;
	&lt;tr&gt;
		&lt;td&gt;scenario&lt;/td&gt;
		&lt;td&gt;operation&lt;/td&gt;
		&lt;td&gt;operation&lt;/td&gt;
		&lt;td colspan="5"&gt;with bad authentication should fail&lt;/td&gt;
	&lt;/tr&gt;
	&lt;tr&gt;
		&lt;td&gt;check&lt;/td&gt;
		&lt;td&gt;request page&lt;/td&gt;
		&lt;td&gt;$IT-&gt;[FrontPage]?refactor&lt;/td&gt;
		&lt;td&gt;authenticated by user&lt;/td&gt;
		&lt;td&gt;Aladdin&lt;/td&gt;
		&lt;td&gt;and password&lt;/td&gt;
		&lt;td&gt;open please&lt;/td&gt;
		&lt;td&gt;&lt;span class="pass"&gt;401&lt;/span&gt;&lt;/td&gt;
	&lt;/tr&gt;
&lt;/table&gt;&lt;/td&gt;&lt;/tr&gt;
	&lt;tr class="scenario closed"&gt;
		&lt;td class="pass"&gt;operation&lt;/td&gt;
		&lt;td class="pass"&gt;refactor&lt;/td&gt;
		&lt;td colspan="2" class="pass"&gt;with good authentication should not fail&lt;/td&gt;
	&lt;/tr&gt;&lt;tr class="scenario-detail closed-detail"&gt;&lt;td colspan="4"&gt;&lt;table&gt;
	&lt;tr&gt;
		&lt;td&gt;scenario&lt;/td&gt;
		&lt;td&gt;operation&lt;/td&gt;
		&lt;td&gt;operation&lt;/td&gt;
		&lt;td colspan="5"&gt;with good authentication should not fail&lt;/td&gt;
	&lt;/tr&gt;
	&lt;tr&gt;
		&lt;td&gt;check not&lt;/td&gt;
		&lt;td&gt;request page&lt;/td&gt;
		&lt;td&gt;$IT-&gt;[FrontPage]?refactor&lt;/td&gt;
		&lt;td&gt;authenticated by user&lt;/td&gt;
		&lt;td&gt;Aladdin&lt;/td&gt;
		&lt;td&gt;and password&lt;/td&gt;
		&lt;td&gt;open sesame&lt;/td&gt;
		&lt;td&gt;&lt;span class="pass"&gt;401&lt;/span&gt;&lt;/td&gt;
	&lt;/tr&gt;
&lt;/table&gt;&lt;/td&gt;&lt;/tr&gt;
&lt;/table&gt;&lt;/td&gt;&lt;/tr&gt;
	&lt;tr class="scenario closed"&gt;
		&lt;td class="pass"&gt;pageData&lt;/td&gt;
	&lt;/tr&gt;&lt;tr class="scenario-detail closed-detail"&gt;&lt;td colspan="1"&gt;&lt;table&gt;
	&lt;tr&gt;
		&lt;td&gt;scenario&lt;/td&gt;
		&lt;td&gt;operation&lt;/td&gt;
		&lt;td&gt;operation&lt;/td&gt;
		&lt;td&gt;is authenticated&lt;/td&gt;
	&lt;/tr&gt;
	&lt;tr class="scenario closed"&gt;
		&lt;td class="pass"&gt;operation&lt;/td&gt;
		&lt;td class="pass"&gt;pageData&lt;/td&gt;
		&lt;td colspan="2" class="pass"&gt;with bad authentication should fail&lt;/td&gt;
	&lt;/tr&gt;&lt;tr class="scenario-detail closed-detail"&gt;&lt;td colspan="4"&gt;&lt;table&gt;
	&lt;tr&gt;
		&lt;td&gt;scenario&lt;/td&gt;
		&lt;td&gt;operation&lt;/td&gt;
		&lt;td&gt;operation&lt;/td&gt;
		&lt;td colspan="5"&gt;with bad authentication should fail&lt;/td&gt;
	&lt;/tr&gt;
	&lt;tr&gt;
		&lt;td&gt;check&lt;/td&gt;
		&lt;td&gt;request page&lt;/td&gt;
		&lt;td&gt;$IT-&gt;[FrontPage]?pageData&lt;/td&gt;
		&lt;td&gt;authenticated by user&lt;/td&gt;
		&lt;td&gt;Aladdin&lt;/td&gt;
		&lt;td&gt;and password&lt;/td&gt;
		&lt;td&gt;open please&lt;/td&gt;
		&lt;td&gt;&lt;span class="pass"&gt;401&lt;/span&gt;&lt;/td&gt;
	&lt;/tr&gt;
&lt;/table&gt;&lt;/td&gt;&lt;/tr&gt;
	&lt;tr class="scenario closed"&gt;
		&lt;td class="pass"&gt;operation&lt;/td&gt;
		&lt;td class="pass"&gt;pageData&lt;/td&gt;
		&lt;td colspan="2" class="pass"&gt;with good authentication should not fail&lt;/td&gt;
	&lt;/tr&gt;&lt;tr class="scenario-detail closed-detail"&gt;&lt;td colspan="4"&gt;&lt;table&gt;
	&lt;tr&gt;
		&lt;td&gt;scenario&lt;/td&gt;
		&lt;td&gt;operation&lt;/td&gt;
		&lt;td&gt;operation&lt;/td&gt;
		&lt;td colspan="5"&gt;with good authentication should not fail&lt;/td&gt;
	&lt;/tr&gt;
	&lt;tr&gt;
		&lt;td&gt;check not&lt;/td&gt;
		&lt;td&gt;request page&lt;/td&gt;
		&lt;td&gt;$IT-&gt;[FrontPage]?pageData&lt;/td&gt;
		&lt;td&gt;authenticated by user&lt;/td&gt;
		&lt;td&gt;Aladdin&lt;/td&gt;
		&lt;td&gt;and password&lt;/td&gt;
		&lt;td&gt;open sesame&lt;/td&gt;
		&lt;td&gt;&lt;span class="pass"&gt;401&lt;/span&gt;&lt;/td&gt;
	&lt;/tr&gt;
&lt;/table&gt;&lt;/td&gt;&lt;/tr&gt;
&lt;/table&gt;&lt;/td&gt;&lt;/tr&gt;
	&lt;tr class="scenario closed"&gt;
		&lt;td class="pass"&gt;raw&lt;/td&gt;
	&lt;/tr&gt;&lt;tr class="scenario-detail closed-detail"&gt;&lt;td colspan="1"&gt;&lt;table&gt;
	&lt;tr&gt;
		&lt;td&gt;scenario&lt;/td&gt;
		&lt;td&gt;operation&lt;/td&gt;
		&lt;td&gt;operation&lt;/td&gt;
		&lt;td&gt;is authenticated&lt;/td&gt;
	&lt;/tr&gt;
	&lt;tr class="scenario closed"&gt;
		&lt;td class="pass"&gt;operation&lt;/td&gt;
		&lt;td class="pass"&gt;raw&lt;/td&gt;
		&lt;td colspan="2" class="pass"&gt;with bad authentication should fail&lt;/td&gt;
	&lt;/tr&gt;&lt;tr class="scenario-detail closed-detail"&gt;&lt;td colspan="4"&gt;&lt;table&gt;
	&lt;tr&gt;
		&lt;td&gt;scenario&lt;/td&gt;
		&lt;td&gt;operation&lt;/td&gt;
		&lt;td&gt;operation&lt;/td&gt;
		&lt;td colspan="5"&gt;with bad authentication should fail&lt;/td&gt;
	&lt;/tr&gt;
	&lt;tr&gt;
		&lt;td&gt;check&lt;/td&gt;
		&lt;td&gt;request page&lt;/td&gt;
		&lt;td&gt;$IT-&gt;[FrontPage]?raw&lt;/td&gt;
		&lt;td&gt;authenticated by user&lt;/td&gt;
		&lt;td&gt;Aladdin&lt;/td&gt;
		&lt;td&gt;and password&lt;/td&gt;
		&lt;td&gt;open please&lt;/td&gt;
		&lt;td&gt;&lt;span class="pass"&gt;401&lt;/span&gt;&lt;/td&gt;
	&lt;/tr&gt;
&lt;/table&gt;&lt;/td&gt;&lt;/tr&gt;
	&lt;tr class="scenario closed"&gt;
		&lt;td class="pass"&gt;operation&lt;/td&gt;
		&lt;td class="pass"&gt;raw&lt;/td&gt;
		&lt;td colspan="2" class="pass"&gt;with good authentication should not fail&lt;/td&gt;
	&lt;/tr&gt;&lt;tr class="scenario-detail closed-detail"&gt;&lt;td colspan="4"&gt;&lt;table&gt;
	&lt;tr&gt;
		&lt;td&gt;scenario&lt;/td&gt;
		&lt;td&gt;operation&lt;/td&gt;
		&lt;td&gt;operation&lt;/td&gt;
		&lt;td colspan="5"&gt;with good authentication should not fail&lt;/td&gt;
	&lt;/tr&gt;
	&lt;tr&gt;
		&lt;td&gt;check not&lt;/td&gt;
		&lt;td&gt;request page&lt;/td&gt;
		&lt;td&gt;$IT-&gt;[FrontPage]?raw&lt;/td&gt;
		&lt;td&gt;authenticated by user&lt;/td&gt;
		&lt;td&gt;Aladdin&lt;/td&gt;
		&lt;td&gt;and password&lt;/td&gt;
		&lt;td&gt;open sesame&lt;/td&gt;
		&lt;td&gt;&lt;span class="pass"&gt;401&lt;/span&gt;&lt;/td&gt;
	&lt;/tr&gt;
&lt;/table&gt;&lt;/td&gt;&lt;/tr&gt;
&lt;/table&gt;&lt;/td&gt;&lt;/tr&gt;
	&lt;tr class="scenario closed"&gt;
		&lt;td class="pass"&gt;rss&lt;/td&gt;
	&lt;/tr&gt;&lt;tr class="scenario-detail closed-detail"&gt;&lt;td colspan="1"&gt;&lt;table&gt;
	&lt;tr&gt;
		&lt;td&gt;scenario&lt;/td&gt;
		&lt;td&gt;operation&lt;/td&gt;
		&lt;td&gt;operation&lt;/td&gt;
		&lt;td&gt;is authenticated&lt;/td&gt;
	&lt;/tr&gt;
	&lt;tr class="scenario closed"&gt;
		&lt;td class="pass"&gt;operation&lt;/td&gt;
		&lt;td class="pass"&gt;rss&lt;/td&gt;
		&lt;td colspan="2" class="pass"&gt;with bad authentication should fail&lt;/td&gt;
	&lt;/tr&gt;&lt;tr class="scenario-detail closed-detail"&gt;&lt;td colspan="4"&gt;&lt;table&gt;
	&lt;tr&gt;
		&lt;td&gt;scenario&lt;/td&gt;
		&lt;td&gt;operation&lt;/td&gt;
		&lt;td&gt;operation&lt;/td&gt;
		&lt;td colspan="5"&gt;with bad authentication should fail&lt;/td&gt;
	&lt;/tr&gt;
	&lt;tr&gt;
		&lt;td&gt;check&lt;/td&gt;
		&lt;td&gt;request page&lt;/td&gt;
		&lt;td&gt;$IT-&gt;[FrontPage]?rss&lt;/td&gt;
		&lt;td&gt;authenticated by user&lt;/td&gt;
		&lt;td&gt;Aladdin&lt;/td&gt;
		&lt;td&gt;and password&lt;/td&gt;
		&lt;td&gt;open please&lt;/td&gt;
		&lt;td&gt;&lt;span class="pass"&gt;401&lt;/span&gt;&lt;/td&gt;
	&lt;/tr&gt;
&lt;/table&gt;&lt;/td&gt;&lt;/tr&gt;
	&lt;tr class="scenario closed"&gt;
		&lt;td class="pass"&gt;operation&lt;/td&gt;
		&lt;td class="pass"&gt;rss&lt;/td&gt;
		&lt;td colspan="2" class="pass"&gt;with good authentication should not fail&lt;/td&gt;
	&lt;/tr&gt;&lt;tr class="scenario-detail closed-detail"&gt;&lt;td colspan="4"&gt;&lt;table&gt;
	&lt;tr&gt;
		&lt;td&gt;scenario&lt;/td&gt;
		&lt;td&gt;operation&lt;/td&gt;
		&lt;td&gt;operation&lt;/td&gt;
		&lt;td colspan="5"&gt;with good authentication should not fail&lt;/td&gt;
	&lt;/tr&gt;
	&lt;tr&gt;
		&lt;td&gt;check not&lt;/td&gt;
		&lt;td&gt;request page&lt;/td&gt;
		&lt;td&gt;$IT-&gt;[FrontPage]?rss&lt;/td&gt;
		&lt;td&gt;authenticated by user&lt;/td&gt;
		&lt;td&gt;Aladdin&lt;/td&gt;
		&lt;td&gt;and password&lt;/td&gt;
		&lt;td&gt;open sesame&lt;/td&gt;
		&lt;td&gt;&lt;span class="pass"&gt;401&lt;/span&gt;&lt;/td&gt;
	&lt;/tr&gt;
&lt;/table&gt;&lt;/td&gt;&lt;/tr&gt;
&lt;/table&gt;&lt;/td&gt;&lt;/tr&gt;
	&lt;tr class="scenario closed"&gt;
		&lt;td class="pass"&gt;importAndView&lt;/td&gt;
	&lt;/tr&gt;&lt;tr class="scenario-detail closed-detail"&gt;&lt;td colspan="1"&gt;&lt;table&gt;
	&lt;tr&gt;
		&lt;td&gt;scenario&lt;/td&gt;
		&lt;td&gt;operation&lt;/td&gt;
		&lt;td&gt;operation&lt;/td&gt;
		&lt;td&gt;is authenticated&lt;/td&gt;
	&lt;/tr&gt;
	&lt;tr class="scenario closed"&gt;
		&lt;td class="pass"&gt;operation&lt;/td&gt;
		&lt;td class="pass"&gt;importAndView&lt;/td&gt;
		&lt;td colspan="2" class="pass"&gt;with bad authentication should fail&lt;/td&gt;
	&lt;/tr&gt;&lt;tr class="scenario-detail closed-detail"&gt;&lt;td colspan="4"&gt;&lt;table&gt;
	&lt;tr&gt;
		&lt;td&gt;scenario&lt;/td&gt;
		&lt;td&gt;operation&lt;/td&gt;
		&lt;td&gt;operation&lt;/td&gt;
		&lt;td colspan="5"&gt;with bad authentication should fail&lt;/td&gt;
	&lt;/tr&gt;
	&lt;tr&gt;
		&lt;td&gt;check&lt;/td&gt;
		&lt;td&gt;request page&lt;/td&gt;
		&lt;td&gt;$IT-&gt;[FrontPage]?importAndView&lt;/td&gt;
		&lt;td&gt;authenticated by user&lt;/td&gt;
		&lt;td&gt;Aladdin&lt;/td&gt;
		&lt;td&gt;and password&lt;/td&gt;
		&lt;td&gt;open please&lt;/td&gt;
		&lt;td&gt;&lt;span class="pass"&gt;401&lt;/span&gt;&lt;/td&gt;
	&lt;/tr&gt;
&lt;/table&gt;&lt;/td&gt;&lt;/tr&gt;
	&lt;tr class="scenario closed"&gt;
		&lt;td class="pass"&gt;operation&lt;/td&gt;
		&lt;td class="pass"&gt;importAndView&lt;/td&gt;
		&lt;td colspan="2" class="pass"&gt;with good authentication should not fail&lt;/td&gt;
	&lt;/tr&gt;&lt;tr class="scenario-detail closed-detail"&gt;&lt;td colspan="4"&gt;&lt;table&gt;
	&lt;tr&gt;
		&lt;td&gt;scenario&lt;/td&gt;
		&lt;td&gt;operation&lt;/td&gt;
		&lt;td&gt;operation&lt;/td&gt;
		&lt;td colspan="5"&gt;with good authentication should not fail&lt;/td&gt;
	&lt;/tr&gt;
	&lt;tr&gt;
		&lt;td&gt;check not&lt;/td&gt;
		&lt;td&gt;request page&lt;/td&gt;
		&lt;td&gt;$IT-&gt;[FrontPage]?importAndView&lt;/td&gt;
		&lt;td&gt;authenticated by user&lt;/td&gt;
		&lt;td&gt;Aladdin&lt;/td&gt;
		&lt;td&gt;and password&lt;/td&gt;
		&lt;td&gt;open sesame&lt;/td&gt;
		&lt;td&gt;&lt;span class="pass"&gt;401&lt;/span&gt;&lt;/td&gt;
	&lt;/tr&gt;
&lt;/table&gt;&lt;/td&gt;&lt;/tr&gt;
&lt;/table&gt;&lt;/td&gt;&lt;/tr&gt;
	&lt;tr class="scenario closed"&gt;
		&lt;td class="pass"&gt;getPage&lt;/td&gt;
	&lt;/tr&gt;&lt;tr class="scenario-detail closed-detail"&gt;&lt;td colspan="1"&gt;&lt;table&gt;
	&lt;tr&gt;
		&lt;td&gt;scenario&lt;/td&gt;
		&lt;td&gt;operation&lt;/td&gt;
		&lt;td&gt;operation&lt;/td&gt;
		&lt;td&gt;is authenticated&lt;/td&gt;
	&lt;/tr&gt;
	&lt;tr class="scenario closed"&gt;
		&lt;td class="pass"&gt;operation&lt;/td&gt;
		&lt;td class="pass"&gt;getPage&lt;/td&gt;
		&lt;td colspan="2" class="pass"&gt;with bad authentication should fail&lt;/td&gt;
	&lt;/tr&gt;&lt;tr class="scenario-detail closed-detail"&gt;&lt;td colspan="4"&gt;&lt;table&gt;
	&lt;tr&gt;
		&lt;td&gt;scenario&lt;/td&gt;
		&lt;td&gt;operation&lt;/td&gt;
		&lt;td&gt;operation&lt;/td&gt;
		&lt;td colspan="5"&gt;with bad authentication should fail&lt;/td&gt;
	&lt;/tr&gt;
	&lt;tr&gt;
		&lt;td&gt;check&lt;/td&gt;
		&lt;td&gt;request page&lt;/td&gt;
		&lt;td&gt;$IT-&gt;[FrontPage]?getPage&lt;/td&gt;
		&lt;td&gt;authenticated by user&lt;/td&gt;
		&lt;td&gt;Aladdin&lt;/td&gt;
		&lt;td&gt;and password&lt;/td&gt;
		&lt;td&gt;open please&lt;/td&gt;
		&lt;td&gt;&lt;span class="pass"&gt;401&lt;/span&gt;&lt;/td&gt;
	&lt;/tr&gt;
&lt;/table&gt;&lt;/td&gt;&lt;/tr&gt;
	&lt;tr class="scenario closed"&gt;
		&lt;td class="pass"&gt;operation&lt;/td&gt;
		&lt;td class="pass"&gt;getPage&lt;/td&gt;
		&lt;td colspan="2" class="pass"&gt;with good authentication should not fail&lt;/td&gt;
	&lt;/tr&gt;&lt;tr class="scenario-detail closed-detail"&gt;&lt;td colspan="4"&gt;&lt;table&gt;
	&lt;tr&gt;
		&lt;td&gt;scenario&lt;/td&gt;
		&lt;td&gt;operation&lt;/td&gt;
		&lt;td&gt;operation&lt;/td&gt;
		&lt;td colspan="5"&gt;with good authentication should not fail&lt;/td&gt;
	&lt;/tr&gt;
	&lt;tr&gt;
		&lt;td&gt;check not&lt;/td&gt;
		&lt;td&gt;request page&lt;/td&gt;
		&lt;td&gt;$IT-&gt;[FrontPage]?getPage&lt;/td&gt;
		&lt;td&gt;authenticated by user&lt;/td&gt;
		&lt;td&gt;Aladdin&lt;/td&gt;
		&lt;td&gt;and password&lt;/td&gt;
		&lt;td&gt;open sesame&lt;/td&gt;
		&lt;td&gt;&lt;span class="pass"&gt;401&lt;/span&gt;&lt;/td&gt;
	&lt;/tr&gt;
&lt;/table&gt;&lt;/td&gt;&lt;/tr&gt;
&lt;/table&gt;&lt;/td&gt;&lt;/tr&gt;
	&lt;tr class="scenario closed"&gt;
		&lt;td class="pass"&gt;packet&lt;/td&gt;
	&lt;/tr&gt;&lt;tr class="scenario-detail closed-detail"&gt;&lt;td colspan="1"&gt;&lt;table&gt;
	&lt;tr&gt;
		&lt;td&gt;scenario&lt;/td&gt;
		&lt;td&gt;operation&lt;/td&gt;
		&lt;td&gt;operation&lt;/td&gt;
		&lt;td&gt;is authenticated&lt;/td&gt;
	&lt;/tr&gt;
	&lt;tr class="scenario closed"&gt;
		&lt;td class="pass"&gt;operation&lt;/td&gt;
		&lt;td class="pass"&gt;packet&lt;/td&gt;
		&lt;td colspan="2" class="pass"&gt;with bad authentication should fail&lt;/td&gt;
	&lt;/tr&gt;&lt;tr class="scenario-detail closed-detail"&gt;&lt;td colspan="4"&gt;&lt;table&gt;
	&lt;tr&gt;
		&lt;td&gt;scenario&lt;/td&gt;
		&lt;td&gt;operation&lt;/td&gt;
		&lt;td&gt;operation&lt;/td&gt;
		&lt;td colspan="5"&gt;with bad authentication should fail&lt;/td&gt;
	&lt;/tr&gt;
	&lt;tr&gt;
		&lt;td&gt;check&lt;/td&gt;
		&lt;td&gt;request page&lt;/td&gt;
		&lt;td&gt;$IT-&gt;[FrontPage]?packet&lt;/td&gt;
		&lt;td&gt;authenticated by user&lt;/td&gt;
		&lt;td&gt;Aladdin&lt;/td&gt;
		&lt;td&gt;and password&lt;/td&gt;
		&lt;td&gt;open please&lt;/td&gt;
		&lt;td&gt;&lt;span class="pass"&gt;401&lt;/span&gt;&lt;/td&gt;
	&lt;/tr&gt;
&lt;/table&gt;&lt;/td&gt;&lt;/tr&gt;
	&lt;tr class="scenario closed"&gt;
		&lt;td class="pass"&gt;operation&lt;/td&gt;
		&lt;td class="pass"&gt;packet&lt;/td&gt;
		&lt;td colspan="2" class="pass"&gt;with good authentication should not fail&lt;/td&gt;
	&lt;/tr&gt;&lt;tr class="scenario-detail closed-detail"&gt;&lt;td colspan="4"&gt;&lt;table&gt;
	&lt;tr&gt;
		&lt;td&gt;scenario&lt;/td&gt;
		&lt;td&gt;operation&lt;/td&gt;
		&lt;td&gt;operation&lt;/td&gt;
		&lt;td colspan="5"&gt;with good authentication should not fail&lt;/td&gt;
	&lt;/tr&gt;
	&lt;tr&gt;
		&lt;td&gt;check not&lt;/td&gt;
		&lt;td&gt;request page&lt;/td&gt;
		&lt;td&gt;$IT-&gt;[FrontPage]?packet&lt;/td&gt;
		&lt;td&gt;authenticated by user&lt;/td&gt;
		&lt;td&gt;Aladdin&lt;/td&gt;
		&lt;td&gt;and password&lt;/td&gt;
		&lt;td&gt;open sesame&lt;/td&gt;
		&lt;td&gt;&lt;span class="pass"&gt;401&lt;/span&gt;&lt;/td&gt;
	&lt;/tr&gt;
&lt;/table&gt;&lt;/td&gt;&lt;/tr&gt;
&lt;/table&gt;&lt;/td&gt;&lt;/tr&gt;
&lt;/table&gt;
&lt;br/&gt;&lt;div class="collapsible closed"&gt;&lt;ul&gt;&lt;li&gt;&lt;a href='#' class='expandall'&gt;Expand All&lt;/a&gt;&lt;/li&gt;&lt;li&gt;&lt;a href='#' class='collapseall'&gt;Collapse All&lt;/a&gt;&lt;/li&gt;&lt;/ul&gt;
	&lt;p class="title"&gt;Included page: &lt;a href="FitNesse.SuiteAcceptanceTests.TearDown"&gt;.FitNesse.SuiteAcceptanceTests.TearDown&lt;/a&gt; &lt;a href="FitNesse.SuiteAcceptanceTests.TearDown?edit&amp;amp;redirectToReferer=true&amp;amp;redirectAction=" class="edit"&gt;(edit)&lt;/a&gt;&lt;/p&gt;
	&lt;div&gt;&lt;hr/&gt;
&lt;br/&gt;&lt;table&gt;
	&lt;tr&gt;
		&lt;td&gt;&lt;span class="pass"&gt;tear down&lt;/span&gt;&lt;/td&gt;
	&lt;/tr&gt;
&lt;/table&gt;
&lt;br/&gt;&lt;/div&gt;
&lt;/div&gt;
</content>
    <relativePageName>SecureReadOperations</relativePageName>
    
    
    
    <instructions>
            <instructionResult>
        <instruction>{id='import_41_0', instruction='import', path='fitnesse.fixtures'}</instruction>
        <slimResult>pass(fitnesse.fixtures)</slimResult>
                <expectation>
                    <status>pass</status>
                    <instructionId>import_41_0</instructionId>
                    <col>0</col>
                              <row>1</row>
                    <type>ImportExpectation</type>
                                        <evaluationMessage>fitnesse.fixtures</evaluationMessage>
                  </expectation>
        
      </instructionResult>
            <instructionResult>
        <instruction>{id='decisionTable_42_0', instruction='make', instanceName='decisionTable_42', className='SetUp', args=[]}</instruction>
        <slimResult>pass(SetUp)</slimResult>
                <expectation>
                    <status>pass</status>
                    <instructionId>decisionTable_42_0</instructionId>
                    <col>0</col>
                              <row>0</row>
                    <type>ConstructionExpectation</type>
                                        <evaluationMessage>SetUp</evaluationMessage>
                  </expectation>
        
      </instructionResult>
            <instructionResult>
        <instruction>{id='library_43_0', instruction='make', instanceName='library1', className='EchoFixture', args=[]}</instruction>
        <slimResult>pass(echo fixture)</slimResult>
                <expectation>
                    <status>pass</status>
                    <instructionId>library_43_0</instructionId>
                    <col>0</col>
                              <row>1</row>
                    <type>ConstructionExpectation</type>
                                        <evaluationMessage>echo fixture</evaluationMessage>
                  </expectation>
        
      </instructionResult>
            <instructionResult>
        <instruction>{id='library_43_1', instruction='make', instanceName='library2', className='PageDriver', args=[]}</instruction>
        <slimResult>pass(page driver)</slimResult>
                <expectation>
                    <status>pass</status>
                    <instructionId>library_43_1</instructionId>
                    <col>0</col>
                              <row>2</row>
                    <type>ConstructionExpectation</type>
                                        <evaluationMessage>page driver</evaluationMessage>
                  </expectation>
        
      </instructionResult>
            <instructionResult>
        <instruction>{id='decisionTable_44_0', instruction='make', instanceName='decisionTable_44', className='AuthenticatorSetup', args=[]}</instruction>
        <slimResult>pass(Authenticator Setup)</slimResult>
                <expectation>
                    <status>pass</status>
                    <instructionId>decisionTable_44_0</instructionId>
                    <col>0</col>
                              <row>0</row>
                    <type>ConstructionExpectation</type>
                                        <evaluationMessage>Authenticator Setup</evaluationMessage>
                  </expectation>
        
      </instructionResult>
            <instructionResult>
        <instruction>{id='decisionTable_44_4', instruction='call', instanceName='decisionTable_44', methodName='setUsername', args=[Aladdin]}</instruction>
        <slimResult></slimResult>
                <expectation>
                    <instructionId>decisionTable_44_4</instructionId>
                    <col>0</col>
                              <row>2</row>
                    <type>VoidReturnExpectation</type>
                                      </expectation>
        
      </instructionResult>
            <instructionResult>
        <instruction>{id='decisionTable_44_5', instruction='call', instanceName='decisionTable_44', methodName='setPassword', args=[open sesame]}</instruction>
        <slimResult></slimResult>
                <expectation>
                    <instructionId>decisionTable_44_5</instructionId>
                    <col>1</col>
                              <row>2</row>
                    <type>VoidReturnExpectation</type>
                                      </expectation>
        
      </instructionResult>
            <instructionResult>
        <instruction>{id='decisionTable_44_7', instruction='call', instanceName='decisionTable_44', methodName='status', args=[]}</instruction>
        <slimResult>ignore(ok)</slimResult>
                <expectation>
                    <status>ignore</status>
                    <instructionId>decisionTable_44_7</instructionId>
                    <col>2</col>
                              <row>2</row>
                    <type>ReturnedValueExpectation</type>
                                        <evaluationMessage>ok</evaluationMessage>
                  </expectation>
        
      </instructionResult>
            <instructionResult>
        <instruction>{id='scriptTable_45_0/scriptTable_29_0', instruction='call', instanceName='scriptTableActor', methodName='createPageWithAuthentication', args=[FrontPage, secure-read=true]}</instruction>
        <slimResult></slimResult>
                <expectation>
                    <instructionId>scriptTable_45_0/scriptTable_29_0</instructionId>
                    <col>0</col>
                              <row>1</row>
                    <type>ScriptActionExpectation</type>
                                      </expectation>
        
      </instructionResult>
            <instructionResult>
        <instruction>{id='scriptTable_45_0/scriptTable_29_1', instruction='callAndAssign', symbolName='IT', instanceName='scriptTableActor', methodName='echo', args=[FrontPage]}</instruction>
        <slimResult>$IT&lt;-[FrontPage]</slimResult>
                <expectation>
                    <instructionId>scriptTable_45_0/scriptTable_29_1</instructionId>
                    <col>0</col>
                              <row>2</row>
                    <type>SymbolAssignmentExpectation</type>
                                        <evaluationMessage>$IT&lt;-[FrontPage]</evaluationMessage>
                  </expectation>
        
      </instructionResult>
            <instructionResult>
        <instruction>{id='decisionTable_46_0/scriptTable_40_0/scriptTable_38_0', instruction='call', instanceName='scriptTableActor', methodName='requestPageAuthenticatedByUserAndPassword', args=[$IT?properties, Aladdin, open please]}</instruction>
        <slimResult>pass(401)</slimResult>
                <expectation>
                    <status>pass</status>
                    <instructionId>decisionTable_46_0/scriptTable_40_0/scriptTable_38_0</instructionId>
                    <col>7</col>
                              <row>1</row>
                    <type>ReturnedValueExpectation</type>
                                        <evaluationMessage>401</evaluationMessage>
                  </expectation>
        
      </instructionResult>
            <instructionResult>
        <instruction>{id='decisionTable_46_0/scriptTable_40_1/scriptTable_39_0', instruction='call', instanceName='scriptTableActor', methodName='requestPageAuthenticatedByUserAndPassword', args=[$IT?properties, Aladdin, open sesame]}</instruction>
        <slimResult>pass(a=200;e=401)</slimResult>
                <expectation>
                    <status>pass</status>
                    <instructionId>decisionTable_46_0/scriptTable_40_1/scriptTable_39_0</instructionId>
                    <col>7</col>
                              <row>1</row>
                    <type>RejectedValueExpectation</type>
                    <actual>200</actual>
                              <expected>401</expected>
                            </expectation>
        
      </instructionResult>
            <instructionResult>
        <instruction>{id='decisionTable_46_1/scriptTable_40_0/scriptTable_38_0', instruction='call', instanceName='scriptTableActor', methodName='requestPageAuthenticatedByUserAndPassword', args=[$IT?edit, Aladdin, open please]}</instruction>
        <slimResult>pass(401)</slimResult>
                <expectation>
                    <status>pass</status>
                    <instructionId>decisionTable_46_1/scriptTable_40_0/scriptTable_38_0</instructionId>
                    <col>7</col>
                              <row>1</row>
                    <type>ReturnedValueExpectation</type>
                                        <evaluationMessage>401</evaluationMessage>
                  </expectation>
        
      </instructionResult>
            <instructionResult>
        <instruction>{id='decisionTable_46_1/scriptTable_40_1/scriptTable_39_0', instruction='call', instanceName='scriptTableActor', methodName='requestPageAuthenticatedByUserAndPassword', args=[$IT?edit, Aladdin, open sesame]}</instruction>
        <slimResult>pass(a=200;e=401)</slimResult>
                <expectation>
                    <status>pass</status>
                    <instructionId>decisionTable_46_1/scriptTable_40_1/scriptTable_39_0</instructionId>
                    <col>7</col>
                              <row>1</row>
                    <type>RejectedValueExpectation</type>
                    <actual>200</actual>
                              <expected>401</expected>
                            </expectation>
        
      </instructionResult>
            <instructionResult>
        <instruction>{id='decisionTable_46_2/scriptTable_40_0/scriptTable_38_0', instruction='call', instanceName='scriptTableActor', methodName='requestPageAuthenticatedByUserAndPassword', args=[$IT?search, Aladdin, open please]}</instruction>
        <slimResult>pass(401)</slimResult>
                <expectation>
                    <status>pass</status>
                    <instructionId>decisionTable_46_2/scriptTable_40_0/scriptTable_38_0</instructionId>
                    <col>7</col>
                              <row>1</row>
                    <type>ReturnedValueExpectation</type>
                                        <evaluationMessage>401</evaluationMessage>
                  </expectation>
        
      </instructionResult>
            <instructionResult>
        <instruction>{id='decisionTable_46_2/scriptTable_40_1/scriptTable_39_0', instruction='call', instanceName='scriptTableActor', methodName='requestPageAuthenticatedByUserAndPassword', args=[$IT?search, Aladdin, open sesame]}</instruction>
        <slimResult>pass(a=200;e=401)</slimResult>
                <expectation>
                    <status>pass</status>
                    <instructionId>decisionTable_46_2/scriptTable_40_1/scriptTable_39_0</instructionId>
                    <col>7</col>
                              <row>1</row>
                    <type>RejectedValueExpectation</type>
                    <actual>200</actual>
                              <expected>401</expected>
                            </expectation>
        
      </instructionResult>
            <instructionResult>
        <instruction>{id='decisionTable_46_3/scriptTable_40_0/scriptTable_38_0', instruction='call', instanceName='scriptTableActor', methodName='requestPageAuthenticatedByUserAndPassword', args=[$IT?versions, Aladdin, open please]}</instruction>
        <slimResult>pass(401)</slimResult>
                <expectation>
                    <status>pass</status>
                    <instructionId>decisionTable_46_3/scriptTable_40_0/scriptTable_38_0</instructionId>
                    <col>7</col>
                              <row>1</row>
                    <type>ReturnedValueExpectation</type>
                                        <evaluationMessage>401</evaluationMessage>
                  </expectation>
        
      </instructionResult>
            <instructionResult>
        <instruction>{id='decisionTable_46_3/scriptTable_40_1/scriptTable_39_0', instruction='call', instanceName='scriptTableActor', methodName='requestPageAuthenticatedByUserAndPassword', args=[$IT?versions, Aladdin, open sesame]}</instruction>
        <slimResult>pass(a=200;e=401)</slimResult>
                <expectation>
                    <status>pass</status>
                    <instructionId>decisionTable_46_3/scriptTable_40_1/scriptTable_39_0</instructionId>
                    <col>7</col>
                              <row>1</row>
                    <type>RejectedValueExpectation</type>
                    <actual>200</actual>
                              <expected>401</expected>
                            </expectation>
        
      </instructionResult>
            <instructionResult>
        <instruction>{id='decisionTable_46_4/scriptTable_40_0/scriptTable_38_0', instruction='call', instanceName='scriptTableActor', methodName='requestPageAuthenticatedByUserAndPassword', args=[$IT?viewVersion, Aladdin, open please]}</instruction>
        <slimResult>pass(401)</slimResult>
                <expectation>
                    <status>pass</status>
                    <instructionId>decisionTable_46_4/scriptTable_40_0/scriptTable_38_0</instructionId>
                    <col>7</col>
                              <row>1</row>
                    <type>ReturnedValueExpectation</type>
                                        <evaluationMessage>401</evaluationMessage>
                  </expectation>
        
      </instructionResult>
            <instructionResult>
        <instruction>{id='decisionTable_46_4/scriptTable_40_1/scriptTable_39_0', instruction='call', instanceName='scriptTableActor', methodName='requestPageAuthenticatedByUserAndPassword', args=[$IT?viewVersion, Aladdin, open sesame]}</instruction>
        <slimResult>pass(a=400;e=401)</slimResult>
                <expectation>
                    <status>pass</status>
                    <instructionId>decisionTable_46_4/scriptTable_40_1/scriptTable_39_0</instructionId>
                    <col>7</col>
                              <row>1</row>
                    <type>RejectedValueExpectation</type>
                    <actual>400</actual>
                              <expected>401</expected>
                            </expectation>
        
      </instructionResult>
            <instructionResult>
        <instruction>{id='decisionTable_46_5/scriptTable_40_0/scriptTable_38_0', instruction='call', instanceName='scriptTableActor', methodName='requestPageAuthenticatedByUserAndPassword', args=[$IT?names, Aladdin, open please]}</instruction>
        <slimResult>pass(401)</slimResult>
                <expectation>
                    <status>pass</status>
                    <instructionId>decisionTable_46_5/scriptTable_40_0/scriptTable_38_0</instructionId>
                    <col>7</col>
                              <row>1</row>
                    <type>ReturnedValueExpectation</type>
                                        <evaluationMessage>401</evaluationMessage>
                  </expectation>
        
      </instructionResult>
            <instructionResult>
        <instruction>{id='decisionTable_46_5/scriptTable_40_1/scriptTable_39_0', instruction='call', instanceName='scriptTableActor', methodName='requestPageAuthenticatedByUserAndPassword', args=[$IT?names, Aladdin, open sesame]}</instruction>
        <slimResult>pass(a=200;e=401)</slimResult>
                <expectation>
                    <status>pass</status>
                    <instructionId>decisionTable_46_5/scriptTable_40_1/scriptTable_39_0</instructionId>
                    <col>7</col>
                              <row>1</row>
                    <type>RejectedValueExpectation</type>
                    <actual>200</actual>
                              <expected>401</expected>
                            </expectation>
        
      </instructionResult>
            <instructionResult>
        <instruction>{id='decisionTable_46_6/scriptTable_40_0/scriptTable_38_0', instruction='call', instanceName='scriptTableActor', methodName='requestPageAuthenticatedByUserAndPassword', args=[$IT?executeSearchProperties, Aladdin, open please]}</instruction>
        <slimResult>pass(401)</slimResult>
                <expectation>
                    <status>pass</status>
                    <instructionId>decisionTable_46_6/scriptTable_40_0/scriptTable_38_0</instructionId>
                    <col>7</col>
                              <row>1</row>
                    <type>ReturnedValueExpectation</type>
                                        <evaluationMessage>401</evaluationMessage>
                  </expectation>
        
      </instructionResult>
            <instructionResult>
        <instruction>{id='decisionTable_46_6/scriptTable_40_1/scriptTable_39_0', instruction='call', instanceName='scriptTableActor', methodName='requestPageAuthenticatedByUserAndPassword', args=[$IT?executeSearchProperties, Aladdin, open sesame]}</instruction>
        <slimResult>pass(a=200;e=401)</slimResult>
                <expectation>
                    <status>pass</status>
                    <instructionId>decisionTable_46_6/scriptTable_40_1/scriptTable_39_0</instructionId>
                    <col>7</col>
                              <row>1</row>
                    <type>RejectedValueExpectation</type>
                    <actual>200</actual>
                              <expected>401</expected>
                            </expectation>
        
      </instructionResult>
            <instructionResult>
        <instruction>{id='decisionTable_46_7/scriptTable_40_0/scriptTable_38_0', instruction='call', instanceName='scriptTableActor', methodName='requestPageAuthenticatedByUserAndPassword', args=[$IT?whereUsed, Aladdin, open please]}</instruction>
        <slimResult>pass(401)</slimResult>
                <expectation>
                    <status>pass</status>
                    <instructionId>decisionTable_46_7/scriptTable_40_0/scriptTable_38_0</instructionId>
                    <col>7</col>
                              <row>1</row>
                    <type>ReturnedValueExpectation</type>
                                        <evaluationMessage>401</evaluationMessage>
                  </expectation>
        
      </instructionResult>
            <instructionResult>
        <instruction>{id='decisionTable_46_7/scriptTable_40_1/scriptTable_39_0', instruction='call', instanceName='scriptTableActor', methodName='requestPageAuthenticatedByUserAndPassword', args=[$IT?whereUsed, Aladdin, open sesame]}</instruction>
        <slimResult>pass(a=200;e=401)</slimResult>
                <expectation>
                    <status>pass</status>
                    <instructionId>decisionTable_46_7/scriptTable_40_1/scriptTable_39_0</instructionId>
                    <col>7</col>
                              <row>1</row>
                    <type>RejectedValueExpectation</type>
                    <actual>200</actual>
                              <expected>401</expected>
                            </expectation>
        
      </instructionResult>
            <instructionResult>
        <instruction>{id='decisionTable_46_8/scriptTable_40_0/scriptTable_38_0', instruction='call', instanceName='scriptTableActor', methodName='requestPageAuthenticatedByUserAndPassword', args=[$IT?refactor, Aladdin, open please]}</instruction>
        <slimResult>pass(401)</slimResult>
                <expectation>
                    <status>pass</status>
                    <instructionId>decisionTable_46_8/scriptTable_40_0/scriptTable_38_0</instructionId>
                    <col>7</col>
                              <row>1</row>
                    <type>ReturnedValueExpectation</type>
                                        <evaluationMessage>401</evaluationMessage>
                  </expectation>
        
      </instructionResult>
            <instructionResult>
        <instruction>{id='decisionTable_46_8/scriptTable_40_1/scriptTable_39_0', instruction='call', instanceName='scriptTableActor', methodName='requestPageAuthenticatedByUserAndPassword', args=[$IT?refactor, Aladdin, open sesame]}</instruction>
        <slimResult>pass(a=200;e=401)</slimResult>
                <expectation>
                    <status>pass</status>
                    <instructionId>decisionTable_46_8/scriptTable_40_1/scriptTable_39_0</instructionId>
                    <col>7</col>
                              <row>1</row>
                    <type>RejectedValueExpectation</type>
                    <actual>200</actual>
                              <expected>401</expected>
                            </expectation>
        
      </instructionResult>
            <instructionResult>
        <instruction>{id='decisionTable_46_9/scriptTable_40_0/scriptTable_38_0', instruction='call', instanceName='scriptTableActor', methodName='requestPageAuthenticatedByUserAndPassword', args=[$IT?pageData, Aladdin, open please]}</instruction>
        <slimResult>pass(401)</slimResult>
                <expectation>
                    <status>pass</status>
                    <instructionId>decisionTable_46_9/scriptTable_40_0/scriptTable_38_0</instructionId>
                    <col>7</col>
                              <row>1</row>
                    <type>ReturnedValueExpectation</type>
                                        <evaluationMessage>401</evaluationMessage>
                  </expectation>
        
      </instructionResult>
            <instructionResult>
        <instruction>{id='decisionTable_46_9/scriptTable_40_1/scriptTable_39_0', instruction='call', instanceName='scriptTableActor', methodName='requestPageAuthenticatedByUserAndPassword', args=[$IT?pageData, Aladdin, open sesame]}</instruction>
        <slimResult>pass(a=200;e=401)</slimResult>
                <expectation>
                    <status>pass</status>
                    <instructionId>decisionTable_46_9/scriptTable_40_1/scriptTable_39_0</instructionId>
                    <col>7</col>
                              <row>1</row>
                    <type>RejectedValueExpectation</type>
                    <actual>200</actual>
                              <expected>401</expected>
                            </expectation>
        
      </instructionResult>
            <instructionResult>
        <instruction>{id='decisionTable_46_10/scriptTable_40_0/scriptTable_38_0', instruction='call', instanceName='scriptTableActor', methodName='requestPageAuthenticatedByUserAndPassword', args=[$IT?raw, Aladdin, open please]}</instruction>
        <slimResult>pass(401)</slimResult>
                <expectation>
                    <status>pass</status>
                    <instructionId>decisionTable_46_10/scriptTable_40_0/scriptTable_38_0</instructionId>
                    <col>7</col>
                              <row>1</row>
                    <type>ReturnedValueExpectation</type>
                                        <evaluationMessage>401</evaluationMessage>
                  </expectation>
        
      </instructionResult>
            <instructionResult>
        <instruction>{id='decisionTable_46_10/scriptTable_40_1/scriptTable_39_0', instruction='call', instanceName='scriptTableActor', methodName='requestPageAuthenticatedByUserAndPassword', args=[$IT?raw, Aladdin, open sesame]}</instruction>
        <slimResult>pass(a=200;e=401)</slimResult>
                <expectation>
                    <status>pass</status>
                    <instructionId>decisionTable_46_10/scriptTable_40_1/scriptTable_39_0</instructionId>
                    <col>7</col>
                              <row>1</row>
                    <type>RejectedValueExpectation</type>
                    <actual>200</actual>
                              <expected>401</expected>
                            </expectation>
        
      </instructionResult>
            <instructionResult>
        <instruction>{id='decisionTable_46_11/scriptTable_40_0/scriptTable_38_0', instruction='call', instanceName='scriptTableActor', methodName='requestPageAuthenticatedByUserAndPassword', args=[$IT?rss, Aladdin, open please]}</instruction>
        <slimResult>pass(401)</slimResult>
                <expectation>
                    <status>pass</status>
                    <instructionId>decisionTable_46_11/scriptTable_40_0/scriptTable_38_0</instructionId>
                    <col>7</col>
                              <row>1</row>
                    <type>ReturnedValueExpectation</type>
                                        <evaluationMessage>401</evaluationMessage>
                  </expectation>
        
      </instructionResult>
            <instructionResult>
        <instruction>{id='decisionTable_46_11/scriptTable_40_1/scriptTable_39_0', instruction='call', instanceName='scriptTableActor', methodName='requestPageAuthenticatedByUserAndPassword', args=[$IT?rss, Aladdin, open sesame]}</instruction>
        <slimResult>pass(a=200;e=401)</slimResult>
                <expectation>
                    <status>pass</status>
                    <instructionId>decisionTable_46_11/scriptTable_40_1/scriptTable_39_0</instructionId>
                    <col>7</col>
                              <row>1</row>
                    <type>RejectedValueExpectation</type>
                    <actual>200</actual>
                              <expected>401</expected>
                            </expectation>
        
      </instructionResult>
            <instructionResult>
        <instruction>{id='decisionTable_46_12/scriptTable_40_0/scriptTable_38_0', instruction='call', instanceName='scriptTableActor', methodName='requestPageAuthenticatedByUserAndPassword', args=[$IT?importAndView, Aladdin, open please]}</instruction>
        <slimResult>pass(401)</slimResult>
                <expectation>
                    <status>pass</status>
                    <instructionId>decisionTable_46_12/scriptTable_40_0/scriptTable_38_0</instructionId>
                    <col>7</col>
                              <row>1</row>
                    <type>ReturnedValueExpectation</type>
                                        <evaluationMessage>401</evaluationMessage>
                  </expectation>
        
      </instructionResult>
            <instructionResult>
        <instruction>{id='decisionTable_46_12/scriptTable_40_1/scriptTable_39_0', instruction='call', instanceName='scriptTableActor', methodName='requestPageAuthenticatedByUserAndPassword', args=[$IT?importAndView, Aladdin, open sesame]}</instruction>
        <slimResult>pass(a=303;e=401)</slimResult>
                <expectation>
                    <status>pass</status>
                    <instructionId>decisionTable_46_12/scriptTable_40_1/scriptTable_39_0</instructionId>
                    <col>7</col>
                              <row>1</row>
                    <type>RejectedValueExpectation</type>
                    <actual>303</actual>
                              <expected>401</expected>
                            </expectation>
        
      </instructionResult>
            <instructionResult>
        <instruction>{id='decisionTable_46_13/scriptTable_40_0/scriptTable_38_0', instruction='call', instanceName='scriptTableActor', methodName='requestPageAuthenticatedByUserAndPassword', args=[$IT?getPage, Aladdin, open please]}</instruction>
        <slimResult>pass(401)</slimResult>
                <expectation>
                    <status>pass</status>
                    <instructionId>decisionTable_46_13/scriptTable_40_0/scriptTable_38_0</instructionId>
                    <col>7</col>
                              <row>1</row>
                    <type>ReturnedValueExpectation</type>
                                        <evaluationMessage>401</evaluationMessage>
                  </expectation>
        
      </instructionResult>
            <instructionResult>
        <instruction>{id='decisionTable_46_13/scriptTable_40_1/scriptTable_39_0', instruction='call', instanceName='scriptTableActor', methodName='requestPageAuthenticatedByUserAndPassword', args=[$IT?getPage, Aladdin, open sesame]}</instruction>
        <slimResult>pass(a=200;e=401)</slimResult>
                <expectation>
                    <status>pass</status>
                    <instructionId>decisionTable_46_13/scriptTable_40_1/scriptTable_39_0</instructionId>
                    <col>7</col>
                              <row>1</row>
                    <type>RejectedValueExpectation</type>
                    <actual>200</actual>
                              <expected>401</expected>
                            </expectation>
        
      </instructionResult>
            <instructionResult>
        <instruction>{id='decisionTable_46_14/scriptTable_40_0/scriptTable_38_0', instruction='call', instanceName='scriptTableActor', methodName='requestPageAuthenticatedByUserAndPassword', args=[$IT?packet, Aladdin, open please]}</instruction>
        <slimResult>pass(401)</slimResult>
                <expectation>
                    <status>pass</status>
                    <instructionId>decisionTable_46_14/scriptTable_40_0/scriptTable_38_0</instructionId>
                    <col>7</col>
                              <row>1</row>
                    <type>ReturnedValueExpectation</type>
                                        <evaluationMessage>401</evaluationMessage>
                  </expectation>
        
      </instructionResult>
            <instructionResult>
        <instruction>{id='decisionTable_46_14/scriptTable_40_1/scriptTable_39_0', instruction='call', instanceName='scriptTableActor', methodName='requestPageAuthenticatedByUserAndPassword', args=[$IT?packet, Aladdin, open sesame]}</instruction>
        <slimResult>pass(a=200;e=401)</slimResult>
                <expectation>
                    <status>pass</status>
                    <instructionId>decisionTable_46_14/scriptTable_40_1/scriptTable_39_0</instructionId>
                    <col>7</col>
                              <row>1</row>
                    <type>RejectedValueExpectation</type>
                    <actual>200</actual>
                              <expected>401</expected>
                            </expectation>
        
      </instructionResult>
            <instructionResult>
        <instruction>{id='decisionTable_47_0', instruction='make', instanceName='decisionTable_47', className='TearDown', args=[]}</instruction>
        <slimResult>pass(tear down)</slimResult>
                <expectation>
                    <status>pass</status>
                    <instructionId>decisionTable_47_0</instructionId>
                    <col>0</col>
                              <row>0</row>
                    <type>ConstructionExpectation</type>
                                        <evaluationMessage>tear down</evaluationMessage>
                  </expectation>
        
      </instructionResult>
      
    </instructions>
    
  </result>
  
    <finalCounts>
    <right>1</right>
    <wrong>0</wrong>
    <ignores>0</ignores>
    <exceptions>0</exceptions>
  </finalCounts>
  <totalRunTimeInMillis>791</totalRunTimeInMillis>
  
</testResults>

