<?xml version="1.0"?>
<testResults>
  <FitNesseVersion>v20140418</FitNesseVersion>
  <rootPath>FitNesse.SuiteAcceptanceTests.SuiteSymbolicLinkTests.TestCreatingBackwardSymbolicLink</rootPath>
    <result>
    <counts>
      <right>8</right>
      <wrong>0</wrong>
      <ignores>0</ignores>
      <exceptions>0</exceptions>
    </counts>
    <runTimeInMillis>37</runTimeInMillis>
    <content>&lt;div class="collapsible closed"&gt;&lt;ul&gt;&lt;li&gt;&lt;a href='#' class='expandall'&gt;Expand All&lt;/a&gt;&lt;/li&gt;&lt;li&gt;&lt;a href='#' class='collapseall'&gt;Collapse All&lt;/a&gt;&lt;/li&gt;&lt;/ul&gt;
	&lt;p class="title"&gt;Included page: &lt;a href="FitNesse.SuiteAcceptanceTests.SetUp"&gt;.FitNesse.SuiteAcceptanceTests.SetUp&lt;/a&gt; &lt;a href="FitNesse.SuiteAcceptanceTests.SetUp?edit&amp;amp;redirectToReferer=true&amp;amp;redirectAction=" class="edit"&gt;(edit)&lt;/a&gt;&lt;/p&gt;
	&lt;div&gt;&lt;table&gt;
	&lt;tr&gt;
		&lt;td&gt;Import&lt;/td&gt;
	&lt;/tr&gt;
	&lt;tr&gt;
		&lt;td&gt;fitnesse.fixtures&lt;/td&gt;
	&lt;/tr&gt;
&lt;/table&gt;
&lt;br/&gt;&lt;table&gt;
	&lt;tr&gt;
		&lt;td&gt;SetUp&lt;/td&gt;
	&lt;/tr&gt;
&lt;/table&gt;
&lt;/div&gt;
&lt;/div&gt;
&lt;br/&gt;&lt;div class="collapsible"&gt;&lt;ul&gt;&lt;li&gt;&lt;a href='#' class='expandall'&gt;Expand All&lt;/a&gt;&lt;/li&gt;&lt;li&gt;&lt;a href='#' class='collapseall'&gt;Collapse All&lt;/a&gt;&lt;/li&gt;&lt;/ul&gt;
	&lt;p class="title"&gt;Included page: &lt;a href="FitNesse.SuiteAcceptanceTests.SuiteSymbolicLinkTests.CreateBackwardSymbolicLink"&gt;CreateBackwardSymbolicLink&lt;/a&gt; &lt;a href="FitNesse.SuiteAcceptanceTests.SuiteSymbolicLinkTests.CreateBackwardSymbolicLink?edit&amp;amp;redirectToReferer=true&amp;amp;redirectAction=" class="edit"&gt;(edit)&lt;/a&gt;&lt;/p&gt;
	&lt;div&gt;Create an absolute symbolic link from a sub-page:&lt;br/&gt;&lt;br/&gt;First we need to create some pages to play with.&lt;br/&gt;&lt;table&gt;
	&lt;tr&gt;
		&lt;td colspan="3"&gt;Page creator.&lt;/td&gt;
	&lt;/tr&gt;
	&lt;tr&gt;
		&lt;td&gt;Page name.&lt;/td&gt;
		&lt;td&gt;PageContents.&lt;/td&gt;
		&lt;td&gt;valid?&lt;/td&gt;
	&lt;/tr&gt;
	&lt;tr&gt;
		&lt;td&gt;LinkingPage&lt;/td&gt;
		&lt;td&gt;LINKING PAGE&lt;/td&gt;
		&lt;td class="pass"&gt;true&lt;/td&gt;
	&lt;/tr&gt;
	&lt;tr&gt;
		&lt;td&gt;LinkingPage.LinkingChild&lt;/td&gt;
		&lt;td&gt;LINKING CHILD&lt;/td&gt;
		&lt;td class="pass"&gt;true&lt;/td&gt;
	&lt;/tr&gt;
	&lt;tr&gt;
		&lt;td&gt;LinkingPage.LinkedChild&lt;/td&gt;
		&lt;td&gt;LINKED CHILD&lt;/td&gt;
		&lt;td class="pass"&gt;true&lt;/td&gt;
	&lt;/tr&gt;
&lt;/table&gt;
&lt;br/&gt;Now we create a symbolic link named SymLink.  This links LinkedPage.LinkedChild as a child of LinkingPage.LinkingChild.&lt;br/&gt;&lt;table&gt;
	&lt;tr&gt;
		&lt;td colspan="2"&gt;Response Requester.&lt;/td&gt;
	&lt;/tr&gt;
	&lt;tr&gt;
		&lt;td&gt;uri&lt;/td&gt;
		&lt;td&gt;status?&lt;/td&gt;
	&lt;/tr&gt;
	&lt;tr&gt;
		&lt;td&gt;LinkingPage.LinkingChild?responder=symlink&amp;amp;linkName=SymLink&amp;amp;linkPath=&amp;lt;LinkingPage.LinkedChild&lt;/td&gt;
		&lt;td class="pass"&gt;303&lt;/td&gt;
	&lt;/tr&gt;
&lt;/table&gt;
&lt;/div&gt;
&lt;/div&gt;
&lt;br/&gt;Creating a symlink will redirect back to the properties page.&lt;br/&gt;&lt;table&gt;
	&lt;tr&gt;
		&lt;td colspan="4"&gt;Response Examiner.&lt;/td&gt;
	&lt;/tr&gt;
	&lt;tr&gt;
		&lt;td&gt;type&lt;/td&gt;
		&lt;td&gt;pattern&lt;/td&gt;
		&lt;td&gt;matches?&lt;/td&gt;
		&lt;td&gt;contents?&lt;/td&gt;
	&lt;/tr&gt;
	&lt;tr&gt;
		&lt;td&gt;contents&lt;/td&gt;
		&lt;td&gt;Location: /LinkingPage.LinkingChild\?properties&lt;/td&gt;
		&lt;td class="pass"&gt;true&lt;/td&gt;
		&lt;td&gt; &lt;span class="fit_grey"&gt;HTTP/1.1 303 See Other
Content-Length: 0
Location: /LinkingPage.LinkingChild?properties
Content-Type: text/html; charset=utf-8

&lt;/span&gt;&lt;/td&gt;
	&lt;/tr&gt;
&lt;/table&gt;
&lt;br/&gt;Let's have a look at the properties view.&lt;br/&gt;&lt;table&gt;
	&lt;tr&gt;
		&lt;td colspan="2"&gt;Response Requester.&lt;/td&gt;
	&lt;/tr&gt;
	&lt;tr&gt;
		&lt;td&gt;uri&lt;/td&gt;
		&lt;td&gt;status?&lt;/td&gt;
	&lt;/tr&gt;
	&lt;tr&gt;
		&lt;td&gt;LinkingPage.LinkingChild?properties&lt;/td&gt;
		&lt;td class="pass"&gt;200&lt;/td&gt;
	&lt;/tr&gt;
&lt;/table&gt;
&lt;br/&gt;&lt;div class="collapsible closed"&gt;&lt;ul&gt;&lt;li&gt;&lt;a href='#' class='expandall'&gt;Expand All&lt;/a&gt;&lt;/li&gt;&lt;li&gt;&lt;a href='#' class='collapseall'&gt;Collapse All&lt;/a&gt;&lt;/li&gt;&lt;/ul&gt;
	&lt;p class="title"&gt;RESPONSE DATA&lt;/p&gt;
	&lt;div&gt;&lt;table&gt;
	&lt;tr&gt;
		&lt;td colspan="2"&gt;Response Examiner.&lt;/td&gt;
	&lt;/tr&gt;
	&lt;tr&gt;
		&lt;td&gt;type&lt;/td&gt;
		&lt;td&gt;wrappedHtml?&lt;/td&gt;
	&lt;/tr&gt;
	&lt;tr&gt;
		&lt;td&gt;contents&lt;/td&gt;
		&lt;td&gt; &lt;span class="fit_grey"&gt;&lt;pre&gt;HTTP/1.1 200 OK
Cache-Control: max-age=0
Content-Length: 6406
Content-Type: text/html; charset=utf-8

&amp;lt;!DOCTYPE html&amp;gt;
&amp;lt;html&amp;gt;
 &amp;lt;head&amp;gt;
  &amp;lt;meta http-equiv="Content-Type" content="text/html; charset=utf-8"/&amp;gt;
  &amp;lt;title&amp;gt;Properties: LinkingPage.LinkingChild&amp;lt;/title&amp;gt;
    &amp;lt;!--[if lt IE 9]&amp;gt;
   &amp;lt;script&amp;gt;
    document.createElement('header');
    document.createElement('nav');
    document.createElement('section');
    document.createElement('article');
    document.createElement('footer');
   &amp;lt;/script&amp;gt;
  &amp;lt;![endif]--&amp;gt;
  
  &amp;lt;link rel="stylesheet" type="text/css" href="/files/fitnesse/css/fitnesse_wiki.css" /&amp;gt;
  &amp;lt;link rel="stylesheet" type="text/css" href="/files/fitnesse/css/fitnesse_pages.css" /&amp;gt;
  &amp;lt;link rel="stylesheet" type="text/css" href="/files/fitnesse/css/fitnesse_straight.css" /&amp;gt;
  &amp;lt;link rel="stylesheet" type="text/css" href="/files/fitnesse/wysiwyg/wysiwyg.css" media="screen"/&amp;gt;
  &amp;lt;link rel="stylesheet" type="text/css" href="/files/fitnesse/question.mark/question.mark.css" /&amp;gt;
  &amp;lt;link rel="wysiwyg.base" href="/" /&amp;gt;
  &amp;lt;link rel="wysiwyg.stylesheet" type="text/css" href="/files/fitnesse/css/fitnesse.css" media="screen" /&amp;gt;
  &amp;lt;link rel="wysiwyg.stylesheet" type="text/css" href="/files/fitnesse/wysiwyg/editor.css" media="screen" /&amp;gt;
  &amp;lt;link rel="shortcut icon" type="image/png" href="/files/fitnesse/images/favicon.png" /&amp;gt;
  &amp;lt;script src="/files/fitnesse/javascript/jquery-1.7.2.min.js" type="text/javascript"&amp;gt;&amp;lt;/script&amp;gt;
  &amp;lt;script src="/files/fitnesse/javascript/fitnesse.js" type="text/javascript"&amp;gt;&amp;lt;/script&amp;gt;
  &amp;lt;script src="/files/fitnesse/javascript/fitnesse_straight.js" type="text/javascript"&amp;gt;&amp;lt;/script&amp;gt;
 &amp;lt;/head&amp;gt;
 &amp;lt;body class="propertiesPage"&amp;gt;

  &amp;lt;header&amp;gt;
   &amp;lt;a href="/FrontPage" id="art_niche"&amp;gt;&amp;lt;span&amp;gt;FitNesse&amp;lt;/span&amp;gt;&amp;lt;/a&amp;gt;

&amp;lt;ul&amp;gt;
 &amp;lt;li&amp;gt;&amp;lt;a href="/LinkingPage"&amp;gt;LinkingPage&amp;lt;/a&amp;gt;&amp;lt;/li&amp;gt;
&amp;lt;/ul&amp;gt;
&amp;lt;h1&amp;gt;&amp;lt;a href="/LinkingPage.LinkingChild"&amp;gt;LinkingChild&amp;lt;/a&amp;gt;&amp;lt;/h1&amp;gt;



  &amp;lt;/header&amp;gt;
  
    
  &amp;lt;nav&amp;gt;
   &amp;lt;ul&amp;gt;
 &amp;lt;li&amp;gt;&amp;lt;a href="/LinkingPage.LinkingChild"&amp;gt;View&amp;lt;/a&amp;gt;&amp;lt;/li&amp;gt;
&amp;lt;/ul&amp;gt;  &amp;lt;/nav&amp;gt;
  
  &amp;lt;article&amp;gt;
    &amp;lt;p&amp;gt;Last modified anonymously&amp;lt;/p&amp;gt;
 &amp;lt;form method="post"&amp;gt;
  &amp;lt;input type="hidden" name="responder" value="saveProperties"/&amp;gt;
  
  &amp;lt;h2&amp;gt;Page properties&amp;lt;/h2&amp;gt;
  &amp;lt;div class="properties"&amp;gt;
   &amp;lt;fieldset&amp;gt;
    &amp;lt;legend&amp;gt;Page type:&amp;lt;/legend&amp;gt;
        &amp;lt;label for="Static"&amp;gt;&amp;lt;input type="radio" id="Static" name="PageType" value="Static" checked="checked"/&amp;gt;Static&amp;lt;/label&amp;gt;
        &amp;lt;label for="Test"&amp;gt;&amp;lt;input type="radio" id="Test" name="PageType" value="Test"/&amp;gt;Test&amp;lt;/label&amp;gt;
        &amp;lt;label for="Suite"&amp;gt;&amp;lt;input type="radio" id="Suite" name="PageType" value="Suite"/&amp;gt;Suite&amp;lt;/label&amp;gt;
        
    &amp;lt;label for="Prune"&amp;gt;&amp;lt;input type="checkbox" id="Prune" name="Prune"/&amp;gt;Skip (Recursive)&amp;lt;/label&amp;gt;
   &amp;lt;/fieldset&amp;gt;
     
   &amp;lt;fieldset&amp;gt;
    &amp;lt;legend&amp;gt;Actions:&amp;lt;/legend&amp;gt;
        &amp;lt;label for="Edit"&amp;gt;&amp;lt;input type="checkbox" id="Edit" name="Edit" checked="checked"/&amp;gt;Edit&amp;lt;/label&amp;gt;
        &amp;lt;label for="Versions"&amp;gt;&amp;lt;input type="checkbox" id="Versions" name="Versions" checked="checked"/&amp;gt;Versions&amp;lt;/label&amp;gt;
        &amp;lt;label for="Properties"&amp;gt;&amp;lt;input type="checkbox" id="Properties" name="Properties" checked="checked"/&amp;gt;Properties&amp;lt;/label&amp;gt;
        &amp;lt;label for="Refactor"&amp;gt;&amp;lt;input type="checkbox" id="Refactor" name="Refactor" checked="checked"/&amp;gt;Refactor&amp;lt;/label&amp;gt;
        &amp;lt;label for="WhereUsed"&amp;gt;&amp;lt;input type="checkbox" id="WhereUsed" name="WhereUsed" checked="checked"/&amp;gt;WhereUsed&amp;lt;/label&amp;gt;
       &amp;lt;/fieldset&amp;gt;

   &amp;lt;fieldset&amp;gt;
    &amp;lt;legend&amp;gt;Navigation:&amp;lt;/legend&amp;gt;
        &amp;lt;label for="RecentChanges"&amp;gt;&amp;lt;input type="checkbox" id="RecentChanges" name="RecentChanges" checked="checked"/&amp;gt;RecentChanges&amp;lt;/label&amp;gt;
        &amp;lt;label for="Files"&amp;gt;&amp;lt;input type="checkbox" id="Files" name="Files" checked="checked"/&amp;gt;Files&amp;lt;/label&amp;gt;
        &amp;lt;label for="Search"&amp;gt;&amp;lt;input type="checkbox" id="Search" name="Search" checked="checked"/&amp;gt;Search&amp;lt;/label&amp;gt;
       &amp;lt;/fieldset&amp;gt;
    
   &amp;lt;fieldset&amp;gt;
    &amp;lt;legend&amp;gt;Security:&amp;lt;/legend&amp;gt;
    	&amp;lt;label for="secure-read"&amp;gt;&amp;lt;input type="checkbox" id="secure-read" name="secure-read"/&amp;gt;secure-read&amp;lt;/label&amp;gt;
    	&amp;lt;label for="secure-write"&amp;gt;&amp;lt;input type="checkbox" id="secure-write" name="secure-write"/&amp;gt;secure-write&amp;lt;/label&amp;gt;
    	&amp;lt;label for="secure-test"&amp;gt;&amp;lt;input type="checkbox" id="secure-test" name="secure-test"/&amp;gt;secure-test&amp;lt;/label&amp;gt;
       &amp;lt;/fieldset&amp;gt;
  &amp;lt;/div&amp;gt;

  &amp;lt;div id="virtual-wiki-properties"&amp;gt;
   &amp;lt;fieldset&amp;gt;
    &amp;lt;label for="HelpText"&amp;gt;Help text:&amp;lt;/label&amp;gt;
    &amp;lt;input type="text" id="HelpText" name="HelpText" value="" size="70"/&amp;gt;
   &amp;lt;/fieldset&amp;gt;
    
   &amp;lt;fieldset&amp;gt;
    &amp;lt;label for="Suites"&amp;gt;Tags:&amp;lt;/label&amp;gt;
     &amp;lt;input type="text" id="Suites" title="Separate tags by a comma" name="Suites" value="" size="70"/&amp;gt;
   &amp;lt;/fieldset&amp;gt;
  &amp;lt;/div&amp;gt;
  &amp;lt;fieldset class="buttons"&amp;gt;
   &amp;lt;input type="submit" name="Save" value="Save Properties" accesskey="s"/&amp;gt;
  &amp;lt;/fieldset&amp;gt;
 &amp;lt;/form&amp;gt;

 &amp;lt;form method="post" action="" id="wiki-import"&amp;gt;
    &amp;lt;fieldset&amp;gt;
   &amp;lt;h2&amp;gt;Wiki Import&amp;lt;/h2&amp;gt;
   &amp;lt;p&amp;gt;Supply the URL for the wiki you'd like to import.&amp;lt;/p&amp;gt;
   &amp;lt;label for="remoteUrl"&amp;gt;Remote Wiki URL:&amp;lt;/label&amp;gt;
   &amp;lt;input type="text" id="remoteUrl" name="remoteUrl" size="70"/&amp;gt;
  &amp;lt;/fieldset&amp;gt;
  
  &amp;lt;fieldset&amp;gt;
       
   &amp;lt;label class="checkbox" for="autoUpdate"&amp;gt;&amp;lt;input type="checkbox" id="autoUpdate" name="autoUpdate" checked="checked"/&amp;gt;Automatically update imported content when executing tests&amp;lt;/label&amp;gt;
   &amp;lt;input type="hidden" name="responder" value="import"/&amp;gt;
  &amp;lt;/fieldset&amp;gt;
  &amp;lt;fieldset class="buttons"&amp;gt;
   &amp;lt;input type="submit" name="save" value="Import"/&amp;gt;
  &amp;lt;/fieldset&amp;gt;
 &amp;lt;/form&amp;gt;
 
 
 &amp;lt;form method="get" action="" name="symbolics" id="symbolics"&amp;gt;
  &amp;lt;input type="hidden" name="responder" value="symlink"/&amp;gt;
  &amp;lt;h2&amp;gt;Symbolic Links&amp;lt;/h2&amp;gt;
  &amp;lt;table class="dirListing"&amp;gt;
   &amp;lt;tr&amp;gt;
    &amp;lt;th&amp;gt;Name&amp;lt;/th&amp;gt;
    &amp;lt;th&amp;gt;Path to Page&amp;lt;/th&amp;gt;
    &amp;lt;th&amp;gt;Actions&amp;lt;/th&amp;gt;
   &amp;lt;/tr&amp;gt;
      &amp;lt;tr&amp;gt;
    &amp;lt;td&amp;gt;&amp;lt;input type="text" name="SymLink" value="SymLink"/&amp;gt;&amp;lt;/td&amp;gt;
    &amp;lt;td&amp;gt;
          &amp;lt;a href=".LinkingPage.LinkedChild"&amp;gt;&amp;amp;lt;LinkingPage.LinkedChild&amp;lt;/a&amp;gt;
         &amp;lt;/td&amp;gt;
    &amp;lt;td&amp;gt;
     &amp;lt;a href="javascript:symbolicLinkRename('SymLink','LinkingPage.LinkingChild');"&amp;gt;Rename&amp;lt;/a&amp;gt;&amp;amp;nbsp;|&amp;amp;nbsp;&amp;lt;a href="?responder=symlink&amp;amp;removal=SymLink"&amp;gt;Unlink&amp;lt;/a&amp;gt;
    &amp;lt;/td&amp;gt;
   &amp;lt;/tr&amp;gt;
      &amp;lt;tr&amp;gt;
    &amp;lt;td&amp;gt;
     &amp;lt;input type="text" name="linkName" size="30"/&amp;gt;
    &amp;lt;/td&amp;gt;
    &amp;lt;td&amp;gt;
     &amp;lt;input type="text" name="linkPath" size="70"/&amp;gt;
    &amp;lt;/td&amp;gt;
    &amp;lt;td&amp;gt;
     &amp;lt;input type="submit" name="submit" value="Create/Replace"/&amp;gt;
    &amp;lt;/td&amp;gt;
   &amp;lt;/tr&amp;gt;
  &amp;lt;/table&amp;gt;
  
  &amp;lt;a class="button" href="LinkingPage.LinkingChild"&amp;gt;Cancel&amp;lt;/a&amp;gt;

 &amp;lt;/form&amp;gt;


&amp;lt;script src="/files/fitnesse/javascript/jquery.tagsinput.js" type="text/javascript"&amp;gt;&amp;lt;/script&amp;gt;
&amp;lt;script type="text/javascript"&amp;gt;
$(function () {
  /* Tags */
  $('#Suites').tagsInput();
});
&amp;lt;/script&amp;gt;
  &amp;lt;/article&amp;gt;
  
  
 &amp;lt;/body&amp;gt;
&amp;lt;/html&amp;gt;
&lt;/pre&gt;&lt;/span&gt;&lt;/td&gt;
	&lt;/tr&gt;
&lt;/table&gt;
&lt;br/&gt;&lt;/div&gt;
&lt;/div&gt;
&lt;br/&gt;The newly created symbolic link will be listed along with a link to the linked page.&lt;br/&gt;&lt;table&gt;
	&lt;tr&gt;
		&lt;td colspan="3"&gt;Response Examiner.&lt;/td&gt;
	&lt;/tr&gt;
	&lt;tr&gt;
		&lt;td&gt;type&lt;/td&gt;
		&lt;td&gt;pattern&lt;/td&gt;
		&lt;td&gt;matches?&lt;/td&gt;
	&lt;/tr&gt;
	&lt;tr&gt;
		&lt;td&gt;contents&lt;/td&gt;
		&lt;td&gt;SymLink&lt;/td&gt;
		&lt;td class="pass"&gt;true&lt;/td&gt;
	&lt;/tr&gt;
	&lt;tr&gt;
		&lt;td&gt;contents&lt;/td&gt;
		&lt;td&gt;&amp;lt;a href=".LinkingPage.LinkedChild"&amp;gt;&amp;lt;LinkingPage.LinkedChild&amp;lt;/a&amp;gt;&lt;/td&gt;
		&lt;td class="pass"&gt;true&lt;/td&gt;
	&lt;/tr&gt;
&lt;/table&gt;
&lt;div class="collapsible closed"&gt;&lt;ul&gt;&lt;li&gt;&lt;a href='#' class='expandall'&gt;Expand All&lt;/a&gt;&lt;/li&gt;&lt;li&gt;&lt;a href='#' class='collapseall'&gt;Collapse All&lt;/a&gt;&lt;/li&gt;&lt;/ul&gt;
	&lt;p class="title"&gt;Included page: &lt;a href="FitNesse.SuiteAcceptanceTests.TearDown"&gt;.FitNesse.SuiteAcceptanceTests.TearDown&lt;/a&gt; &lt;a href="FitNesse.SuiteAcceptanceTests.TearDown?edit&amp;amp;redirectToReferer=true&amp;amp;redirectAction=" class="edit"&gt;(edit)&lt;/a&gt;&lt;/p&gt;
	&lt;div&gt;&lt;hr/&gt;
&lt;br/&gt;&lt;table&gt;
	&lt;tr&gt;
		&lt;td&gt;tear down&lt;/td&gt;
	&lt;/tr&gt;
&lt;/table&gt;
&lt;br/&gt;&lt;/div&gt;
&lt;/div&gt;
</content>
    <relativePageName>TestCreatingBackwardSymbolicLink</relativePageName>
    
    
    
  </result>
  
    <finalCounts>
    <right>1</right>
    <wrong>0</wrong>
    <ignores>0</ignores>
    <exceptions>0</exceptions>
  </finalCounts>
  <totalRunTimeInMillis>38</totalRunTimeInMillis>
  
</testResults>

