<?xml version="1.0"?>
<testResults>
  <FitNesseVersion>v20140418</FitNesseVersion>
  <rootPath>FitNesse.SuiteAcceptanceTests.SuiteWikiImportTests.TestAutomaticUpdate</rootPath>
    <result>
    <counts>
      <right>20</right>
      <wrong>0</wrong>
      <ignores>1</ignores>
      <exceptions>0</exceptions>
    </counts>
    <runTimeInMillis>1210</runTimeInMillis>
    <content>&lt;div class="collapsible closed"&gt;&lt;ul&gt;&lt;li&gt;&lt;a href='#' class='expandall'&gt;Expand All&lt;/a&gt;&lt;/li&gt;&lt;li&gt;&lt;a href='#' class='collapseall'&gt;Collapse All&lt;/a&gt;&lt;/li&gt;&lt;/ul&gt;
	&lt;p class="title"&gt;Scenario Libraries&lt;/p&gt;
	&lt;div&gt;&lt;div class="collapsible closed"&gt;&lt;ul&gt;&lt;li&gt;&lt;a href='#' class='expandall'&gt;Expand All&lt;/a&gt;&lt;/li&gt;&lt;li&gt;&lt;a href='#' class='collapseall'&gt;Collapse All&lt;/a&gt;&lt;/li&gt;&lt;/ul&gt;
	&lt;p class="title"&gt;Included page: &lt;a href="FitNesse.SuiteAcceptanceTests.ScenarioLibrary"&gt;.FitNesse.SuiteAcceptanceTests.ScenarioLibrary&lt;/a&gt; &lt;a href="FitNesse.SuiteAcceptanceTests.ScenarioLibrary?edit&amp;amp;redirectToReferer=true&amp;amp;redirectAction=" class="edit"&gt;(edit)&lt;/a&gt;&lt;/p&gt;
	&lt;div&gt;&lt;table&gt;
	&lt;tr&gt;
		&lt;td&gt;scenario&lt;/td&gt;
		&lt;td&gt;given page&lt;/td&gt;
		&lt;td&gt;page&lt;/td&gt;
		&lt;td&gt;with content&lt;/td&gt;
		&lt;td&gt;content&lt;/td&gt;
	&lt;/tr&gt;
	&lt;tr&gt;
		&lt;td&gt;create page&lt;/td&gt;
		&lt;td&gt;@page&lt;/td&gt;
		&lt;td&gt;with content&lt;/td&gt;
		&lt;td colspan="2"&gt;@content&lt;/td&gt;
	&lt;/tr&gt;
	&lt;tr&gt;
		&lt;td&gt;$IT=&lt;/td&gt;
		&lt;td&gt;echo&lt;/td&gt;
		&lt;td colspan="3"&gt;@page&lt;/td&gt;
	&lt;/tr&gt;
&lt;/table&gt;
&lt;br/&gt;&lt;table&gt;
	&lt;tr&gt;
		&lt;td&gt;scenario&lt;/td&gt;
		&lt;td&gt;given page&lt;/td&gt;
		&lt;td colspan="2"&gt;page&lt;/td&gt;
	&lt;/tr&gt;
	&lt;tr&gt;
		&lt;td&gt;given page&lt;/td&gt;
		&lt;td&gt;@page&lt;/td&gt;
		&lt;td&gt;with content&lt;/td&gt;
		&lt;td&gt;nothing&lt;/td&gt;
	&lt;/tr&gt;
&lt;/table&gt;
&lt;br/&gt;&lt;table&gt;
	&lt;tr&gt;
		&lt;td&gt;scenario&lt;/td&gt;
		&lt;td&gt;given test page&lt;/td&gt;
		&lt;td&gt;page&lt;/td&gt;
	&lt;/tr&gt;
	&lt;tr&gt;
		&lt;td&gt;given page&lt;/td&gt;
		&lt;td colspan="2"&gt;@page&lt;/td&gt;
	&lt;/tr&gt;
	&lt;tr&gt;
		&lt;td&gt;make&lt;/td&gt;
		&lt;td&gt;@page&lt;/td&gt;
		&lt;td&gt;a test page&lt;/td&gt;
	&lt;/tr&gt;
&lt;/table&gt;
&lt;br/&gt;&lt;table&gt;
	&lt;tr&gt;
		&lt;td&gt;scenario&lt;/td&gt;
		&lt;td&gt;given slim test page&lt;/td&gt;
		&lt;td colspan="2"&gt;page&lt;/td&gt;
	&lt;/tr&gt;
	&lt;tr&gt;
		&lt;td&gt;given page&lt;/td&gt;
		&lt;td&gt;@page&lt;/td&gt;
		&lt;td&gt;with content&lt;/td&gt;
		&lt;td&gt;!define TEST_SYSTEM {slim}&lt;/td&gt;
	&lt;/tr&gt;
	&lt;tr&gt;
		&lt;td&gt;make&lt;/td&gt;
		&lt;td&gt;@page&lt;/td&gt;
		&lt;td colspan="2"&gt;a test page&lt;/td&gt;
	&lt;/tr&gt;
&lt;/table&gt;
&lt;br/&gt;&lt;table&gt;
	&lt;tr&gt;
		&lt;td&gt;scenario&lt;/td&gt;
		&lt;td&gt;page&lt;/td&gt;
		&lt;td&gt;source&lt;/td&gt;
		&lt;td&gt;should have link to&lt;/td&gt;
		&lt;td&gt;target&lt;/td&gt;
	&lt;/tr&gt;
	&lt;tr&gt;
		&lt;td&gt;check&lt;/td&gt;
		&lt;td&gt;request page&lt;/td&gt;
		&lt;td&gt;@source&lt;/td&gt;
		&lt;td colspan="2"&gt;200&lt;/td&gt;
	&lt;/tr&gt;
	&lt;tr&gt;
		&lt;td&gt;ensure&lt;/td&gt;
		&lt;td&gt;content contains&lt;/td&gt;
		&lt;td colspan="3"&gt;&amp;lt;a href="@target"&lt;/td&gt;
	&lt;/tr&gt;
	&lt;tr&gt;
		&lt;td&gt;$IT=&lt;/td&gt;
		&lt;td&gt;echo&lt;/td&gt;
		&lt;td colspan="3"&gt;@source&lt;/td&gt;
	&lt;/tr&gt;
&lt;/table&gt;
&lt;br/&gt;&lt;table&gt;
	&lt;tr&gt;
		&lt;td&gt;scenario&lt;/td&gt;
		&lt;td&gt;it should have link to&lt;/td&gt;
		&lt;td colspan="2"&gt;target&lt;/td&gt;
	&lt;/tr&gt;
	&lt;tr&gt;
		&lt;td&gt;page&lt;/td&gt;
		&lt;td&gt;$IT&lt;/td&gt;
		&lt;td&gt;should have link to&lt;/td&gt;
		&lt;td&gt;@target&lt;/td&gt;
	&lt;/tr&gt;
&lt;/table&gt;
&lt;br/&gt;&lt;table&gt;
	&lt;tr&gt;
		&lt;td&gt;scenario&lt;/td&gt;
		&lt;td&gt;and it should have link to&lt;/td&gt;
		&lt;td colspan="2"&gt;target&lt;/td&gt;
	&lt;/tr&gt;
	&lt;tr&gt;
		&lt;td&gt;page&lt;/td&gt;
		&lt;td&gt;$IT&lt;/td&gt;
		&lt;td&gt;should have link to&lt;/td&gt;
		&lt;td&gt;@target&lt;/td&gt;
	&lt;/tr&gt;
&lt;/table&gt;
&lt;br/&gt;&lt;table&gt;
	&lt;tr&gt;
		&lt;td&gt;scenario&lt;/td&gt;
		&lt;td&gt;page&lt;/td&gt;
		&lt;td&gt;source&lt;/td&gt;
		&lt;td&gt;should have creating link to&lt;/td&gt;
		&lt;td&gt;target&lt;/td&gt;
	&lt;/tr&gt;
	&lt;tr&gt;
		&lt;td&gt;check&lt;/td&gt;
		&lt;td&gt;request page&lt;/td&gt;
		&lt;td&gt;@source&lt;/td&gt;
		&lt;td colspan="2"&gt;200&lt;/td&gt;
	&lt;/tr&gt;
	&lt;tr&gt;
		&lt;td&gt;ensure&lt;/td&gt;
		&lt;td&gt;content contains&lt;/td&gt;
		&lt;td colspan="3"&gt;@target&amp;lt;a title="create page" href="@target?edit&amp;amp;nonExistent=true"&amp;gt;[?]&amp;lt;/a&amp;gt;&lt;/td&gt;
	&lt;/tr&gt;
&lt;/table&gt;
&lt;br/&gt;&lt;table&gt;
	&lt;tr&gt;
		&lt;td&gt;scenario&lt;/td&gt;
		&lt;td&gt;it should have creating link to&lt;/td&gt;
		&lt;td colspan="2"&gt;target&lt;/td&gt;
	&lt;/tr&gt;
	&lt;tr&gt;
		&lt;td&gt;page&lt;/td&gt;
		&lt;td&gt;$IT&lt;/td&gt;
		&lt;td&gt;should have creating link to&lt;/td&gt;
		&lt;td&gt;@target&lt;/td&gt;
	&lt;/tr&gt;
&lt;/table&gt;
&lt;br/&gt;&lt;table&gt;
	&lt;tr&gt;
		&lt;td&gt;scenario&lt;/td&gt;
		&lt;td&gt;page&lt;/td&gt;
		&lt;td&gt;source&lt;/td&gt;
		&lt;td&gt;should contain&lt;/td&gt;
		&lt;td&gt;text&lt;/td&gt;
	&lt;/tr&gt;
	&lt;tr&gt;
		&lt;td&gt;check&lt;/td&gt;
		&lt;td&gt;request page&lt;/td&gt;
		&lt;td&gt;@source&lt;/td&gt;
		&lt;td colspan="2"&gt;200&lt;/td&gt;
	&lt;/tr&gt;
	&lt;tr&gt;
		&lt;td&gt;ensure&lt;/td&gt;
		&lt;td&gt;content contains&lt;/td&gt;
		&lt;td colspan="3"&gt;@text&lt;/td&gt;
	&lt;/tr&gt;
	&lt;tr&gt;
		&lt;td&gt;show&lt;/td&gt;
		&lt;td colspan="4"&gt;content&lt;/td&gt;
	&lt;/tr&gt;
&lt;/table&gt;
&lt;br/&gt;&lt;table&gt;
	&lt;tr&gt;
		&lt;td&gt;scenario&lt;/td&gt;
		&lt;td&gt;page&lt;/td&gt;
		&lt;td&gt;source&lt;/td&gt;
		&lt;td&gt;should not contain&lt;/td&gt;
		&lt;td&gt;text&lt;/td&gt;
	&lt;/tr&gt;
	&lt;tr&gt;
		&lt;td&gt;check&lt;/td&gt;
		&lt;td&gt;request page&lt;/td&gt;
		&lt;td&gt;@source&lt;/td&gt;
		&lt;td colspan="2"&gt;200&lt;/td&gt;
	&lt;/tr&gt;
	&lt;tr&gt;
		&lt;td&gt;reject&lt;/td&gt;
		&lt;td&gt;content contains&lt;/td&gt;
		&lt;td colspan="3"&gt;@text&lt;/td&gt;
	&lt;/tr&gt;
	&lt;tr&gt;
		&lt;td&gt;show&lt;/td&gt;
		&lt;td colspan="4"&gt;content&lt;/td&gt;
	&lt;/tr&gt;
&lt;/table&gt;
&lt;br/&gt;&lt;table&gt;
	&lt;tr&gt;
		&lt;td&gt;scenario&lt;/td&gt;
		&lt;td&gt;page&lt;/td&gt;
		&lt;td&gt;source&lt;/td&gt;
		&lt;td&gt;should match&lt;/td&gt;
		&lt;td&gt;text&lt;/td&gt;
	&lt;/tr&gt;
	&lt;tr&gt;
		&lt;td&gt;check&lt;/td&gt;
		&lt;td&gt;request page&lt;/td&gt;
		&lt;td&gt;@source&lt;/td&gt;
		&lt;td colspan="2"&gt;200&lt;/td&gt;
	&lt;/tr&gt;
	&lt;tr&gt;
		&lt;td&gt;ensure&lt;/td&gt;
		&lt;td&gt;content matches&lt;/td&gt;
		&lt;td colspan="3"&gt;@text&lt;/td&gt;
	&lt;/tr&gt;
	&lt;tr&gt;
		&lt;td&gt;show&lt;/td&gt;
		&lt;td colspan="4"&gt;content&lt;/td&gt;
	&lt;/tr&gt;
&lt;/table&gt;
&lt;br/&gt;&lt;table&gt;
	&lt;tr&gt;
		&lt;td&gt;scenario&lt;/td&gt;
		&lt;td&gt;it should contain&lt;/td&gt;
		&lt;td colspan="2"&gt;text&lt;/td&gt;
	&lt;/tr&gt;
	&lt;tr&gt;
		&lt;td&gt;page&lt;/td&gt;
		&lt;td&gt;$IT&lt;/td&gt;
		&lt;td&gt;should contain&lt;/td&gt;
		&lt;td&gt;@text&lt;/td&gt;
	&lt;/tr&gt;
&lt;/table&gt;
&lt;br/&gt;&lt;table&gt;
	&lt;tr&gt;
		&lt;td&gt;scenario&lt;/td&gt;
		&lt;td&gt;it should not contain&lt;/td&gt;
		&lt;td colspan="2"&gt;text&lt;/td&gt;
	&lt;/tr&gt;
	&lt;tr&gt;
		&lt;td&gt;page&lt;/td&gt;
		&lt;td&gt;$IT&lt;/td&gt;
		&lt;td&gt;should not contain&lt;/td&gt;
		&lt;td&gt;@text&lt;/td&gt;
	&lt;/tr&gt;
&lt;/table&gt;
&lt;br/&gt;&lt;table&gt;
	&lt;tr&gt;
		&lt;td&gt;scenario&lt;/td&gt;
		&lt;td&gt;it should contain&lt;/td&gt;
		&lt;td&gt;text&lt;/td&gt;
		&lt;td&gt;in line&lt;/td&gt;
		&lt;td&gt;symbol&lt;/td&gt;
	&lt;/tr&gt;
	&lt;tr&gt;
		&lt;td&gt;check&lt;/td&gt;
		&lt;td&gt;request page&lt;/td&gt;
		&lt;td&gt;$IT&lt;/td&gt;
		&lt;td colspan="2"&gt;200&lt;/td&gt;
	&lt;/tr&gt;
	&lt;tr&gt;
		&lt;td&gt;$@symbol=&lt;/td&gt;
		&lt;td&gt;line number containing&lt;/td&gt;
		&lt;td colspan="3"&gt;@text&lt;/td&gt;
	&lt;/tr&gt;
&lt;/table&gt;
&lt;br/&gt;&lt;table&gt;
	&lt;tr&gt;
		&lt;td&gt;scenario&lt;/td&gt;
		&lt;td&gt;it should match&lt;/td&gt;
		&lt;td colspan="2"&gt;text&lt;/td&gt;
	&lt;/tr&gt;
	&lt;tr&gt;
		&lt;td&gt;page&lt;/td&gt;
		&lt;td&gt;$IT&lt;/td&gt;
		&lt;td&gt;should match&lt;/td&gt;
		&lt;td&gt;@text&lt;/td&gt;
	&lt;/tr&gt;
&lt;/table&gt;
&lt;br/&gt;&lt;table&gt;
	&lt;tr&gt;
		&lt;td&gt;scenario&lt;/td&gt;
		&lt;td&gt;test results for page&lt;/td&gt;
		&lt;td&gt;source&lt;/td&gt;
		&lt;td&gt;should contain&lt;/td&gt;
		&lt;td&gt;text&lt;/td&gt;
	&lt;/tr&gt;
	&lt;tr&gt;
		&lt;td&gt;check&lt;/td&gt;
		&lt;td&gt;request page&lt;/td&gt;
		&lt;td&gt;@source?test&lt;/td&gt;
		&lt;td colspan="2"&gt;200&lt;/td&gt;
	&lt;/tr&gt;
	&lt;tr&gt;
		&lt;td&gt;ensure&lt;/td&gt;
		&lt;td&gt;content contains&lt;/td&gt;
		&lt;td colspan="3"&gt;@text&lt;/td&gt;
	&lt;/tr&gt;
	&lt;tr&gt;
		&lt;td&gt;show&lt;/td&gt;
		&lt;td colspan="4"&gt;content&lt;/td&gt;
	&lt;/tr&gt;
&lt;/table&gt;
&lt;br/&gt;&lt;table&gt;
	&lt;tr&gt;
		&lt;td&gt;scenario&lt;/td&gt;
		&lt;td&gt;its test results should contain&lt;/td&gt;
		&lt;td colspan="2"&gt;text&lt;/td&gt;
	&lt;/tr&gt;
	&lt;tr&gt;
		&lt;td&gt;test results for page&lt;/td&gt;
		&lt;td&gt;$IT&lt;/td&gt;
		&lt;td&gt;should contain&lt;/td&gt;
		&lt;td&gt;@text&lt;/td&gt;
	&lt;/tr&gt;
&lt;/table&gt;
&lt;br/&gt;&lt;table&gt;
	&lt;tr&gt;
		&lt;td&gt;scenario&lt;/td&gt;
		&lt;td&gt;test ressults for page&lt;/td&gt;
		&lt;td&gt;source&lt;/td&gt;
		&lt;td&gt;should not contain&lt;/td&gt;
		&lt;td&gt;text&lt;/td&gt;
	&lt;/tr&gt;
	&lt;tr&gt;
		&lt;td&gt;check&lt;/td&gt;
		&lt;td&gt;request page&lt;/td&gt;
		&lt;td&gt;@source?test&lt;/td&gt;
		&lt;td colspan="2"&gt;200&lt;/td&gt;
	&lt;/tr&gt;
	&lt;tr&gt;
		&lt;td&gt;reject&lt;/td&gt;
		&lt;td&gt;content contains&lt;/td&gt;
		&lt;td colspan="3"&gt;@text&lt;/td&gt;
	&lt;/tr&gt;
	&lt;tr&gt;
		&lt;td&gt;show&lt;/td&gt;
		&lt;td colspan="4"&gt;content&lt;/td&gt;
	&lt;/tr&gt;
&lt;/table&gt;
&lt;br/&gt;&lt;table&gt;
	&lt;tr&gt;
		&lt;td&gt;scenario&lt;/td&gt;
		&lt;td&gt;and should contain&lt;/td&gt;
		&lt;td&gt;text&lt;/td&gt;
	&lt;/tr&gt;
	&lt;tr&gt;
		&lt;td&gt;ensure&lt;/td&gt;
		&lt;td&gt;content contains&lt;/td&gt;
		&lt;td&gt;@text&lt;/td&gt;
	&lt;/tr&gt;
	&lt;tr&gt;
		&lt;td&gt;show&lt;/td&gt;
		&lt;td colspan="2"&gt;content&lt;/td&gt;
	&lt;/tr&gt;
&lt;/table&gt;
&lt;br/&gt;&lt;table&gt;
	&lt;tr&gt;
		&lt;td&gt;scenario&lt;/td&gt;
		&lt;td&gt;and should match&lt;/td&gt;
		&lt;td&gt;text&lt;/td&gt;
	&lt;/tr&gt;
	&lt;tr&gt;
		&lt;td&gt;ensure&lt;/td&gt;
		&lt;td&gt;content matches&lt;/td&gt;
		&lt;td&gt;@text&lt;/td&gt;
	&lt;/tr&gt;
	&lt;tr&gt;
		&lt;td&gt;show&lt;/td&gt;
		&lt;td colspan="2"&gt;content&lt;/td&gt;
	&lt;/tr&gt;
&lt;/table&gt;
&lt;br/&gt;&lt;table&gt;
	&lt;tr&gt;
		&lt;td&gt;scenario&lt;/td&gt;
		&lt;td&gt;and should not contain&lt;/td&gt;
		&lt;td&gt;text&lt;/td&gt;
	&lt;/tr&gt;
	&lt;tr&gt;
		&lt;td&gt;reject&lt;/td&gt;
		&lt;td&gt;content contains&lt;/td&gt;
		&lt;td&gt;@text&lt;/td&gt;
	&lt;/tr&gt;
	&lt;tr&gt;
		&lt;td&gt;show&lt;/td&gt;
		&lt;td colspan="2"&gt;content&lt;/td&gt;
	&lt;/tr&gt;
&lt;/table&gt;
&lt;br/&gt;&lt;table&gt;
	&lt;tr&gt;
		&lt;td&gt;scenario&lt;/td&gt;
		&lt;td&gt;widget&lt;/td&gt;
		&lt;td&gt;wikiText&lt;/td&gt;
		&lt;td&gt;should render&lt;/td&gt;
		&lt;td&gt;htmlText&lt;/td&gt;
	&lt;/tr&gt;
	&lt;tr&gt;
		&lt;td&gt;create page&lt;/td&gt;
		&lt;td&gt;WidgetPage&lt;/td&gt;
		&lt;td&gt;with content&lt;/td&gt;
		&lt;td colspan="2"&gt;@wikiText&lt;/td&gt;
	&lt;/tr&gt;
	&lt;tr&gt;
		&lt;td&gt;check&lt;/td&gt;
		&lt;td&gt;request page&lt;/td&gt;
		&lt;td&gt;WidgetPage&lt;/td&gt;
		&lt;td colspan="2"&gt;200&lt;/td&gt;
	&lt;/tr&gt;
	&lt;tr&gt;
		&lt;td&gt;ensure&lt;/td&gt;
		&lt;td&gt;content matches&lt;/td&gt;
		&lt;td colspan="3"&gt;@htmlText&lt;/td&gt;
	&lt;/tr&gt;
	&lt;tr&gt;
		&lt;td&gt;show&lt;/td&gt;
		&lt;td colspan="4"&gt;content&lt;/td&gt;
	&lt;/tr&gt;
&lt;/table&gt;
&lt;br/&gt;&lt;table&gt;
	&lt;tr&gt;
		&lt;td&gt;scenario&lt;/td&gt;
		&lt;td&gt;the line&lt;/td&gt;
		&lt;td&gt;after&lt;/td&gt;
		&lt;td&gt;should come after&lt;/td&gt;
		&lt;td&gt;before&lt;/td&gt;
	&lt;/tr&gt;
	&lt;tr&gt;
		&lt;td&gt;check&lt;/td&gt;
		&lt;td&gt;echo int&lt;/td&gt;
		&lt;td&gt;$@before&lt;/td&gt;
		&lt;td colspan="2"&gt;&amp;lt; $@after&lt;/td&gt;
	&lt;/tr&gt;
&lt;/table&gt;
&lt;br/&gt;&lt;table&gt;
	&lt;tr&gt;
		&lt;td&gt;scenario&lt;/td&gt;
		&lt;td colspan="3"&gt;pass&lt;/td&gt;
	&lt;/tr&gt;
	&lt;tr&gt;
		&lt;td&gt;check&lt;/td&gt;
		&lt;td&gt;echo&lt;/td&gt;
		&lt;td&gt;pass&lt;/td&gt;
		&lt;td&gt;pass&lt;/td&gt;
	&lt;/tr&gt;
&lt;/table&gt;
&lt;/div&gt;
&lt;/div&gt;
&lt;div class="collapsible closed"&gt;&lt;ul&gt;&lt;li&gt;&lt;a href='#' class='expandall'&gt;Expand All&lt;/a&gt;&lt;/li&gt;&lt;li&gt;&lt;a href='#' class='collapseall'&gt;Collapse All&lt;/a&gt;&lt;/li&gt;&lt;/ul&gt;
	&lt;p class="title"&gt;Included page: &lt;a href="FitNesse.SuiteAcceptanceTests.SuiteWikiImportTests.ScenarioLibrary"&gt;.FitNesse.SuiteAcceptanceTests.SuiteWikiImportTests.ScenarioLibrary&lt;/a&gt; &lt;a href="FitNesse.SuiteAcceptanceTests.SuiteWikiImportTests.ScenarioLibrary?edit&amp;amp;redirectToReferer=true&amp;amp;redirectAction=" class="edit"&gt;(edit)&lt;/a&gt;&lt;/p&gt;
	&lt;div&gt;&lt;table&gt;
	&lt;tr&gt;
		&lt;td&gt;scenario&lt;/td&gt;
		&lt;td&gt;given editable page&lt;/td&gt;
		&lt;td colspan="2"&gt;page&lt;/td&gt;
	&lt;/tr&gt;
	&lt;tr&gt;
		&lt;td&gt;create page&lt;/td&gt;
		&lt;td&gt;@page&lt;/td&gt;
		&lt;td&gt;with authentication&lt;/td&gt;
		&lt;td&gt;Edit&lt;/td&gt;
	&lt;/tr&gt;
	&lt;tr&gt;
		&lt;td&gt;$IT=&lt;/td&gt;
		&lt;td&gt;echo&lt;/td&gt;
		&lt;td colspan="2"&gt;@page&lt;/td&gt;
	&lt;/tr&gt;
&lt;/table&gt;
&lt;br/&gt;&lt;table&gt;
	&lt;tr&gt;
		&lt;td&gt;scenario&lt;/td&gt;
		&lt;td&gt;import&lt;/td&gt;
		&lt;td&gt;importedPage&lt;/td&gt;
		&lt;td&gt;into&lt;/td&gt;
		&lt;td&gt;importingPage&lt;/td&gt;
	&lt;/tr&gt;
	&lt;tr&gt;
		&lt;td&gt;check&lt;/td&gt;
		&lt;td&gt;request page&lt;/td&gt;
		&lt;td&gt;@importingPage?responder=import&amp;amp;remoteUrl=http://localhost:9123/@importedPage&lt;/td&gt;
		&lt;td colspan="2"&gt;200&lt;/td&gt;
	&lt;/tr&gt;
&lt;/table&gt;
&lt;br/&gt;&lt;table&gt;
	&lt;tr&gt;
		&lt;td&gt;scenario&lt;/td&gt;
		&lt;td&gt;Water mark and edit buttons should be on page&lt;/td&gt;
		&lt;td colspan="2"&gt;page&lt;/td&gt;
	&lt;/tr&gt;
	&lt;tr&gt;
		&lt;td&gt;check&lt;/td&gt;
		&lt;td&gt;request page&lt;/td&gt;
		&lt;td&gt;@page?properties&lt;/td&gt;
		&lt;td&gt;200&lt;/td&gt;
	&lt;/tr&gt;
	&lt;tr&gt;
		&lt;td&gt;show&lt;/td&gt;
		&lt;td colspan="3"&gt;content&lt;/td&gt;
	&lt;/tr&gt;
	&lt;tr&gt;
		&lt;td&gt;check&lt;/td&gt;
		&lt;td&gt;request page&lt;/td&gt;
		&lt;td&gt;@page&lt;/td&gt;
		&lt;td&gt;200&lt;/td&gt;
	&lt;/tr&gt;
	&lt;tr&gt;
		&lt;td&gt;show&lt;/td&gt;
		&lt;td colspan="3"&gt;content&lt;/td&gt;
	&lt;/tr&gt;
	&lt;tr&gt;
		&lt;td&gt;ensure&lt;/td&gt;
		&lt;td&gt;content matches&lt;/td&gt;
		&lt;td colspan="2"&gt;&amp;lt;body class="imported"&amp;gt;&lt;/td&gt;
	&lt;/tr&gt;
	&lt;tr&gt;
		&lt;td&gt;ensure&lt;/td&gt;
		&lt;td&gt;content matches&lt;/td&gt;
		&lt;td colspan="2"&gt;Edit Locally&lt;/td&gt;
	&lt;/tr&gt;
	&lt;tr&gt;
		&lt;td&gt;ensure&lt;/td&gt;
		&lt;td&gt;content matches&lt;/td&gt;
		&lt;td colspan="2"&gt;Edit Remotely&lt;/td&gt;
	&lt;/tr&gt;
&lt;/table&gt;
&lt;br/&gt;&lt;table&gt;
	&lt;tr&gt;
		&lt;td&gt;scenario&lt;/td&gt;
		&lt;td&gt;Water mark and edit buttons should not be on page&lt;/td&gt;
		&lt;td colspan="2"&gt;page&lt;/td&gt;
	&lt;/tr&gt;
	&lt;tr&gt;
		&lt;td&gt;check&lt;/td&gt;
		&lt;td&gt;request page&lt;/td&gt;
		&lt;td&gt;@page&lt;/td&gt;
		&lt;td&gt;200&lt;/td&gt;
	&lt;/tr&gt;
	&lt;tr&gt;
		&lt;td&gt;reject&lt;/td&gt;
		&lt;td&gt;content matches&lt;/td&gt;
		&lt;td colspan="2"&gt;&amp;lt;body class="imported"&amp;gt;&lt;/td&gt;
	&lt;/tr&gt;
	&lt;tr&gt;
		&lt;td&gt;reject&lt;/td&gt;
		&lt;td&gt;content matches&lt;/td&gt;
		&lt;td colspan="2"&gt;Edit Locally&lt;/td&gt;
	&lt;/tr&gt;
	&lt;tr&gt;
		&lt;td&gt;reject&lt;/td&gt;
		&lt;td&gt;content matches&lt;/td&gt;
		&lt;td colspan="2"&gt;Edit Remotely&lt;/td&gt;
	&lt;/tr&gt;
&lt;/table&gt;
&lt;/div&gt;
&lt;/div&gt;
&lt;/div&gt;
&lt;/div&gt;
&lt;div class="collapsible closed"&gt;&lt;ul&gt;&lt;li&gt;&lt;a href='#' class='expandall'&gt;Expand All&lt;/a&gt;&lt;/li&gt;&lt;li&gt;&lt;a href='#' class='collapseall'&gt;Collapse All&lt;/a&gt;&lt;/li&gt;&lt;/ul&gt;
	&lt;p class="title"&gt;Included page: &lt;a href="FitNesse.SuiteAcceptanceTests.SuiteWikiImportTests.SetUp"&gt;.FitNesse.SuiteAcceptanceTests.SuiteWikiImportTests.SetUp&lt;/a&gt; &lt;a href="FitNesse.SuiteAcceptanceTests.SuiteWikiImportTests.SetUp?edit&amp;amp;redirectToReferer=true&amp;amp;redirectAction=" class="edit"&gt;(edit)&lt;/a&gt;&lt;/p&gt;
	&lt;div&gt;&lt;div class="collapsible"&gt;&lt;ul&gt;&lt;li&gt;&lt;a href='#' class='expandall'&gt;Expand All&lt;/a&gt;&lt;/li&gt;&lt;li&gt;&lt;a href='#' class='collapseall'&gt;Collapse All&lt;/a&gt;&lt;/li&gt;&lt;/ul&gt;
	&lt;p class="title"&gt;Included page: &lt;a href="FitNesse.SuiteAcceptanceTests.SetUp"&gt;&amp;lt;SuiteAcceptanceTests.SetUp&lt;/a&gt; &lt;a href="FitNesse.SuiteAcceptanceTests.SetUp?edit&amp;amp;redirectToReferer=true&amp;amp;redirectAction=" class="edit"&gt;(edit)&lt;/a&gt;&lt;/p&gt;
	&lt;div&gt;&lt;table&gt;
	&lt;tr&gt;
		&lt;td&gt;Import&lt;/td&gt;
	&lt;/tr&gt;
	&lt;tr&gt;
		&lt;td&gt;&lt;span class="pass"&gt;fitnesse.fixtures&lt;/span&gt;&lt;/td&gt;
	&lt;/tr&gt;
&lt;/table&gt;
&lt;br/&gt;&lt;table&gt;
	&lt;tr&gt;
		&lt;td&gt;&lt;span class="pass"&gt;SetUp&lt;/span&gt;&lt;/td&gt;
	&lt;/tr&gt;
&lt;/table&gt;
&lt;/div&gt;
&lt;/div&gt;
&lt;br/&gt;&lt;table&gt;
	&lt;tr&gt;
		&lt;td&gt;Library&lt;/td&gt;
	&lt;/tr&gt;
	&lt;tr&gt;
		&lt;td&gt;&lt;span class="pass"&gt;page driver&lt;/span&gt;&lt;/td&gt;
	&lt;/tr&gt;
	&lt;tr&gt;
		&lt;td&gt;&lt;span class="pass"&gt;echo fixture&lt;/span&gt;&lt;/td&gt;
	&lt;/tr&gt;
&lt;/table&gt;
&lt;br/&gt;&lt;br/&gt;&lt;table&gt;
	&lt;tr&gt;
		&lt;td colspan="3"&gt;&lt;span class="pass"&gt;Page creator.&lt;/span&gt;&lt;/td&gt;
	&lt;/tr&gt;
	&lt;tr&gt;
		&lt;td&gt;Page name.&lt;/td&gt;
		&lt;td&gt;Page contents.&lt;/td&gt;
		&lt;td&gt;valid?&lt;/td&gt;
	&lt;/tr&gt;
	&lt;tr&gt;
		&lt;td&gt;SampleWiki&lt;/td&gt;
		&lt;td&gt;!contents&lt;/td&gt;
		&lt;td&gt;&lt;span class="pass"&gt;true&lt;/span&gt;&lt;/td&gt;
	&lt;/tr&gt;
	&lt;tr&gt;
		&lt;td&gt;SampleWiki.ChildPageOne&lt;/td&gt;
		&lt;td&gt;child page&lt;/td&gt;
		&lt;td&gt;&lt;span class="pass"&gt;true&lt;/span&gt;&lt;/td&gt;
	&lt;/tr&gt;
	&lt;tr&gt;
		&lt;td&gt;SampleWiki.ChildPageOne.GrandChildPageOne&lt;/td&gt;
		&lt;td&gt;grand child page&lt;/td&gt;
		&lt;td&gt;&lt;span class="pass"&gt;true&lt;/span&gt;&lt;/td&gt;
	&lt;/tr&gt;
	&lt;tr&gt;
		&lt;td&gt;SampleWiki.ChildPageOne.GrandChildPageOne.GreatGrandChildPageOne&lt;/td&gt;
		&lt;td&gt;great grand child page&lt;/td&gt;
		&lt;td&gt;&lt;span class="pass"&gt;true&lt;/span&gt;&lt;/td&gt;
	&lt;/tr&gt;
	&lt;tr&gt;
		&lt;td&gt;SampleWiki.ChildPageTwo&lt;/td&gt;
		&lt;td&gt;child page&lt;/td&gt;
		&lt;td&gt;&lt;span class="pass"&gt;true&lt;/span&gt;&lt;/td&gt;
	&lt;/tr&gt;
	&lt;tr&gt;
		&lt;td&gt;SampleWiki.ChildPageTwo.GrandChildPageTwo&lt;/td&gt;
		&lt;td&gt;grand child page&lt;/td&gt;
		&lt;td&gt;&lt;span class="pass"&gt;true&lt;/span&gt;&lt;/td&gt;
	&lt;/tr&gt;
	&lt;tr&gt;
		&lt;td&gt;SampleWiki.ChildPageThree&lt;/td&gt;
		&lt;td&gt;child page&lt;/td&gt;
		&lt;td&gt;&lt;span class="pass"&gt;true&lt;/span&gt;&lt;/td&gt;
	&lt;/tr&gt;
	&lt;tr&gt;
		&lt;td&gt;SampleWiki.ChildWithUnicode&lt;/td&gt;
		&lt;td&gt;Here are some characters that make use of the unicode character set.  They were gathered from wikipedia.
japanese: メインページ
icelandic: Forsíða
ukranian: Головна стаття
thai: หน้าหลัก
greek: Κύρια Σελίδα
arabic: الصفحة الرئيسية&lt;/td&gt;
		&lt;td&gt;&lt;span class="pass"&gt;true&lt;/span&gt;&lt;/td&gt;
	&lt;/tr&gt;
&lt;/table&gt;
&lt;/div&gt;
&lt;/div&gt;
&lt;br/&gt;&lt;center&gt;&lt;h3&gt;Importing pages can be configured to automatically update upon test.&lt;/h3&gt;
&lt;/center&gt;
&lt;br/&gt;Create a page tree to be imported.&lt;br/&gt;&lt;table&gt;
	&lt;tr&gt;
		&lt;td colspan="3"&gt;&lt;span class="pass"&gt;Page creator.&lt;/span&gt;&lt;/td&gt;
	&lt;/tr&gt;
	&lt;tr&gt;
		&lt;td&gt;Page name.&lt;/td&gt;
		&lt;td&gt;Page contents.&lt;/td&gt;
		&lt;td&gt;valid?&lt;/td&gt;
	&lt;/tr&gt;
	&lt;tr&gt;
		&lt;td&gt;ImportedRoot&lt;/td&gt;
		&lt;td&gt;!contents&lt;/td&gt;
		&lt;td&gt;&lt;span class="pass"&gt;true&lt;/span&gt;&lt;/td&gt;
	&lt;/tr&gt;
	&lt;tr&gt;
		&lt;td&gt;ImportedRoot.PageOne&lt;/td&gt;
		&lt;td&gt;page one&lt;/td&gt;
		&lt;td&gt;&lt;span class="pass"&gt;true&lt;/span&gt;&lt;/td&gt;
	&lt;/tr&gt;
	&lt;tr&gt;
		&lt;td&gt;ImportedRoot.PageOne.ChildOne&lt;/td&gt;
		&lt;td&gt;child one&lt;/td&gt;
		&lt;td&gt;&lt;span class="pass"&gt;true&lt;/span&gt;&lt;/td&gt;
	&lt;/tr&gt;
	&lt;tr&gt;
		&lt;td&gt;ImportedRoot.PageTwo&lt;/td&gt;
		&lt;td&gt;page two&lt;/td&gt;
		&lt;td&gt;&lt;span class="pass"&gt;true&lt;/span&gt;&lt;/td&gt;
	&lt;/tr&gt;
&lt;/table&gt;
&lt;br/&gt;Create an importing page.&lt;br/&gt;&lt;table&gt;
	&lt;tr&gt;
		&lt;td colspan="3"&gt;&lt;span class="pass"&gt;Page creator.&lt;/span&gt;&lt;/td&gt;
	&lt;/tr&gt;
	&lt;tr&gt;
		&lt;td&gt;Page name.&lt;/td&gt;
		&lt;td&gt;Page contents.&lt;/td&gt;
		&lt;td&gt;valid?&lt;/td&gt;
	&lt;/tr&gt;
	&lt;tr&gt;
		&lt;td&gt;ImportingPage&lt;/td&gt;
		&lt;td&gt;!contents&lt;/td&gt;
		&lt;td&gt;&lt;span class="pass"&gt;true&lt;/span&gt;&lt;/td&gt;
	&lt;/tr&gt;
&lt;/table&gt;
&lt;br/&gt;This ImportingPage will now import the ImportingRoot page created above.&lt;br/&gt;&lt;b&gt;Auto Update is turned one&lt;/b&gt;&lt;br/&gt;&lt;table&gt;
	&lt;tr&gt;
		&lt;td colspan="2"&gt;&lt;span class="pass"&gt;Response Requester.&lt;/span&gt;&lt;/td&gt;
	&lt;/tr&gt;
	&lt;tr&gt;
		&lt;td&gt;uri&lt;/td&gt;
		&lt;td&gt;valid?&lt;/td&gt;
	&lt;/tr&gt;
	&lt;tr&gt;
		&lt;td&gt;ImportingPage?responder=import&amp;autoUpdate=0&amp;remoteUrl=http://localhost:9123/ImportedRoot&amp;nochunk=true&lt;/td&gt;
		&lt;td&gt;&lt;span class="pass"&gt;true&lt;/span&gt;&lt;/td&gt;
	&lt;/tr&gt;
&lt;/table&gt;
&lt;br/&gt;We see all 3 pages imported.&lt;br/&gt;&lt;table&gt;
	&lt;tr&gt;
		&lt;td colspan="3"&gt;&lt;span class="pass"&gt;Response Examiner&lt;/span&gt;&lt;/td&gt;
	&lt;/tr&gt;
	&lt;tr&gt;
		&lt;td&gt;type&lt;/td&gt;
		&lt;td&gt;pattern&lt;/td&gt;
		&lt;td&gt;matches?&lt;/td&gt;
	&lt;/tr&gt;
	&lt;tr&gt;
		&lt;td&gt;contents&lt;/td&gt;
		&lt;td&gt;3 pages were imported&lt;/td&gt;
		&lt;td&gt;&lt;span class="pass"&gt;true&lt;/span&gt;&lt;/td&gt;
	&lt;/tr&gt;
&lt;/table&gt;
&lt;br/&gt;Sleep a bit so that the last modification time actually changes.&lt;br/&gt;&lt;table&gt;
	&lt;tr&gt;
		&lt;td&gt;&lt;span class="pass"&gt;Sleep&lt;/span&gt;&lt;/td&gt;
		&lt;td&gt;1000&lt;/td&gt;
	&lt;/tr&gt;
&lt;/table&gt;
&lt;br/&gt;Change one of the imported pages.&lt;br/&gt;&lt;table&gt;
	&lt;tr&gt;
		&lt;td colspan="3"&gt;&lt;span class="pass"&gt;Save Page Requester&lt;/span&gt;&lt;/td&gt;
	&lt;/tr&gt;
	&lt;tr&gt;
		&lt;td&gt;uri&lt;/td&gt;
		&lt;td&gt;save contents&lt;/td&gt;
		&lt;td&gt;status!&lt;/td&gt;
	&lt;/tr&gt;
	&lt;tr&gt;
		&lt;td&gt;ImportedRoot.PageOne?edit&lt;/td&gt;
		&lt;td&gt;Some ultra fresh content&lt;/td&gt;
		&lt;td&gt;&lt;span class="pass"&gt;303&lt;/span&gt;&lt;/td&gt;
	&lt;/tr&gt;
&lt;/table&gt;
&lt;br/&gt;Now lets run the Suite.&lt;br/&gt;&lt;table&gt;
	&lt;tr&gt;
		&lt;td colspan="2"&gt;&lt;span class="pass"&gt;Response Requester.&lt;/span&gt;&lt;/td&gt;
	&lt;/tr&gt;
	&lt;tr&gt;
		&lt;td&gt;uri&lt;/td&gt;
		&lt;td&gt;valid?&lt;/td&gt;
	&lt;/tr&gt;
	&lt;tr&gt;
		&lt;td&gt;ImportingPage?suite&lt;/td&gt;
		&lt;td&gt;&lt;span class="pass"&gt;true&lt;/span&gt;&lt;/td&gt;
	&lt;/tr&gt;
&lt;/table&gt;
&lt;br/&gt;An import message is displayed in the test output.&lt;br/&gt;&lt;table&gt;
	&lt;tr&gt;
		&lt;td colspan="4"&gt;&lt;span class="pass"&gt;Response Examiner&lt;/span&gt;&lt;/td&gt;
	&lt;/tr&gt;
	&lt;tr&gt;
		&lt;td&gt;type&lt;/td&gt;
		&lt;td&gt;pattern&lt;/td&gt;
		&lt;td&gt;matches?&lt;/td&gt;
		&lt;td&gt;contents?&lt;/td&gt;
	&lt;/tr&gt;
	&lt;tr&gt;
		&lt;td&gt;contents&lt;/td&gt;
		&lt;td&gt;Updating imported content...&lt;/td&gt;
		&lt;td&gt;&lt;span class="pass"&gt;true&lt;/span&gt;&lt;/td&gt;
		&lt;td&gt; &lt;span class="ignore"&gt;HTTP/1.1 200 OK
Transfer-Encoding: chunked
Content-Type: text/html; charset=utf-8

6f
&amp;amp;lt;!DOCTYPE html&amp;amp;gt;
&amp;amp;lt;html&amp;amp;gt;
 &amp;amp;lt;head&amp;amp;gt;
  &amp;amp;lt;meta http-equiv="Content-Type" content="text/html; charset=utf-8"/&amp;amp;gt;
  &amp;amp;lt;title&amp;amp;gt;
1c
Suite Results: ImportingPage
b
&amp;amp;lt;/title&amp;amp;gt;
  
12b
  &amp;amp;lt;!--[if lt IE 9]&amp;amp;gt;
   &amp;amp;lt;script&amp;amp;gt;
    document.createElement('header');
    document.createElement('nav');
    document.createElement('section');
    document.createElement('article');
    document.createElement('footer');
   &amp;amp;lt;/script&amp;amp;gt;
  &amp;amp;lt;![endif]--&amp;amp;gt;
  
  &amp;amp;lt;link rel="stylesheet" type="text/css" href="
1
/
58
files/fitnesse/css/fitnesse_wiki.css" /&amp;amp;gt;
  &amp;amp;lt;link rel="stylesheet" type="text/css" href="
1
/
59
files/fitnesse/css/fitnesse_pages.css" /&amp;amp;gt;
  &amp;amp;lt;link rel="stylesheet" type="text/css" href="
1
/
13
files/fitnesse/css/
11
fitnesse_straight
38
.css" /&amp;amp;gt;
  &amp;amp;lt;link rel="stylesheet" type="text/css" href="
1
/
64
files/fitnesse/wysiwyg/wysiwyg.css" media="screen"/&amp;amp;gt;
  &amp;amp;lt;link rel="stylesheet" type="text/css" href="
1
/
54
files/fitnesse/question.mark/question.mark.css" /&amp;amp;gt;
  &amp;amp;lt;link rel="wysiwyg.base" href="
1
/
3c
" /&amp;amp;gt;
  &amp;amp;lt;link rel="wysiwyg.stylesheet" type="text/css" href="
1
/
6a
files/fitnesse/css/fitnesse.css" media="screen" /&amp;amp;gt;
  &amp;amp;lt;link rel="wysiwyg.stylesheet" type="text/css" href="
1
/
68
files/fitnesse/wysiwyg/editor.css" media="screen" /&amp;amp;gt;
  &amp;amp;lt;link rel="shortcut icon" type="image/png" href="
1
/
35
files/fitnesse/images/favicon.png" /&amp;amp;gt;
  &amp;amp;lt;script src="
1
/
5f
files/fitnesse/javascript/jquery-1.7.2.min.js" type="text/javascript"&amp;amp;gt;&amp;amp;lt;/script&amp;amp;gt;
  &amp;amp;lt;script src="
1
/
57
files/fitnesse/javascript/fitnesse.js" type="text/javascript"&amp;amp;gt;&amp;amp;lt;/script&amp;amp;gt;
  &amp;amp;lt;script src="
1
/
1a
files/fitnesse/javascript/
11
fitnesse_straight
35
.js" type="text/javascript"&amp;amp;gt;&amp;amp;lt;/script&amp;amp;gt;
 &amp;amp;lt;/head&amp;amp;gt;
 &amp;amp;lt;body
8
 class="
9
suitePage
1
"
11
&amp;amp;gt;

  &amp;amp;lt;header&amp;amp;gt;
   
9
&amp;amp;lt;a href="
1
/
3a
FrontPage" id="art_niche"&amp;amp;gt;&amp;amp;lt;span&amp;amp;gt;FitNesse&amp;amp;lt;/span&amp;amp;gt;&amp;amp;lt;/a&amp;amp;gt;

&amp;amp;lt;ul&amp;amp;gt;

a
&amp;amp;lt;/ul&amp;amp;gt;
&amp;amp;lt;h1&amp;amp;gt;
9
&amp;amp;lt;a href="
1
/
d
ImportingPage
2
"&amp;amp;gt;
d
ImportingPage
4
&amp;amp;lt;/a&amp;amp;gt;
7
&amp;amp;lt;/h1&amp;amp;gt;


1


1


11
  &amp;amp;lt;/header&amp;amp;gt;
  
  
3
   
127
&amp;amp;lt;div id="error-nav" class="hidden"&amp;amp;gt;
  &amp;amp;lt;p id="error-nav-label"&amp;amp;gt;Failure Navigator&amp;amp;lt;/p&amp;amp;gt;
  &amp;amp;lt;div id="error-nav-controls"&amp;amp;gt;
  &amp;amp;lt;button id="error-nav-prev"&amp;amp;gt;&amp;amp;lt;&amp;amp;lt;/button&amp;amp;gt;
  &amp;amp;lt;input id="error-nav-text" type="text"&amp;amp;gt;
   of &amp;amp;lt;span id="error-nav-max"&amp;amp;gt;&amp;amp;lt;/span&amp;amp;gt;
  &amp;amp;lt;button id="error-nav-next"&amp;amp;gt;&amp;amp;gt;&amp;amp;lt;/button&amp;amp;gt;
  &amp;amp;lt;/div&amp;amp;gt;
&amp;amp;lt;/div&amp;amp;gt;

2
  
e
  
  &amp;amp;lt;nav&amp;amp;gt;
   
24
&amp;amp;lt;ul&amp;amp;gt;&amp;amp;lt;li id="test-action"&amp;amp;gt;&amp;amp;lt;/li&amp;amp;gt;&amp;amp;lt;/ul&amp;amp;gt;

15
&amp;amp;lt;div class="hidden"&amp;amp;gt;

6
&amp;amp;lt;ul&amp;amp;gt;
 
1
 
1
 
e
 &amp;amp;lt;li&amp;amp;gt;&amp;amp;lt;a href="
d
ImportingPage
24
?edit" accesskey="e"&amp;amp;gt;Edit&amp;amp;lt;/a&amp;amp;gt;&amp;amp;lt;/li&amp;amp;gt;
 
1
 
1
 
2

 
2c
 &amp;amp;lt;li id="add" aria-haspopup="true"&amp;amp;gt;&amp;amp;lt;a href="
d
ImportingPage
26
?new" class="label"&amp;amp;gt;Add&amp;amp;lt;/a&amp;amp;gt;
  &amp;amp;lt;ul&amp;amp;gt;
   
10
  &amp;amp;lt;/ul&amp;amp;gt;
 &amp;amp;lt;/li&amp;amp;gt;
 
30
 
 &amp;amp;lt;li id="tools" aria-haspopup="true"&amp;amp;gt;&amp;amp;lt;a href="
1d
#" class="label"&amp;amp;gt;Tools&amp;amp;lt;/a&amp;amp;gt;
  
2
  
9
  &amp;amp;lt;ul&amp;amp;gt;
  
6
   &amp;amp;lt;li
a
&amp;amp;gt;&amp;amp;lt;a href="
d
ImportingPage
31
?properties" accesskey="p"&amp;amp;gt;Properties&amp;amp;lt;/a&amp;amp;gt;&amp;amp;lt;/li&amp;amp;gt;
  
2
  
6
   &amp;amp;lt;li
a
&amp;amp;gt;&amp;amp;lt;a href="
d
ImportingPage
30
?whereUsed" accesskey="w"&amp;amp;gt;Where Used&amp;amp;lt;/a&amp;amp;gt;&amp;amp;lt;/li&amp;amp;gt;
  
2
  
6
   &amp;amp;lt;li
a
&amp;amp;gt;&amp;amp;lt;a href="
d
ImportingPage
2d
?versions" accesskey="v"&amp;amp;gt;Versions&amp;amp;lt;/a&amp;amp;gt;&amp;amp;lt;/li&amp;amp;gt;
  
5
  
  
6
   &amp;amp;lt;li
10
 class="divider"
a
&amp;amp;gt;&amp;amp;lt;a href="
d
ImportingPage
3b
?refactor&amp;amp;amp;amp;type=rename"&amp;amp;gt;Rename&amp;amp;lt;/a&amp;amp;gt;&amp;amp;lt;/li&amp;amp;gt;
   &amp;amp;lt;li&amp;amp;gt;&amp;amp;lt;a href="
d
ImportingPage
37
?refactor&amp;amp;amp;amp;type=move"&amp;amp;gt;Move&amp;amp;lt;/a&amp;amp;gt;&amp;amp;lt;/li&amp;amp;gt;
   &amp;amp;lt;li&amp;amp;gt;&amp;amp;lt;a href="
d
ImportingPage
3d
?refactor&amp;amp;amp;amp;type=replace"&amp;amp;gt;Replace&amp;amp;lt;/a&amp;amp;gt;&amp;amp;lt;/li&amp;amp;gt;
   &amp;amp;lt;li&amp;amp;gt;&amp;amp;lt;a href="
d
ImportingPage
1f
?deletePage"&amp;amp;gt;Delete&amp;amp;lt;/a&amp;amp;gt;&amp;amp;lt;/li&amp;amp;gt;
  
2
  
7
   &amp;amp;lt;li 
10
 class="divider"
a
&amp;amp;gt;&amp;amp;lt;a href="
1
/
26
files" accesskey="f"&amp;amp;gt;Files&amp;amp;lt;/a&amp;amp;gt;&amp;amp;lt;/li&amp;amp;gt;
  
2
  
6
   &amp;amp;lt;li
37
&amp;amp;gt;&amp;amp;lt;a href="?searchForm" accesskey="s"&amp;amp;gt;Search&amp;amp;lt;/a&amp;amp;gt;&amp;amp;lt;/li&amp;amp;gt;
  
2
  
6
   &amp;amp;lt;li
a
&amp;amp;gt;&amp;amp;lt;a href="
1
/
36
RecentChanges" accesskey=""&amp;amp;gt;Recent Changes&amp;amp;lt;/a&amp;amp;gt;&amp;amp;lt;/li&amp;amp;gt;
  
3

  
2
  
2
  
3

  
6
   &amp;amp;lt;li
10
 class="divider"
a
&amp;amp;gt;&amp;amp;lt;a href="
1
/
37
FitNesse.UserGuide" accesskey=""&amp;amp;gt;User Guide&amp;amp;lt;/a&amp;amp;gt;&amp;amp;lt;/li&amp;amp;gt;
  
15
  &amp;amp;lt;/ul&amp;amp;gt;
 &amp;amp;lt;/li&amp;amp;gt;
&amp;amp;lt;/ul&amp;amp;gt;

2e
&amp;amp;lt;/div&amp;amp;gt;
&amp;amp;lt;script type="text/javascript"&amp;amp;gt;//&amp;amp;lt;!--
 
12
$(function() {
   
22
$('nav &amp;amp;gt; div &amp;amp;gt; ul &amp;amp;gt; li').appendTo(
23
$('nav &amp;amp;gt; ul'));
 });
//--&amp;amp;gt;&amp;amp;lt;/script&amp;amp;gt;
1b
  &amp;amp;lt;/nav&amp;amp;gt;
  
  &amp;amp;lt;article&amp;amp;gt;
   
78
&amp;amp;lt;script type="text/javascript"&amp;amp;gt;
  window.onbeforeunload = function () {
    var stoptestDiv = document.querySelector("li
5
#test
fa
-action a.stop");

    if (stoptestDiv){
      return "There is a test or suite currently running.  Are you sure you want to navigate away from this page?";
    }
  }
&amp;amp;lt;/script&amp;amp;gt;

&amp;amp;lt;div id="test-summary"&amp;amp;gt;Running Tests ...&amp;amp;lt;/div&amp;amp;gt;

&amp;amp;lt;div id="test-action"&amp;amp;gt;
 
3e
&amp;amp;lt;/div&amp;amp;gt;

&amp;amp;lt;div id="test-summaries"&amp;amp;gt;
  &amp;amp;lt;h2&amp;amp;gt;Test Summaries&amp;amp;lt;/h2&amp;amp;gt;
  
8
&amp;amp;lt;/div&amp;amp;gt;


49
&amp;amp;lt;span class="meta"&amp;amp;gt;Updating imported content...&amp;amp;lt;/span&amp;amp;gt;&amp;amp;lt;span class="meta"&amp;amp;gt;
6
 Done.
7
&amp;amp;lt;/span&amp;amp;gt;
af
&amp;amp;lt;script&amp;amp;gt;document.getElementById("test-action").innerHTML = "&amp;amp;lt;a href=\"#\" onclick=\"doSilentRequest('?responder=stoptest&amp;amp;amp;id=1')\" class=\"stop\"&amp;amp;gt;Stop Test&amp;amp;lt;/a&amp;amp;gt;\r\n";&amp;amp;lt;/script&amp;amp;gt;

49
&amp;amp;lt;script&amp;amp;gt;document.getElementById("test-action").innerHTML = "";&amp;amp;lt;/script&amp;amp;gt;

93
&amp;amp;lt;script&amp;amp;gt;document.getElementById("test-action").innerHTML = "&amp;amp;lt;a href=\"ErrorLogs.ImportingPage\" class=\"ok\"&amp;amp;gt;Tests Executed OK&amp;amp;lt;/a&amp;amp;gt;\r\n";&amp;amp;lt;/script&amp;amp;gt;

141
&amp;amp;lt;script&amp;amp;gt;document.getElementById("test-summary").innerHTML = "&amp;amp;lt;strong&amp;amp;gt;Test Pages:&amp;amp;lt;/strong&amp;amp;gt; 0 right, 0 wrong, 0 ignored, 0 exceptions&amp;amp;amp;nbsp;&amp;amp;amp;nbsp;&amp;amp;amp;nbsp;&amp;amp;amp;nbsp;&amp;amp;amp;nbsp;&amp;amp;lt;strong&amp;amp;gt;Assertions:&amp;amp;lt;/strong&amp;amp;gt; 0 right, 0 wrong, 0 ignored, 0 exceptions (0.043 seconds)";document.getElementById("test-summary").className = "ignore";&amp;amp;lt;/script&amp;amp;gt;

1


12
  &amp;amp;lt;/article&amp;amp;gt;
  
  
e
  &amp;amp;lt;footer&amp;amp;gt;
   
e
  &amp;amp;lt;/footer&amp;amp;gt;
  
12

 &amp;amp;lt;/body&amp;amp;gt;
&amp;amp;lt;/html&amp;amp;gt;

0
Exit-Code: 0

&lt;/span&gt;&lt;/td&gt;
	&lt;/tr&gt;
&lt;/table&gt;
&lt;br/&gt;Looking at the imported copy of the modified page will reveal that it was indeed updated.&lt;br/&gt;&lt;table&gt;
	&lt;tr&gt;
		&lt;td colspan="2"&gt;&lt;span class="pass"&gt;Response Requester.&lt;/span&gt;&lt;/td&gt;
	&lt;/tr&gt;
	&lt;tr&gt;
		&lt;td&gt;uri&lt;/td&gt;
		&lt;td&gt;valid?&lt;/td&gt;
	&lt;/tr&gt;
	&lt;tr&gt;
		&lt;td&gt;ImportingPage.PageOne&lt;/td&gt;
		&lt;td&gt;&lt;span class="pass"&gt;true&lt;/span&gt;&lt;/td&gt;
	&lt;/tr&gt;
&lt;/table&gt;
&lt;br/&gt;&lt;table&gt;
	&lt;tr&gt;
		&lt;td colspan="3"&gt;&lt;span class="pass"&gt;Response Examiner&lt;/span&gt;&lt;/td&gt;
	&lt;/tr&gt;
	&lt;tr&gt;
		&lt;td&gt;type&lt;/td&gt;
		&lt;td&gt;pattern&lt;/td&gt;
		&lt;td&gt;matches?&lt;/td&gt;
	&lt;/tr&gt;
	&lt;tr&gt;
		&lt;td&gt;contents&lt;/td&gt;
		&lt;td&gt;Some ultra fresh content&lt;/td&gt;
		&lt;td&gt;&lt;span class="pass"&gt;true&lt;/span&gt;&lt;/td&gt;
	&lt;/tr&gt;
&lt;/table&gt;
&lt;div class="collapsible closed"&gt;&lt;ul&gt;&lt;li&gt;&lt;a href='#' class='expandall'&gt;Expand All&lt;/a&gt;&lt;/li&gt;&lt;li&gt;&lt;a href='#' class='collapseall'&gt;Collapse All&lt;/a&gt;&lt;/li&gt;&lt;/ul&gt;
	&lt;p class="title"&gt;Included page: &lt;a href="FitNesse.SuiteAcceptanceTests.TearDown"&gt;.FitNesse.SuiteAcceptanceTests.TearDown&lt;/a&gt; &lt;a href="FitNesse.SuiteAcceptanceTests.TearDown?edit&amp;amp;redirectToReferer=true&amp;amp;redirectAction=" class="edit"&gt;(edit)&lt;/a&gt;&lt;/p&gt;
	&lt;div&gt;&lt;hr/&gt;
&lt;br/&gt;&lt;table&gt;
	&lt;tr&gt;
		&lt;td&gt;&lt;span class="pass"&gt;tear down&lt;/span&gt;&lt;/td&gt;
	&lt;/tr&gt;
&lt;/table&gt;
&lt;br/&gt;&lt;/div&gt;
&lt;/div&gt;
</content>
    <relativePageName>TestAutomaticUpdate</relativePageName>
    
    
    
    <instructions>
            <instructionResult>
        <instruction>{id='import_29_0', instruction='import', path='fitnesse.fixtures'}</instruction>
        <slimResult>pass(fitnesse.fixtures)</slimResult>
                <expectation>
                    <status>pass</status>
                    <instructionId>import_29_0</instructionId>
                    <col>0</col>
                              <row>1</row>
                    <type>ImportExpectation</type>
                                        <evaluationMessage>fitnesse.fixtures</evaluationMessage>
                  </expectation>
        
      </instructionResult>
            <instructionResult>
        <instruction>{id='decisionTable_30_0', instruction='make', instanceName='decisionTable_30', className='SetUp', args=[]}</instruction>
        <slimResult>pass(SetUp)</slimResult>
                <expectation>
                    <status>pass</status>
                    <instructionId>decisionTable_30_0</instructionId>
                    <col>0</col>
                              <row>0</row>
                    <type>ConstructionExpectation</type>
                                        <evaluationMessage>SetUp</evaluationMessage>
                  </expectation>
        
      </instructionResult>
            <instructionResult>
        <instruction>{id='library_31_0', instruction='make', instanceName='library1', className='PageDriver', args=[]}</instruction>
        <slimResult>pass(page driver)</slimResult>
                <expectation>
                    <status>pass</status>
                    <instructionId>library_31_0</instructionId>
                    <col>0</col>
                              <row>1</row>
                    <type>ConstructionExpectation</type>
                                        <evaluationMessage>page driver</evaluationMessage>
                  </expectation>
        
      </instructionResult>
            <instructionResult>
        <instruction>{id='library_31_1', instruction='make', instanceName='library2', className='EchoFixture', args=[]}</instruction>
        <slimResult>pass(echo fixture)</slimResult>
                <expectation>
                    <status>pass</status>
                    <instructionId>library_31_1</instructionId>
                    <col>0</col>
                              <row>2</row>
                    <type>ConstructionExpectation</type>
                                        <evaluationMessage>echo fixture</evaluationMessage>
                  </expectation>
        
      </instructionResult>
            <instructionResult>
        <instruction>{id='decisionTable_32_0', instruction='make', instanceName='decisionTable_32', className='PageCreator', args=[]}</instruction>
        <slimResult>pass(Page creator.)</slimResult>
                <expectation>
                    <status>pass</status>
                    <instructionId>decisionTable_32_0</instructionId>
                    <col>0</col>
                              <row>0</row>
                    <type>ConstructionExpectation</type>
                                        <evaluationMessage>Page creator.</evaluationMessage>
                  </expectation>
        
      </instructionResult>
            <instructionResult>
        <instruction>{id='decisionTable_32_4', instruction='call', instanceName='decisionTable_32', methodName='setPageName', args=[SampleWiki]}</instruction>
        <slimResult></slimResult>
                <expectation>
                    <instructionId>decisionTable_32_4</instructionId>
                    <col>0</col>
                              <row>2</row>
                    <type>VoidReturnExpectation</type>
                                      </expectation>
        
      </instructionResult>
            <instructionResult>
        <instruction>{id='decisionTable_32_5', instruction='call', instanceName='decisionTable_32', methodName='setPageContents', args=[!contents]}</instruction>
        <slimResult></slimResult>
                <expectation>
                    <instructionId>decisionTable_32_5</instructionId>
                    <col>1</col>
                              <row>2</row>
                    <type>VoidReturnExpectation</type>
                                      </expectation>
        
      </instructionResult>
            <instructionResult>
        <instruction>{id='decisionTable_32_7', instruction='call', instanceName='decisionTable_32', methodName='valid', args=[]}</instruction>
        <slimResult>pass(true)</slimResult>
                <expectation>
                    <status>pass</status>
                    <instructionId>decisionTable_32_7</instructionId>
                    <col>2</col>
                              <row>2</row>
                    <type>ReturnedValueExpectation</type>
                                        <evaluationMessage>true</evaluationMessage>
                  </expectation>
        
      </instructionResult>
            <instructionResult>
        <instruction>{id='decisionTable_32_9', instruction='call', instanceName='decisionTable_32', methodName='setPageName', args=[SampleWiki.ChildPageOne]}</instruction>
        <slimResult></slimResult>
                <expectation>
                    <instructionId>decisionTable_32_9</instructionId>
                    <col>0</col>
                              <row>3</row>
                    <type>VoidReturnExpectation</type>
                                      </expectation>
        
      </instructionResult>
            <instructionResult>
        <instruction>{id='decisionTable_32_10', instruction='call', instanceName='decisionTable_32', methodName='setPageContents', args=[child page]}</instruction>
        <slimResult></slimResult>
                <expectation>
                    <instructionId>decisionTable_32_10</instructionId>
                    <col>1</col>
                              <row>3</row>
                    <type>VoidReturnExpectation</type>
                                      </expectation>
        
      </instructionResult>
            <instructionResult>
        <instruction>{id='decisionTable_32_12', instruction='call', instanceName='decisionTable_32', methodName='valid', args=[]}</instruction>
        <slimResult>pass(true)</slimResult>
                <expectation>
                    <status>pass</status>
                    <instructionId>decisionTable_32_12</instructionId>
                    <col>2</col>
                              <row>3</row>
                    <type>ReturnedValueExpectation</type>
                                        <evaluationMessage>true</evaluationMessage>
                  </expectation>
        
      </instructionResult>
            <instructionResult>
        <instruction>{id='decisionTable_32_14', instruction='call', instanceName='decisionTable_32', methodName='setPageName', args=[SampleWiki.ChildPageOne.GrandChildPageOne]}</instruction>
        <slimResult></slimResult>
                <expectation>
                    <instructionId>decisionTable_32_14</instructionId>
                    <col>0</col>
                              <row>4</row>
                    <type>VoidReturnExpectation</type>
                                      </expectation>
        
      </instructionResult>
            <instructionResult>
        <instruction>{id='decisionTable_32_15', instruction='call', instanceName='decisionTable_32', methodName='setPageContents', args=[grand child page]}</instruction>
        <slimResult></slimResult>
                <expectation>
                    <instructionId>decisionTable_32_15</instructionId>
                    <col>1</col>
                              <row>4</row>
                    <type>VoidReturnExpectation</type>
                                      </expectation>
        
      </instructionResult>
            <instructionResult>
        <instruction>{id='decisionTable_32_17', instruction='call', instanceName='decisionTable_32', methodName='valid', args=[]}</instruction>
        <slimResult>pass(true)</slimResult>
                <expectation>
                    <status>pass</status>
                    <instructionId>decisionTable_32_17</instructionId>
                    <col>2</col>
                              <row>4</row>
                    <type>ReturnedValueExpectation</type>
                                        <evaluationMessage>true</evaluationMessage>
                  </expectation>
        
      </instructionResult>
            <instructionResult>
        <instruction>{id='decisionTable_32_19', instruction='call', instanceName='decisionTable_32', methodName='setPageName', args=[SampleWiki.ChildPageOne.GrandChildPageOne.GreatGrandChildPageOne]}</instruction>
        <slimResult></slimResult>
                <expectation>
                    <instructionId>decisionTable_32_19</instructionId>
                    <col>0</col>
                              <row>5</row>
                    <type>VoidReturnExpectation</type>
                                      </expectation>
        
      </instructionResult>
            <instructionResult>
        <instruction>{id='decisionTable_32_20', instruction='call', instanceName='decisionTable_32', methodName='setPageContents', args=[great grand child page]}</instruction>
        <slimResult></slimResult>
                <expectation>
                    <instructionId>decisionTable_32_20</instructionId>
                    <col>1</col>
                              <row>5</row>
                    <type>VoidReturnExpectation</type>
                                      </expectation>
        
      </instructionResult>
            <instructionResult>
        <instruction>{id='decisionTable_32_22', instruction='call', instanceName='decisionTable_32', methodName='valid', args=[]}</instruction>
        <slimResult>pass(true)</slimResult>
                <expectation>
                    <status>pass</status>
                    <instructionId>decisionTable_32_22</instructionId>
                    <col>2</col>
                              <row>5</row>
                    <type>ReturnedValueExpectation</type>
                                        <evaluationMessage>true</evaluationMessage>
                  </expectation>
        
      </instructionResult>
            <instructionResult>
        <instruction>{id='decisionTable_32_24', instruction='call', instanceName='decisionTable_32', methodName='setPageName', args=[SampleWiki.ChildPageTwo]}</instruction>
        <slimResult></slimResult>
                <expectation>
                    <instructionId>decisionTable_32_24</instructionId>
                    <col>0</col>
                              <row>6</row>
                    <type>VoidReturnExpectation</type>
                                      </expectation>
        
      </instructionResult>
            <instructionResult>
        <instruction>{id='decisionTable_32_25', instruction='call', instanceName='decisionTable_32', methodName='setPageContents', args=[child page]}</instruction>
        <slimResult></slimResult>
                <expectation>
                    <instructionId>decisionTable_32_25</instructionId>
                    <col>1</col>
                              <row>6</row>
                    <type>VoidReturnExpectation</type>
                                      </expectation>
        
      </instructionResult>
            <instructionResult>
        <instruction>{id='decisionTable_32_27', instruction='call', instanceName='decisionTable_32', methodName='valid', args=[]}</instruction>
        <slimResult>pass(true)</slimResult>
                <expectation>
                    <status>pass</status>
                    <instructionId>decisionTable_32_27</instructionId>
                    <col>2</col>
                              <row>6</row>
                    <type>ReturnedValueExpectation</type>
                                        <evaluationMessage>true</evaluationMessage>
                  </expectation>
        
      </instructionResult>
            <instructionResult>
        <instruction>{id='decisionTable_32_29', instruction='call', instanceName='decisionTable_32', methodName='setPageName', args=[SampleWiki.ChildPageTwo.GrandChildPageTwo]}</instruction>
        <slimResult></slimResult>
                <expectation>
                    <instructionId>decisionTable_32_29</instructionId>
                    <col>0</col>
                              <row>7</row>
                    <type>VoidReturnExpectation</type>
                                      </expectation>
        
      </instructionResult>
            <instructionResult>
        <instruction>{id='decisionTable_32_30', instruction='call', instanceName='decisionTable_32', methodName='setPageContents', args=[grand child page]}</instruction>
        <slimResult></slimResult>
                <expectation>
                    <instructionId>decisionTable_32_30</instructionId>
                    <col>1</col>
                              <row>7</row>
                    <type>VoidReturnExpectation</type>
                                      </expectation>
        
      </instructionResult>
            <instructionResult>
        <instruction>{id='decisionTable_32_32', instruction='call', instanceName='decisionTable_32', methodName='valid', args=[]}</instruction>
        <slimResult>pass(true)</slimResult>
                <expectation>
                    <status>pass</status>
                    <instructionId>decisionTable_32_32</instructionId>
                    <col>2</col>
                              <row>7</row>
                    <type>ReturnedValueExpectation</type>
                                        <evaluationMessage>true</evaluationMessage>
                  </expectation>
        
      </instructionResult>
            <instructionResult>
        <instruction>{id='decisionTable_32_34', instruction='call', instanceName='decisionTable_32', methodName='setPageName', args=[SampleWiki.ChildPageThree]}</instruction>
        <slimResult></slimResult>
                <expectation>
                    <instructionId>decisionTable_32_34</instructionId>
                    <col>0</col>
                              <row>8</row>
                    <type>VoidReturnExpectation</type>
                                      </expectation>
        
      </instructionResult>
            <instructionResult>
        <instruction>{id='decisionTable_32_35', instruction='call', instanceName='decisionTable_32', methodName='setPageContents', args=[child page]}</instruction>
        <slimResult></slimResult>
                <expectation>
                    <instructionId>decisionTable_32_35</instructionId>
                    <col>1</col>
                              <row>8</row>
                    <type>VoidReturnExpectation</type>
                                      </expectation>
        
      </instructionResult>
            <instructionResult>
        <instruction>{id='decisionTable_32_37', instruction='call', instanceName='decisionTable_32', methodName='valid', args=[]}</instruction>
        <slimResult>pass(true)</slimResult>
                <expectation>
                    <status>pass</status>
                    <instructionId>decisionTable_32_37</instructionId>
                    <col>2</col>
                              <row>8</row>
                    <type>ReturnedValueExpectation</type>
                                        <evaluationMessage>true</evaluationMessage>
                  </expectation>
        
      </instructionResult>
            <instructionResult>
        <instruction>{id='decisionTable_32_39', instruction='call', instanceName='decisionTable_32', methodName='setPageName', args=[SampleWiki.ChildWithUnicode]}</instruction>
        <slimResult></slimResult>
                <expectation>
                    <instructionId>decisionTable_32_39</instructionId>
                    <col>0</col>
                              <row>9</row>
                    <type>VoidReturnExpectation</type>
                                      </expectation>
        
      </instructionResult>
            <instructionResult>
        <instruction>{id='decisionTable_32_40', instruction='call', instanceName='decisionTable_32', methodName='setPageContents', args=[Here are some characters that make use of the unicode character set.  They were gathered from wikipedia.
japanese: メインページ
icelandic: Forsíða
ukranian: Головна стаття
thai: หน้าหลัก
greek: Κύρια Σελίδα
arabic: الصفحة الرئيسية]}</instruction>
        <slimResult></slimResult>
                <expectation>
                    <instructionId>decisionTable_32_40</instructionId>
                    <col>1</col>
                              <row>9</row>
                    <type>VoidReturnExpectation</type>
                                      </expectation>
        
      </instructionResult>
            <instructionResult>
        <instruction>{id='decisionTable_32_42', instruction='call', instanceName='decisionTable_32', methodName='valid', args=[]}</instruction>
        <slimResult>pass(true)</slimResult>
                <expectation>
                    <status>pass</status>
                    <instructionId>decisionTable_32_42</instructionId>
                    <col>2</col>
                              <row>9</row>
                    <type>ReturnedValueExpectation</type>
                                        <evaluationMessage>true</evaluationMessage>
                  </expectation>
        
      </instructionResult>
            <instructionResult>
        <instruction>{id='decisionTable_33_0', instruction='make', instanceName='decisionTable_33', className='PageCreator', args=[]}</instruction>
        <slimResult>pass(Page creator.)</slimResult>
                <expectation>
                    <status>pass</status>
                    <instructionId>decisionTable_33_0</instructionId>
                    <col>0</col>
                              <row>0</row>
                    <type>ConstructionExpectation</type>
                                        <evaluationMessage>Page creator.</evaluationMessage>
                  </expectation>
        
      </instructionResult>
            <instructionResult>
        <instruction>{id='decisionTable_33_4', instruction='call', instanceName='decisionTable_33', methodName='setPageName', args=[ImportedRoot]}</instruction>
        <slimResult></slimResult>
                <expectation>
                    <instructionId>decisionTable_33_4</instructionId>
                    <col>0</col>
                              <row>2</row>
                    <type>VoidReturnExpectation</type>
                                      </expectation>
        
      </instructionResult>
            <instructionResult>
        <instruction>{id='decisionTable_33_5', instruction='call', instanceName='decisionTable_33', methodName='setPageContents', args=[!contents]}</instruction>
        <slimResult></slimResult>
                <expectation>
                    <instructionId>decisionTable_33_5</instructionId>
                    <col>1</col>
                              <row>2</row>
                    <type>VoidReturnExpectation</type>
                                      </expectation>
        
      </instructionResult>
            <instructionResult>
        <instruction>{id='decisionTable_33_7', instruction='call', instanceName='decisionTable_33', methodName='valid', args=[]}</instruction>
        <slimResult>pass(true)</slimResult>
                <expectation>
                    <status>pass</status>
                    <instructionId>decisionTable_33_7</instructionId>
                    <col>2</col>
                              <row>2</row>
                    <type>ReturnedValueExpectation</type>
                                        <evaluationMessage>true</evaluationMessage>
                  </expectation>
        
      </instructionResult>
            <instructionResult>
        <instruction>{id='decisionTable_33_9', instruction='call', instanceName='decisionTable_33', methodName='setPageName', args=[ImportedRoot.PageOne]}</instruction>
        <slimResult></slimResult>
                <expectation>
                    <instructionId>decisionTable_33_9</instructionId>
                    <col>0</col>
                              <row>3</row>
                    <type>VoidReturnExpectation</type>
                                      </expectation>
        
      </instructionResult>
            <instructionResult>
        <instruction>{id='decisionTable_33_10', instruction='call', instanceName='decisionTable_33', methodName='setPageContents', args=[page one]}</instruction>
        <slimResult></slimResult>
                <expectation>
                    <instructionId>decisionTable_33_10</instructionId>
                    <col>1</col>
                              <row>3</row>
                    <type>VoidReturnExpectation</type>
                                      </expectation>
        
      </instructionResult>
            <instructionResult>
        <instruction>{id='decisionTable_33_12', instruction='call', instanceName='decisionTable_33', methodName='valid', args=[]}</instruction>
        <slimResult>pass(true)</slimResult>
                <expectation>
                    <status>pass</status>
                    <instructionId>decisionTable_33_12</instructionId>
                    <col>2</col>
                              <row>3</row>
                    <type>ReturnedValueExpectation</type>
                                        <evaluationMessage>true</evaluationMessage>
                  </expectation>
        
      </instructionResult>
            <instructionResult>
        <instruction>{id='decisionTable_33_14', instruction='call', instanceName='decisionTable_33', methodName='setPageName', args=[ImportedRoot.PageOne.ChildOne]}</instruction>
        <slimResult></slimResult>
                <expectation>
                    <instructionId>decisionTable_33_14</instructionId>
                    <col>0</col>
                              <row>4</row>
                    <type>VoidReturnExpectation</type>
                                      </expectation>
        
      </instructionResult>
            <instructionResult>
        <instruction>{id='decisionTable_33_15', instruction='call', instanceName='decisionTable_33', methodName='setPageContents', args=[child one]}</instruction>
        <slimResult></slimResult>
                <expectation>
                    <instructionId>decisionTable_33_15</instructionId>
                    <col>1</col>
                              <row>4</row>
                    <type>VoidReturnExpectation</type>
                                      </expectation>
        
      </instructionResult>
            <instructionResult>
        <instruction>{id='decisionTable_33_17', instruction='call', instanceName='decisionTable_33', methodName='valid', args=[]}</instruction>
        <slimResult>pass(true)</slimResult>
                <expectation>
                    <status>pass</status>
                    <instructionId>decisionTable_33_17</instructionId>
                    <col>2</col>
                              <row>4</row>
                    <type>ReturnedValueExpectation</type>
                                        <evaluationMessage>true</evaluationMessage>
                  </expectation>
        
      </instructionResult>
            <instructionResult>
        <instruction>{id='decisionTable_33_19', instruction='call', instanceName='decisionTable_33', methodName='setPageName', args=[ImportedRoot.PageTwo]}</instruction>
        <slimResult></slimResult>
                <expectation>
                    <instructionId>decisionTable_33_19</instructionId>
                    <col>0</col>
                              <row>5</row>
                    <type>VoidReturnExpectation</type>
                                      </expectation>
        
      </instructionResult>
            <instructionResult>
        <instruction>{id='decisionTable_33_20', instruction='call', instanceName='decisionTable_33', methodName='setPageContents', args=[page two]}</instruction>
        <slimResult></slimResult>
                <expectation>
                    <instructionId>decisionTable_33_20</instructionId>
                    <col>1</col>
                              <row>5</row>
                    <type>VoidReturnExpectation</type>
                                      </expectation>
        
      </instructionResult>
            <instructionResult>
        <instruction>{id='decisionTable_33_22', instruction='call', instanceName='decisionTable_33', methodName='valid', args=[]}</instruction>
        <slimResult>pass(true)</slimResult>
                <expectation>
                    <status>pass</status>
                    <instructionId>decisionTable_33_22</instructionId>
                    <col>2</col>
                              <row>5</row>
                    <type>ReturnedValueExpectation</type>
                                        <evaluationMessage>true</evaluationMessage>
                  </expectation>
        
      </instructionResult>
            <instructionResult>
        <instruction>{id='decisionTable_34_0', instruction='make', instanceName='decisionTable_34', className='PageCreator', args=[]}</instruction>
        <slimResult>pass(Page creator.)</slimResult>
                <expectation>
                    <status>pass</status>
                    <instructionId>decisionTable_34_0</instructionId>
                    <col>0</col>
                              <row>0</row>
                    <type>ConstructionExpectation</type>
                                        <evaluationMessage>Page creator.</evaluationMessage>
                  </expectation>
        
      </instructionResult>
            <instructionResult>
        <instruction>{id='decisionTable_34_4', instruction='call', instanceName='decisionTable_34', methodName='setPageName', args=[ImportingPage]}</instruction>
        <slimResult></slimResult>
                <expectation>
                    <instructionId>decisionTable_34_4</instructionId>
                    <col>0</col>
                              <row>2</row>
                    <type>VoidReturnExpectation</type>
                                      </expectation>
        
      </instructionResult>
            <instructionResult>
        <instruction>{id='decisionTable_34_5', instruction='call', instanceName='decisionTable_34', methodName='setPageContents', args=[!contents]}</instruction>
        <slimResult></slimResult>
                <expectation>
                    <instructionId>decisionTable_34_5</instructionId>
                    <col>1</col>
                              <row>2</row>
                    <type>VoidReturnExpectation</type>
                                      </expectation>
        
      </instructionResult>
            <instructionResult>
        <instruction>{id='decisionTable_34_7', instruction='call', instanceName='decisionTable_34', methodName='valid', args=[]}</instruction>
        <slimResult>pass(true)</slimResult>
                <expectation>
                    <status>pass</status>
                    <instructionId>decisionTable_34_7</instructionId>
                    <col>2</col>
                              <row>2</row>
                    <type>ReturnedValueExpectation</type>
                                        <evaluationMessage>true</evaluationMessage>
                  </expectation>
        
      </instructionResult>
            <instructionResult>
        <instruction>{id='decisionTable_35_0', instruction='make', instanceName='decisionTable_35', className='ResponseRequester', args=[]}</instruction>
        <slimResult>pass(Response Requester.)</slimResult>
                <expectation>
                    <status>pass</status>
                    <instructionId>decisionTable_35_0</instructionId>
                    <col>0</col>
                              <row>0</row>
                    <type>ConstructionExpectation</type>
                                        <evaluationMessage>Response Requester.</evaluationMessage>
                  </expectation>
        
      </instructionResult>
            <instructionResult>
        <instruction>{id='decisionTable_35_4', instruction='call', instanceName='decisionTable_35', methodName='setUri', args=[ImportingPage?responder=import&amp;autoUpdate=0&amp;remoteUrl=http://localhost:9123/ImportedRoot&amp;nochunk=true]}</instruction>
        <slimResult></slimResult>
                <expectation>
                    <instructionId>decisionTable_35_4</instructionId>
                    <col>0</col>
                              <row>2</row>
                    <type>VoidReturnExpectation</type>
                                      </expectation>
        
      </instructionResult>
            <instructionResult>
        <instruction>{id='decisionTable_35_6', instruction='call', instanceName='decisionTable_35', methodName='valid', args=[]}</instruction>
        <slimResult>pass(true)</slimResult>
                <expectation>
                    <status>pass</status>
                    <instructionId>decisionTable_35_6</instructionId>
                    <col>1</col>
                              <row>2</row>
                    <type>ReturnedValueExpectation</type>
                                        <evaluationMessage>true</evaluationMessage>
                  </expectation>
        
      </instructionResult>
            <instructionResult>
        <instruction>{id='decisionTable_36_0', instruction='make', instanceName='decisionTable_36', className='ResponseExaminer', args=[]}</instruction>
        <slimResult>pass(Response Examiner)</slimResult>
                <expectation>
                    <status>pass</status>
                    <instructionId>decisionTable_36_0</instructionId>
                    <col>0</col>
                              <row>0</row>
                    <type>ConstructionExpectation</type>
                                        <evaluationMessage>Response Examiner</evaluationMessage>
                  </expectation>
        
      </instructionResult>
            <instructionResult>
        <instruction>{id='decisionTable_36_4', instruction='call', instanceName='decisionTable_36', methodName='setType', args=[contents]}</instruction>
        <slimResult></slimResult>
                <expectation>
                    <instructionId>decisionTable_36_4</instructionId>
                    <col>0</col>
                              <row>2</row>
                    <type>VoidReturnExpectation</type>
                                      </expectation>
        
      </instructionResult>
            <instructionResult>
        <instruction>{id='decisionTable_36_5', instruction='call', instanceName='decisionTable_36', methodName='setPattern', args=[3 pages were imported]}</instruction>
        <slimResult></slimResult>
                <expectation>
                    <instructionId>decisionTable_36_5</instructionId>
                    <col>1</col>
                              <row>2</row>
                    <type>VoidReturnExpectation</type>
                                      </expectation>
        
      </instructionResult>
            <instructionResult>
        <instruction>{id='decisionTable_36_7', instruction='call', instanceName='decisionTable_36', methodName='matches', args=[]}</instruction>
        <slimResult>pass(true)</slimResult>
                <expectation>
                    <status>pass</status>
                    <instructionId>decisionTable_36_7</instructionId>
                    <col>2</col>
                              <row>2</row>
                    <type>ReturnedValueExpectation</type>
                                        <evaluationMessage>true</evaluationMessage>
                  </expectation>
        
      </instructionResult>
            <instructionResult>
        <instruction>{id='decisionTable_37_0', instruction='make', instanceName='decisionTable_37', className='Sleep', args=[1000]}</instruction>
        <slimResult>pass(Sleep)</slimResult>
                <expectation>
                    <status>pass</status>
                    <instructionId>decisionTable_37_0</instructionId>
                    <col>0</col>
                              <row>0</row>
                    <type>ConstructionExpectation</type>
                                        <evaluationMessage>Sleep</evaluationMessage>
                  </expectation>
        
      </instructionResult>
            <instructionResult>
        <instruction>{id='decisionTable_38_0', instruction='make', instanceName='decisionTable_38', className='SavePageRequester', args=[]}</instruction>
        <slimResult>pass(Save Page Requester)</slimResult>
                <expectation>
                    <status>pass</status>
                    <instructionId>decisionTable_38_0</instructionId>
                    <col>0</col>
                              <row>0</row>
                    <type>ConstructionExpectation</type>
                                        <evaluationMessage>Save Page Requester</evaluationMessage>
                  </expectation>
        
      </instructionResult>
            <instructionResult>
        <instruction>{id='decisionTable_38_4', instruction='call', instanceName='decisionTable_38', methodName='setUri', args=[ImportedRoot.PageOne?edit]}</instruction>
        <slimResult></slimResult>
                <expectation>
                    <instructionId>decisionTable_38_4</instructionId>
                    <col>0</col>
                              <row>2</row>
                    <type>VoidReturnExpectation</type>
                                      </expectation>
        
      </instructionResult>
            <instructionResult>
        <instruction>{id='decisionTable_38_5', instruction='call', instanceName='decisionTable_38', methodName='setSaveContents', args=[Some ultra fresh content]}</instruction>
        <slimResult></slimResult>
                <expectation>
                    <instructionId>decisionTable_38_5</instructionId>
                    <col>1</col>
                              <row>2</row>
                    <type>VoidReturnExpectation</type>
                                      </expectation>
        
      </instructionResult>
            <instructionResult>
        <instruction>{id='decisionTable_38_7', instruction='call', instanceName='decisionTable_38', methodName='status', args=[]}</instruction>
        <slimResult>pass(303)</slimResult>
                <expectation>
                    <status>pass</status>
                    <instructionId>decisionTable_38_7</instructionId>
                    <col>2</col>
                              <row>2</row>
                    <type>ReturnedValueExpectation</type>
                                        <evaluationMessage>303</evaluationMessage>
                  </expectation>
        
      </instructionResult>
            <instructionResult>
        <instruction>{id='decisionTable_39_0', instruction='make', instanceName='decisionTable_39', className='ResponseRequester', args=[]}</instruction>
        <slimResult>pass(Response Requester.)</slimResult>
                <expectation>
                    <status>pass</status>
                    <instructionId>decisionTable_39_0</instructionId>
                    <col>0</col>
                              <row>0</row>
                    <type>ConstructionExpectation</type>
                                        <evaluationMessage>Response Requester.</evaluationMessage>
                  </expectation>
        
      </instructionResult>
            <instructionResult>
        <instruction>{id='decisionTable_39_4', instruction='call', instanceName='decisionTable_39', methodName='setUri', args=[ImportingPage?suite]}</instruction>
        <slimResult></slimResult>
                <expectation>
                    <instructionId>decisionTable_39_4</instructionId>
                    <col>0</col>
                              <row>2</row>
                    <type>VoidReturnExpectation</type>
                                      </expectation>
        
      </instructionResult>
            <instructionResult>
        <instruction>{id='decisionTable_39_6', instruction='call', instanceName='decisionTable_39', methodName='valid', args=[]}</instruction>
        <slimResult>pass(true)</slimResult>
                <expectation>
                    <status>pass</status>
                    <instructionId>decisionTable_39_6</instructionId>
                    <col>1</col>
                              <row>2</row>
                    <type>ReturnedValueExpectation</type>
                                        <evaluationMessage>true</evaluationMessage>
                  </expectation>
        
      </instructionResult>
            <instructionResult>
        <instruction>{id='decisionTable_40_0', instruction='make', instanceName='decisionTable_40', className='ResponseExaminer', args=[]}</instruction>
        <slimResult>pass(Response Examiner)</slimResult>
                <expectation>
                    <status>pass</status>
                    <instructionId>decisionTable_40_0</instructionId>
                    <col>0</col>
                              <row>0</row>
                    <type>ConstructionExpectation</type>
                                        <evaluationMessage>Response Examiner</evaluationMessage>
                  </expectation>
        
      </instructionResult>
            <instructionResult>
        <instruction>{id='decisionTable_40_4', instruction='call', instanceName='decisionTable_40', methodName='setType', args=[contents]}</instruction>
        <slimResult></slimResult>
                <expectation>
                    <instructionId>decisionTable_40_4</instructionId>
                    <col>0</col>
                              <row>2</row>
                    <type>VoidReturnExpectation</type>
                                      </expectation>
        
      </instructionResult>
            <instructionResult>
        <instruction>{id='decisionTable_40_5', instruction='call', instanceName='decisionTable_40', methodName='setPattern', args=[Updating imported content...]}</instruction>
        <slimResult></slimResult>
                <expectation>
                    <instructionId>decisionTable_40_5</instructionId>
                    <col>1</col>
                              <row>2</row>
                    <type>VoidReturnExpectation</type>
                                      </expectation>
        
      </instructionResult>
            <instructionResult>
        <instruction>{id='decisionTable_40_7', instruction='call', instanceName='decisionTable_40', methodName='matches', args=[]}</instruction>
        <slimResult>pass(true)</slimResult>
                <expectation>
                    <status>pass</status>
                    <instructionId>decisionTable_40_7</instructionId>
                    <col>2</col>
                              <row>2</row>
                    <type>ReturnedValueExpectation</type>
                                        <evaluationMessage>true</evaluationMessage>
                  </expectation>
        
      </instructionResult>
            <instructionResult>
        <instruction>{id='decisionTable_40_8', instruction='call', instanceName='decisionTable_40', methodName='contents', args=[]}</instruction>
        <slimResult>ignore(HTTP/1.1 200 OK
Transfer-Encoding: chunked
Content-Type: text/html; charset=utf-8

6f
&amp;lt;!DOCTYPE html&amp;gt;
&amp;lt;html&amp;gt;
 &amp;lt;head&amp;gt;
  &amp;lt;meta http-equiv="Content-Type" content="text/html; charset=utf-8"/&amp;gt;
  &amp;lt;title&amp;gt;
1c
Suite Results: ImportingPage
b
&amp;lt;/title&amp;gt;
  
12b
  &amp;lt;!--[if lt IE 9]&amp;gt;
   &amp;lt;script&amp;gt;
    document.createElement('header');
    document.createElement('nav');
    document.createElement('section');
    document.createElement('article');
    document.createElement('footer');
   &amp;lt;/script&amp;gt;
  &amp;lt;![endif]--&amp;gt;
  
  &amp;lt;link rel="stylesheet" type="text/css" href="
1
/
58
files/fitnesse/css/fitnesse_wiki.css" /&amp;gt;
  &amp;lt;link rel="stylesheet" type="text/css" href="
1
/
59
files/fitnesse/css/fitnesse_pages.css" /&amp;gt;
  &amp;lt;link rel="stylesheet" type="text/css" href="
1
/
13
files/fitnesse/css/
11
fitnesse_straight
38
.css" /&amp;gt;
  &amp;lt;link rel="stylesheet" type="text/css" href="
1
/
64
files/fitnesse/wysiwyg/wysiwyg.css" media="screen"/&amp;gt;
  &amp;lt;link rel="stylesheet" type="text/css" href="
1
/
54
files/fitnesse/question.mark/question.mark.css" /&amp;gt;
  &amp;lt;link rel="wysiwyg.base" href="
1
/
3c
" /&amp;gt;
  &amp;lt;link rel="wysiwyg.stylesheet" type="text/css" href="
1
/
6a
files/fitnesse/css/fitnesse.css" media="screen" /&amp;gt;
  &amp;lt;link rel="wysiwyg.stylesheet" type="text/css" href="
1
/
68
files/fitnesse/wysiwyg/editor.css" media="screen" /&amp;gt;
  &amp;lt;link rel="shortcut icon" type="image/png" href="
1
/
35
files/fitnesse/images/favicon.png" /&amp;gt;
  &amp;lt;script src="
1
/
5f
files/fitnesse/javascript/jquery-1.7.2.min.js" type="text/javascript"&amp;gt;&amp;lt;/script&amp;gt;
  &amp;lt;script src="
1
/
57
files/fitnesse/javascript/fitnesse.js" type="text/javascript"&amp;gt;&amp;lt;/script&amp;gt;
  &amp;lt;script src="
1
/
1a
files/fitnesse/javascript/
11
fitnesse_straight
35
.js" type="text/javascript"&amp;gt;&amp;lt;/script&amp;gt;
 &amp;lt;/head&amp;gt;
 &amp;lt;body
8
 class="
9
suitePage
1
"
11
&amp;gt;

  &amp;lt;header&amp;gt;
   
9
&amp;lt;a href="
1
/
3a
FrontPage" id="art_niche"&amp;gt;&amp;lt;span&amp;gt;FitNesse&amp;lt;/span&amp;gt;&amp;lt;/a&amp;gt;

&amp;lt;ul&amp;gt;

a
&amp;lt;/ul&amp;gt;
&amp;lt;h1&amp;gt;
9
&amp;lt;a href="
1
/
d
ImportingPage
2
"&amp;gt;
d
ImportingPage
4
&amp;lt;/a&amp;gt;
7
&amp;lt;/h1&amp;gt;


1


1


11
  &amp;lt;/header&amp;gt;
  
  
3
   
127
&amp;lt;div id="error-nav" class="hidden"&amp;gt;
  &amp;lt;p id="error-nav-label"&amp;gt;Failure Navigator&amp;lt;/p&amp;gt;
  &amp;lt;div id="error-nav-controls"&amp;gt;
  &amp;lt;button id="error-nav-prev"&amp;gt;&amp;lt;&amp;lt;/button&amp;gt;
  &amp;lt;input id="error-nav-text" type="text"&amp;gt;
   of &amp;lt;span id="error-nav-max"&amp;gt;&amp;lt;/span&amp;gt;
  &amp;lt;button id="error-nav-next"&amp;gt;&amp;gt;&amp;lt;/button&amp;gt;
  &amp;lt;/div&amp;gt;
&amp;lt;/div&amp;gt;

2
  
e
  
  &amp;lt;nav&amp;gt;
   
24
&amp;lt;ul&amp;gt;&amp;lt;li id="test-action"&amp;gt;&amp;lt;/li&amp;gt;&amp;lt;/ul&amp;gt;

15
&amp;lt;div class="hidden"&amp;gt;

6
&amp;lt;ul&amp;gt;
 
1
 
1
 
e
 &amp;lt;li&amp;gt;&amp;lt;a href="
d
ImportingPage
24
?edit" accesskey="e"&amp;gt;Edit&amp;lt;/a&amp;gt;&amp;lt;/li&amp;gt;
 
1
 
1
 
2

 
2c
 &amp;lt;li id="add" aria-haspopup="true"&amp;gt;&amp;lt;a href="
d
ImportingPage
26
?new" class="label"&amp;gt;Add&amp;lt;/a&amp;gt;
  &amp;lt;ul&amp;gt;
   
10
  &amp;lt;/ul&amp;gt;
 &amp;lt;/li&amp;gt;
 
30
 
 &amp;lt;li id="tools" aria-haspopup="true"&amp;gt;&amp;lt;a href="
1d
#" class="label"&amp;gt;Tools&amp;lt;/a&amp;gt;
  
2
  
9
  &amp;lt;ul&amp;gt;
  
6
   &amp;lt;li
a
&amp;gt;&amp;lt;a href="
d
ImportingPage
31
?properties" accesskey="p"&amp;gt;Properties&amp;lt;/a&amp;gt;&amp;lt;/li&amp;gt;
  
2
  
6
   &amp;lt;li
a
&amp;gt;&amp;lt;a href="
d
ImportingPage
30
?whereUsed" accesskey="w"&amp;gt;Where Used&amp;lt;/a&amp;gt;&amp;lt;/li&amp;gt;
  
2
  
6
   &amp;lt;li
a
&amp;gt;&amp;lt;a href="
d
ImportingPage
2d
?versions" accesskey="v"&amp;gt;Versions&amp;lt;/a&amp;gt;&amp;lt;/li&amp;gt;
  
5
  
  
6
   &amp;lt;li
10
 class="divider"
a
&amp;gt;&amp;lt;a href="
d
ImportingPage
3b
?refactor&amp;amp;amp;type=rename"&amp;gt;Rename&amp;lt;/a&amp;gt;&amp;lt;/li&amp;gt;
   &amp;lt;li&amp;gt;&amp;lt;a href="
d
ImportingPage
37
?refactor&amp;amp;amp;type=move"&amp;gt;Move&amp;lt;/a&amp;gt;&amp;lt;/li&amp;gt;
   &amp;lt;li&amp;gt;&amp;lt;a href="
d
ImportingPage
3d
?refactor&amp;amp;amp;type=replace"&amp;gt;Replace&amp;lt;/a&amp;gt;&amp;lt;/li&amp;gt;
   &amp;lt;li&amp;gt;&amp;lt;a href="
d
ImportingPage
1f
?deletePage"&amp;gt;Delete&amp;lt;/a&amp;gt;&amp;lt;/li&amp;gt;
  
2
  
7
   &amp;lt;li 
10
 class="divider"
a
&amp;gt;&amp;lt;a href="
1
/
26
files" accesskey="f"&amp;gt;Files&amp;lt;/a&amp;gt;&amp;lt;/li&amp;gt;
  
2
  
6
   &amp;lt;li
37
&amp;gt;&amp;lt;a href="?searchForm" accesskey="s"&amp;gt;Search&amp;lt;/a&amp;gt;&amp;lt;/li&amp;gt;
  
2
  
6
   &amp;lt;li
a
&amp;gt;&amp;lt;a href="
1
/
36
RecentChanges" accesskey=""&amp;gt;Recent Changes&amp;lt;/a&amp;gt;&amp;lt;/li&amp;gt;
  
3

  
2
  
2
  
3

  
6
   &amp;lt;li
10
 class="divider"
a
&amp;gt;&amp;lt;a href="
1
/
37
FitNesse.UserGuide" accesskey=""&amp;gt;User Guide&amp;lt;/a&amp;gt;&amp;lt;/li&amp;gt;
  
15
  &amp;lt;/ul&amp;gt;
 &amp;lt;/li&amp;gt;
&amp;lt;/ul&amp;gt;

2e
&amp;lt;/div&amp;gt;
&amp;lt;script type="text/javascript"&amp;gt;//&amp;lt;!--
 
12
$(function() {
   
22
$('nav &amp;gt; div &amp;gt; ul &amp;gt; li').appendTo(
23
$('nav &amp;gt; ul'));
 });
//--&amp;gt;&amp;lt;/script&amp;gt;
1b
  &amp;lt;/nav&amp;gt;
  
  &amp;lt;article&amp;gt;
   
78
&amp;lt;script type="text/javascript"&amp;gt;
  window.onbeforeunload = function () {
    var stoptestDiv = document.querySelector("li
5
#test
fa
-action a.stop");

    if (stoptestDiv){
      return "There is a test or suite currently running.  Are you sure you want to navigate away from this page?";
    }
  }
&amp;lt;/script&amp;gt;

&amp;lt;div id="test-summary"&amp;gt;Running Tests ...&amp;lt;/div&amp;gt;

&amp;lt;div id="test-action"&amp;gt;
 
3e
&amp;lt;/div&amp;gt;

&amp;lt;div id="test-summaries"&amp;gt;
  &amp;lt;h2&amp;gt;Test Summaries&amp;lt;/h2&amp;gt;
  
8
&amp;lt;/div&amp;gt;


49
&amp;lt;span class="meta"&amp;gt;Updating imported content...&amp;lt;/span&amp;gt;&amp;lt;span class="meta"&amp;gt;
6
 Done.
7
&amp;lt;/span&amp;gt;
af
&amp;lt;script&amp;gt;document.getElementById("test-action").innerHTML = "&amp;lt;a href=\"#\" onclick=\"doSilentRequest('?responder=stoptest&amp;amp;id=1')\" class=\"stop\"&amp;gt;Stop Test&amp;lt;/a&amp;gt;\r\n";&amp;lt;/script&amp;gt;

49
&amp;lt;script&amp;gt;document.getElementById("test-action").innerHTML = "";&amp;lt;/script&amp;gt;

93
&amp;lt;script&amp;gt;document.getElementById("test-action").innerHTML = "&amp;lt;a href=\"ErrorLogs.ImportingPage\" class=\"ok\"&amp;gt;Tests Executed OK&amp;lt;/a&amp;gt;\r\n";&amp;lt;/script&amp;gt;

141
&amp;lt;script&amp;gt;document.getElementById("test-summary").innerHTML = "&amp;lt;strong&amp;gt;Test Pages:&amp;lt;/strong&amp;gt; 0 right, 0 wrong, 0 ignored, 0 exceptions&amp;amp;nbsp;&amp;amp;nbsp;&amp;amp;nbsp;&amp;amp;nbsp;&amp;amp;nbsp;&amp;lt;strong&amp;gt;Assertions:&amp;lt;/strong&amp;gt; 0 right, 0 wrong, 0 ignored, 0 exceptions (0.043 seconds)";document.getElementById("test-summary").className = "ignore";&amp;lt;/script&amp;gt;

1


12
  &amp;lt;/article&amp;gt;
  
  
e
  &amp;lt;footer&amp;gt;
   
e
  &amp;lt;/footer&amp;gt;
  
12

 &amp;lt;/body&amp;gt;
&amp;lt;/html&amp;gt;

0
Exit-Code: 0

)</slimResult>
                <expectation>
                    <status>ignore</status>
                    <instructionId>decisionTable_40_8</instructionId>
                    <col>3</col>
                              <row>2</row>
                    <type>ReturnedValueExpectation</type>
                                        <evaluationMessage>HTTP/1.1 200 OK
Transfer-Encoding: chunked
Content-Type: text/html; charset=utf-8

6f
&amp;lt;!DOCTYPE html&amp;gt;
&amp;lt;html&amp;gt;
 &amp;lt;head&amp;gt;
  &amp;lt;meta http-equiv="Content-Type" content="text/html; charset=utf-8"/&amp;gt;
  &amp;lt;title&amp;gt;
1c
Suite Results: ImportingPage
b
&amp;lt;/title&amp;gt;
  
12b
  &amp;lt;!--[if lt IE 9]&amp;gt;
   &amp;lt;script&amp;gt;
    document.createElement('header');
    document.createElement('nav');
    document.createElement('section');
    document.createElement('article');
    document.createElement('footer');
   &amp;lt;/script&amp;gt;
  &amp;lt;![endif]--&amp;gt;
  
  &amp;lt;link rel="stylesheet" type="text/css" href="
1
/
58
files/fitnesse/css/fitnesse_wiki.css" /&amp;gt;
  &amp;lt;link rel="stylesheet" type="text/css" href="
1
/
59
files/fitnesse/css/fitnesse_pages.css" /&amp;gt;
  &amp;lt;link rel="stylesheet" type="text/css" href="
1
/
13
files/fitnesse/css/
11
fitnesse_straight
38
.css" /&amp;gt;
  &amp;lt;link rel="stylesheet" type="text/css" href="
1
/
64
files/fitnesse/wysiwyg/wysiwyg.css" media="screen"/&amp;gt;
  &amp;lt;link rel="stylesheet" type="text/css" href="
1
/
54
files/fitnesse/question.mark/question.mark.css" /&amp;gt;
  &amp;lt;link rel="wysiwyg.base" href="
1
/
3c
" /&amp;gt;
  &amp;lt;link rel="wysiwyg.stylesheet" type="text/css" href="
1
/
6a
files/fitnesse/css/fitnesse.css" media="screen" /&amp;gt;
  &amp;lt;link rel="wysiwyg.stylesheet" type="text/css" href="
1
/
68
files/fitnesse/wysiwyg/editor.css" media="screen" /&amp;gt;
  &amp;lt;link rel="shortcut icon" type="image/png" href="
1
/
35
files/fitnesse/images/favicon.png" /&amp;gt;
  &amp;lt;script src="
1
/
5f
files/fitnesse/javascript/jquery-1.7.2.min.js" type="text/javascript"&amp;gt;&amp;lt;/script&amp;gt;
  &amp;lt;script src="
1
/
57
files/fitnesse/javascript/fitnesse.js" type="text/javascript"&amp;gt;&amp;lt;/script&amp;gt;
  &amp;lt;script src="
1
/
1a
files/fitnesse/javascript/
11
fitnesse_straight
35
.js" type="text/javascript"&amp;gt;&amp;lt;/script&amp;gt;
 &amp;lt;/head&amp;gt;
 &amp;lt;body
8
 class="
9
suitePage
1
"
11
&amp;gt;

  &amp;lt;header&amp;gt;
   
9
&amp;lt;a href="
1
/
3a
FrontPage" id="art_niche"&amp;gt;&amp;lt;span&amp;gt;FitNesse&amp;lt;/span&amp;gt;&amp;lt;/a&amp;gt;

&amp;lt;ul&amp;gt;

a
&amp;lt;/ul&amp;gt;
&amp;lt;h1&amp;gt;
9
&amp;lt;a href="
1
/
d
ImportingPage
2
"&amp;gt;
d
ImportingPage
4
&amp;lt;/a&amp;gt;
7
&amp;lt;/h1&amp;gt;


1


1


11
  &amp;lt;/header&amp;gt;
  
  
3
   
127
&amp;lt;div id="error-nav" class="hidden"&amp;gt;
  &amp;lt;p id="error-nav-label"&amp;gt;Failure Navigator&amp;lt;/p&amp;gt;
  &amp;lt;div id="error-nav-controls"&amp;gt;
  &amp;lt;button id="error-nav-prev"&amp;gt;&amp;lt;&amp;lt;/button&amp;gt;
  &amp;lt;input id="error-nav-text" type="text"&amp;gt;
   of &amp;lt;span id="error-nav-max"&amp;gt;&amp;lt;/span&amp;gt;
  &amp;lt;button id="error-nav-next"&amp;gt;&amp;gt;&amp;lt;/button&amp;gt;
  &amp;lt;/div&amp;gt;
&amp;lt;/div&amp;gt;

2
  
e
  
  &amp;lt;nav&amp;gt;
   
24
&amp;lt;ul&amp;gt;&amp;lt;li id="test-action"&amp;gt;&amp;lt;/li&amp;gt;&amp;lt;/ul&amp;gt;

15
&amp;lt;div class="hidden"&amp;gt;

6
&amp;lt;ul&amp;gt;
 
1
 
1
 
e
 &amp;lt;li&amp;gt;&amp;lt;a href="
d
ImportingPage
24
?edit" accesskey="e"&amp;gt;Edit&amp;lt;/a&amp;gt;&amp;lt;/li&amp;gt;
 
1
 
1
 
2

 
2c
 &amp;lt;li id="add" aria-haspopup="true"&amp;gt;&amp;lt;a href="
d
ImportingPage
26
?new" class="label"&amp;gt;Add&amp;lt;/a&amp;gt;
  &amp;lt;ul&amp;gt;
   
10
  &amp;lt;/ul&amp;gt;
 &amp;lt;/li&amp;gt;
 
30
 
 &amp;lt;li id="tools" aria-haspopup="true"&amp;gt;&amp;lt;a href="
1d
#" class="label"&amp;gt;Tools&amp;lt;/a&amp;gt;
  
2
  
9
  &amp;lt;ul&amp;gt;
  
6
   &amp;lt;li
a
&amp;gt;&amp;lt;a href="
d
ImportingPage
31
?properties" accesskey="p"&amp;gt;Properties&amp;lt;/a&amp;gt;&amp;lt;/li&amp;gt;
  
2
  
6
   &amp;lt;li
a
&amp;gt;&amp;lt;a href="
d
ImportingPage
30
?whereUsed" accesskey="w"&amp;gt;Where Used&amp;lt;/a&amp;gt;&amp;lt;/li&amp;gt;
  
2
  
6
   &amp;lt;li
a
&amp;gt;&amp;lt;a href="
d
ImportingPage
2d
?versions" accesskey="v"&amp;gt;Versions&amp;lt;/a&amp;gt;&amp;lt;/li&amp;gt;
  
5
  
  
6
   &amp;lt;li
10
 class="divider"
a
&amp;gt;&amp;lt;a href="
d
ImportingPage
3b
?refactor&amp;amp;amp;type=rename"&amp;gt;Rename&amp;lt;/a&amp;gt;&amp;lt;/li&amp;gt;
   &amp;lt;li&amp;gt;&amp;lt;a href="
d
ImportingPage
37
?refactor&amp;amp;amp;type=move"&amp;gt;Move&amp;lt;/a&amp;gt;&amp;lt;/li&amp;gt;
   &amp;lt;li&amp;gt;&amp;lt;a href="
d
ImportingPage
3d
?refactor&amp;amp;amp;type=replace"&amp;gt;Replace&amp;lt;/a&amp;gt;&amp;lt;/li&amp;gt;
   &amp;lt;li&amp;gt;&amp;lt;a href="
d
ImportingPage
1f
?deletePage"&amp;gt;Delete&amp;lt;/a&amp;gt;&amp;lt;/li&amp;gt;
  
2
  
7
   &amp;lt;li 
10
 class="divider"
a
&amp;gt;&amp;lt;a href="
1
/
26
files" accesskey="f"&amp;gt;Files&amp;lt;/a&amp;gt;&amp;lt;/li&amp;gt;
  
2
  
6
   &amp;lt;li
37
&amp;gt;&amp;lt;a href="?searchForm" accesskey="s"&amp;gt;Search&amp;lt;/a&amp;gt;&amp;lt;/li&amp;gt;
  
2
  
6
   &amp;lt;li
a
&amp;gt;&amp;lt;a href="
1
/
36
RecentChanges" accesskey=""&amp;gt;Recent Changes&amp;lt;/a&amp;gt;&amp;lt;/li&amp;gt;
  
3

  
2
  
2
  
3

  
6
   &amp;lt;li
10
 class="divider"
a
&amp;gt;&amp;lt;a href="
1
/
37
FitNesse.UserGuide" accesskey=""&amp;gt;User Guide&amp;lt;/a&amp;gt;&amp;lt;/li&amp;gt;
  
15
  &amp;lt;/ul&amp;gt;
 &amp;lt;/li&amp;gt;
&amp;lt;/ul&amp;gt;

2e
&amp;lt;/div&amp;gt;
&amp;lt;script type="text/javascript"&amp;gt;//&amp;lt;!--
 
12
$(function() {
   
22
$('nav &amp;gt; div &amp;gt; ul &amp;gt; li').appendTo(
23
$('nav &amp;gt; ul'));
 });
//--&amp;gt;&amp;lt;/script&amp;gt;
1b
  &amp;lt;/nav&amp;gt;
  
  &amp;lt;article&amp;gt;
   
78
&amp;lt;script type="text/javascript"&amp;gt;
  window.onbeforeunload = function () {
    var stoptestDiv = document.querySelector("li
5
#test
fa
-action a.stop");

    if (stoptestDiv){
      return "There is a test or suite currently running.  Are you sure you want to navigate away from this page?";
    }
  }
&amp;lt;/script&amp;gt;

&amp;lt;div id="test-summary"&amp;gt;Running Tests ...&amp;lt;/div&amp;gt;

&amp;lt;div id="test-action"&amp;gt;
 
3e
&amp;lt;/div&amp;gt;

&amp;lt;div id="test-summaries"&amp;gt;
  &amp;lt;h2&amp;gt;Test Summaries&amp;lt;/h2&amp;gt;
  
8
&amp;lt;/div&amp;gt;


49
&amp;lt;span class="meta"&amp;gt;Updating imported content...&amp;lt;/span&amp;gt;&amp;lt;span class="meta"&amp;gt;
6
 Done.
7
&amp;lt;/span&amp;gt;
af
&amp;lt;script&amp;gt;document.getElementById("test-action").innerHTML = "&amp;lt;a href=\"#\" onclick=\"doSilentRequest('?responder=stoptest&amp;amp;id=1')\" class=\"stop\"&amp;gt;Stop Test&amp;lt;/a&amp;gt;\r\n";&amp;lt;/script&amp;gt;

49
&amp;lt;script&amp;gt;document.getElementById("test-action").innerHTML = "";&amp;lt;/script&amp;gt;

93
&amp;lt;script&amp;gt;document.getElementById("test-action").innerHTML = "&amp;lt;a href=\"ErrorLogs.ImportingPage\" class=\"ok\"&amp;gt;Tests Executed OK&amp;lt;/a&amp;gt;\r\n";&amp;lt;/script&amp;gt;

141
&amp;lt;script&amp;gt;document.getElementById("test-summary").innerHTML = "&amp;lt;strong&amp;gt;Test Pages:&amp;lt;/strong&amp;gt; 0 right, 0 wrong, 0 ignored, 0 exceptions&amp;amp;nbsp;&amp;amp;nbsp;&amp;amp;nbsp;&amp;amp;nbsp;&amp;amp;nbsp;&amp;lt;strong&amp;gt;Assertions:&amp;lt;/strong&amp;gt; 0 right, 0 wrong, 0 ignored, 0 exceptions (0.043 seconds)";document.getElementById("test-summary").className = "ignore";&amp;lt;/script&amp;gt;

1


12
  &amp;lt;/article&amp;gt;
  
  
e
  &amp;lt;footer&amp;gt;
   
e
  &amp;lt;/footer&amp;gt;
  
12

 &amp;lt;/body&amp;gt;
&amp;lt;/html&amp;gt;

0
Exit-Code: 0

</evaluationMessage>
                  </expectation>
        
      </instructionResult>
            <instructionResult>
        <instruction>{id='decisionTable_41_0', instruction='make', instanceName='decisionTable_41', className='ResponseRequester', args=[]}</instruction>
        <slimResult>pass(Response Requester.)</slimResult>
                <expectation>
                    <status>pass</status>
                    <instructionId>decisionTable_41_0</instructionId>
                    <col>0</col>
                              <row>0</row>
                    <type>ConstructionExpectation</type>
                                        <evaluationMessage>Response Requester.</evaluationMessage>
                  </expectation>
        
      </instructionResult>
            <instructionResult>
        <instruction>{id='decisionTable_41_4', instruction='call', instanceName='decisionTable_41', methodName='setUri', args=[ImportingPage.PageOne]}</instruction>
        <slimResult></slimResult>
                <expectation>
                    <instructionId>decisionTable_41_4</instructionId>
                    <col>0</col>
                              <row>2</row>
                    <type>VoidReturnExpectation</type>
                                      </expectation>
        
      </instructionResult>
            <instructionResult>
        <instruction>{id='decisionTable_41_6', instruction='call', instanceName='decisionTable_41', methodName='valid', args=[]}</instruction>
        <slimResult>pass(true)</slimResult>
                <expectation>
                    <status>pass</status>
                    <instructionId>decisionTable_41_6</instructionId>
                    <col>1</col>
                              <row>2</row>
                    <type>ReturnedValueExpectation</type>
                                        <evaluationMessage>true</evaluationMessage>
                  </expectation>
        
      </instructionResult>
            <instructionResult>
        <instruction>{id='decisionTable_42_0', instruction='make', instanceName='decisionTable_42', className='ResponseExaminer', args=[]}</instruction>
        <slimResult>pass(Response Examiner)</slimResult>
                <expectation>
                    <status>pass</status>
                    <instructionId>decisionTable_42_0</instructionId>
                    <col>0</col>
                              <row>0</row>
                    <type>ConstructionExpectation</type>
                                        <evaluationMessage>Response Examiner</evaluationMessage>
                  </expectation>
        
      </instructionResult>
            <instructionResult>
        <instruction>{id='decisionTable_42_4', instruction='call', instanceName='decisionTable_42', methodName='setType', args=[contents]}</instruction>
        <slimResult></slimResult>
                <expectation>
                    <instructionId>decisionTable_42_4</instructionId>
                    <col>0</col>
                              <row>2</row>
                    <type>VoidReturnExpectation</type>
                                      </expectation>
        
      </instructionResult>
            <instructionResult>
        <instruction>{id='decisionTable_42_5', instruction='call', instanceName='decisionTable_42', methodName='setPattern', args=[Some ultra fresh content]}</instruction>
        <slimResult></slimResult>
                <expectation>
                    <instructionId>decisionTable_42_5</instructionId>
                    <col>1</col>
                              <row>2</row>
                    <type>VoidReturnExpectation</type>
                                      </expectation>
        
      </instructionResult>
            <instructionResult>
        <instruction>{id='decisionTable_42_7', instruction='call', instanceName='decisionTable_42', methodName='matches', args=[]}</instruction>
        <slimResult>pass(true)</slimResult>
                <expectation>
                    <status>pass</status>
                    <instructionId>decisionTable_42_7</instructionId>
                    <col>2</col>
                              <row>2</row>
                    <type>ReturnedValueExpectation</type>
                                        <evaluationMessage>true</evaluationMessage>
                  </expectation>
        
      </instructionResult>
            <instructionResult>
        <instruction>{id='decisionTable_43_0', instruction='make', instanceName='decisionTable_43', className='TearDown', args=[]}</instruction>
        <slimResult>pass(tear down)</slimResult>
                <expectation>
                    <status>pass</status>
                    <instructionId>decisionTable_43_0</instructionId>
                    <col>0</col>
                              <row>0</row>
                    <type>ConstructionExpectation</type>
                                        <evaluationMessage>tear down</evaluationMessage>
                  </expectation>
        
      </instructionResult>
      
    </instructions>
    
  </result>
  
    <finalCounts>
    <right>1</right>
    <wrong>0</wrong>
    <ignores>0</ignores>
    <exceptions>0</exceptions>
  </finalCounts>
  <totalRunTimeInMillis>1211</totalRunTimeInMillis>
  
</testResults>

