<?xml version="1.0"?>
<testResults>
  <FitNesseVersion>v20140418</FitNesseVersion>
  <rootPath>AbapSlim.NotWorkingSlimTests.TestSequentialArgumentProcessing</rootPath>
    <result>
    <counts>
      <right>1</right>
      <wrong>5</wrong>
      <ignores>0</ignores>
      <exceptions>1</exceptions>
    </counts>
    <runTimeInMillis>147</runTimeInMillis>
    <content>&lt;br/&gt;&lt;h1&gt;Sequential Argument Processing in Script Tables&lt;/h1&gt;
&lt;i&gt;concatenateThreeArgs(String first, String second, String third)&lt;/i&gt; returns the concatenated arguments, separated by a space&lt;br/&gt;&lt;h3&gt;Affixing a semi-colon ";" to the end of a cell's contents should invoke sequential argument processing. Mixing every-other-cell and sequential-cell processing within the same row is permitted.&lt;/h3&gt;
&lt;table&gt;
	&lt;tr&gt;
		&lt;td&gt;script&lt;/td&gt;
		&lt;td colspan="4"&gt;fitnesse.slim.test.TestSlim &lt;span class="error"&gt;Unknown construction message&lt;/span&gt;&lt;/td&gt;
	&lt;/tr&gt;
	&lt;tr&gt;
		&lt;td&gt;concatenate three args;&lt;/td&gt;
		&lt;td&gt;1&lt;/td&gt;
		&lt;td&gt;2.0&lt;/td&gt;
		&lt;td colspan="2"&gt;three&lt;/td&gt;
	&lt;/tr&gt;
	&lt;tr&gt;
		&lt;td&gt;concatenate&lt;/td&gt;
		&lt;td&gt;a&lt;/td&gt;
		&lt;td&gt;three args;&lt;/td&gt;
		&lt;td&gt;b&lt;/td&gt;
		&lt;td&gt;c&lt;/td&gt;
	&lt;/tr&gt;
	&lt;tr&gt;
		&lt;td&gt;concatenate three&lt;/td&gt;
		&lt;td&gt;x&lt;/td&gt;
		&lt;td&gt;args;&lt;/td&gt;
		&lt;td&gt;why&lt;/td&gt;
		&lt;td&gt;zee&lt;/td&gt;
	&lt;/tr&gt;
&lt;/table&gt;
&lt;br/&gt;&lt;h3&gt;Results of the function call should be equal regardless of processing style.&lt;/h3&gt;
&lt;table&gt;
	&lt;tr&gt;
		&lt;td colspan="7"&gt;script&lt;/td&gt;
	&lt;/tr&gt;
	&lt;tr&gt;
		&lt;td&gt;$RESULT_WITH_EVERY_OTHER_CELL_PROCESSING&amp;lt;-[null]&lt;/td&gt;
		&lt;td&gt;concatenate&lt;/td&gt;
		&lt;td&gt;a&lt;/td&gt;
		&lt;td&gt;three&lt;/td&gt;
		&lt;td&gt;b&lt;/td&gt;
		&lt;td&gt;args&lt;/td&gt;
		&lt;td&gt;c&lt;/td&gt;
	&lt;/tr&gt;
	&lt;tr&gt;
		&lt;td&gt;$RESULT_WITH_SEQUENTIAL_CELL_PROCESSING&amp;lt;-[null]&lt;/td&gt;
		&lt;td&gt;concatenate three args;&lt;/td&gt;
		&lt;td&gt;a&lt;/td&gt;
		&lt;td&gt;b&lt;/td&gt;
		&lt;td colspan="3"&gt;c&lt;/td&gt;
	&lt;/tr&gt;
	&lt;tr&gt;
		&lt;td&gt;$RESULT_WITH_MIXED_PROCESSING&amp;lt;-[null]&lt;/td&gt;
		&lt;td&gt;concatenate&lt;/td&gt;
		&lt;td&gt;a&lt;/td&gt;
		&lt;td&gt;three args;&lt;/td&gt;
		&lt;td&gt;b&lt;/td&gt;
		&lt;td colspan="2"&gt;c&lt;/td&gt;
	&lt;/tr&gt;
	&lt;tr&gt;
		&lt;td&gt;check&lt;/td&gt;
		&lt;td&gt;echo string&lt;/td&gt;
		&lt;td&gt;$RESULT_WITH_SEQUENTIAL_CELL_PROCESSING-&gt;[null]&lt;/td&gt;
		&lt;td colspan="4"&gt;[/__ERROR__/] &lt;span class="fail"&gt;expected [$RESULT_WITH_EVERY_OTHER_CELL_PROCESSING-&amp;gt;[null]]&lt;/span&gt;&lt;/td&gt;
	&lt;/tr&gt;
	&lt;tr&gt;
		&lt;td&gt;check&lt;/td&gt;
		&lt;td&gt;echo string&lt;/td&gt;
		&lt;td&gt;$RESULT_WITH_MIXED_PROCESSING-&gt;[null]&lt;/td&gt;
		&lt;td colspan="4"&gt;[/__ERROR__/] &lt;span class="fail"&gt;expected [$RESULT_WITH_EVERY_OTHER_CELL_PROCESSING-&amp;gt;[null]]&lt;/span&gt;&lt;/td&gt;
	&lt;/tr&gt;
&lt;/table&gt;
&lt;br/&gt;&lt;h3&gt;Script Table Keywords&lt;/h3&gt;
&lt;table&gt;
	&lt;tr&gt;
		&lt;td colspan="6"&gt;script&lt;/td&gt;
	&lt;/tr&gt;
	&lt;tr&gt;
		&lt;td&gt;check&lt;/td&gt;
		&lt;td&gt;concatenate three args;&lt;/td&gt;
		&lt;td&gt;1&lt;/td&gt;
		&lt;td&gt;2.0&lt;/td&gt;
		&lt;td&gt;three&lt;/td&gt;
		&lt;td&gt;[/__ERROR__/] &lt;span class="fail"&gt;expected [1 2.0 three]&lt;/span&gt;&lt;/td&gt;
	&lt;/tr&gt;
	&lt;tr&gt;
		&lt;td&gt;check not&lt;/td&gt;
		&lt;td&gt;concatenate three args;&lt;/td&gt;
		&lt;td&gt;a&lt;/td&gt;
		&lt;td&gt;b&lt;/td&gt;
		&lt;td&gt;c&lt;/td&gt;
		&lt;td&gt;&lt;span class="pass"&gt;something else&lt;/span&gt;&lt;/td&gt;
	&lt;/tr&gt;
	&lt;tr&gt;
		&lt;td&gt;show&lt;/td&gt;
		&lt;td&gt;concatenate three args;&lt;/td&gt;
		&lt;td&gt;a&lt;/td&gt;
		&lt;td&gt;b&lt;/td&gt;
		&lt;td colspan="2"&gt;c&lt;/td&gt;
	&lt;td&gt;/__ERROR__/&lt;/td&gt;&lt;/tr&gt;
&lt;/table&gt;
&lt;br/&gt;&lt;h3&gt;Sequential argument processing can be used in scenario tables&lt;/h3&gt;
&lt;table&gt;
	&lt;tr&gt;
		&lt;td&gt;scenario&lt;/td&gt;
		&lt;td&gt;concatenate&lt;/td&gt;
		&lt;td&gt;input1&lt;/td&gt;
		&lt;td&gt;and&lt;/td&gt;
		&lt;td&gt;input2&lt;/td&gt;
		&lt;td&gt;and&lt;/td&gt;
		&lt;td&gt;input3&lt;/td&gt;
	&lt;/tr&gt;
	&lt;tr&gt;
		&lt;td&gt;$RESULT=&lt;/td&gt;
		&lt;td&gt;concatenate three args;&lt;/td&gt;
		&lt;td&gt;@input1&lt;/td&gt;
		&lt;td&gt;@input2&lt;/td&gt;
		&lt;td colspan="3"&gt;@input3&lt;/td&gt;
	&lt;/tr&gt;
&lt;/table&gt;
&lt;br/&gt;&lt;table&gt;
	&lt;tr&gt;
		&lt;td colspan="6"&gt;script&lt;/td&gt;
	&lt;/tr&gt;
	&lt;tr class="scenario closed"&gt;
		&lt;td class="pass"&gt;concatenate&lt;/td&gt;
		&lt;td class="pass"&gt;a&lt;/td&gt;
		&lt;td class="pass"&gt;and&lt;/td&gt;
		&lt;td class="pass"&gt;b&lt;/td&gt;
		&lt;td class="pass"&gt;and&lt;/td&gt;
		&lt;td class="pass"&gt;c&lt;/td&gt;
	&lt;/tr&gt;&lt;tr class="scenario-detail closed-detail"&gt;&lt;td colspan="6"&gt;&lt;table&gt;
	&lt;tr&gt;
		&lt;td&gt;scenario&lt;/td&gt;
		&lt;td&gt;concatenate&lt;/td&gt;
		&lt;td&gt;input1&lt;/td&gt;
		&lt;td&gt;and&lt;/td&gt;
		&lt;td&gt;input2&lt;/td&gt;
		&lt;td&gt;and&lt;/td&gt;
		&lt;td&gt;input3&lt;/td&gt;
	&lt;/tr&gt;
	&lt;tr&gt;
		&lt;td&gt;$RESULT&amp;lt;-[null]&lt;/td&gt;
		&lt;td&gt;concatenate three args;&lt;/td&gt;
		&lt;td&gt;a&lt;/td&gt;
		&lt;td&gt;b&lt;/td&gt;
		&lt;td colspan="3"&gt;c&lt;/td&gt;
	&lt;/tr&gt;
&lt;/table&gt;&lt;/td&gt;&lt;/tr&gt;
	&lt;tr&gt;
		&lt;td&gt;check&lt;/td&gt;
		&lt;td&gt;echo string&lt;/td&gt;
		&lt;td&gt;$RESULT-&gt;[null]&lt;/td&gt;
		&lt;td colspan="3"&gt;[/__ERROR__/] &lt;span class="fail"&gt;expected [a b c]&lt;/span&gt;&lt;/td&gt;
	&lt;/tr&gt;
&lt;/table&gt;
&lt;br/&gt;&lt;table&gt;
	&lt;tr&gt;
		&lt;td&gt;concatenate&lt;/td&gt;
		&lt;td&gt;input1&lt;/td&gt;
		&lt;td&gt;and&lt;/td&gt;
		&lt;td&gt;input2&lt;/td&gt;
		&lt;td&gt;and&lt;/td&gt;
		&lt;td&gt;input3&lt;/td&gt;
	&lt;/tr&gt;
	&lt;tr&gt;
		&lt;td&gt;input1&lt;/td&gt;
		&lt;td&gt;input2&lt;/td&gt;
		&lt;td colspan="4"&gt;input3&lt;/td&gt;
	&lt;/tr&gt;
	&lt;tr class="scenario closed"&gt;
		&lt;td class="pass"&gt;x&lt;/td&gt;
		&lt;td class="pass"&gt;y&lt;/td&gt;
		&lt;td colspan="4" class="pass"&gt;z&lt;/td&gt;
	&lt;/tr&gt;&lt;tr class="scenario-detail closed-detail"&gt;&lt;td colspan="6"&gt;&lt;table&gt;
	&lt;tr&gt;
		&lt;td&gt;scenario&lt;/td&gt;
		&lt;td&gt;concatenate&lt;/td&gt;
		&lt;td&gt;input1&lt;/td&gt;
		&lt;td&gt;and&lt;/td&gt;
		&lt;td&gt;input2&lt;/td&gt;
		&lt;td&gt;and&lt;/td&gt;
		&lt;td&gt;input3&lt;/td&gt;
	&lt;/tr&gt;
	&lt;tr&gt;
		&lt;td&gt;$RESULT&amp;lt;-[null]&lt;/td&gt;
		&lt;td&gt;concatenate three args;&lt;/td&gt;
		&lt;td&gt;x&lt;/td&gt;
		&lt;td&gt;y&lt;/td&gt;
		&lt;td colspan="3"&gt;z&lt;/td&gt;
	&lt;/tr&gt;
&lt;/table&gt;&lt;/td&gt;&lt;/tr&gt;
&lt;/table&gt;
&lt;br/&gt;&lt;table&gt;
	&lt;tr&gt;
		&lt;td colspan="4"&gt;script&lt;/td&gt;
	&lt;/tr&gt;
	&lt;tr&gt;
		&lt;td&gt;check&lt;/td&gt;
		&lt;td&gt;echo string&lt;/td&gt;
		&lt;td&gt;$RESULT-&gt;[null]&lt;/td&gt;
		&lt;td&gt;[/__ERROR__/] &lt;span class="fail"&gt;expected [x y z]&lt;/span&gt;&lt;/td&gt;
	&lt;/tr&gt;
&lt;/table&gt;
</content>
    <relativePageName>TestSequentialArgumentProcessing</relativePageName>
    
    
    
    <instructions>
            <instructionResult>
        <instruction>{id='scriptTable_0_0', instruction='make', instanceName='scriptTableActor', className='fitnesse.slim.test.TestSlim', args=[]}</instruction>
        <slimResult>error(a=/__ERROR__/;Unknown construction message)</slimResult>
                <expectation>
                    <status>error</status>
                    <instructionId>scriptTable_0_0</instructionId>
                    <col>1</col>
                              <row>0</row>
                    <type>ConstructionExpectation</type>
                    <actual>/__ERROR__/</actual>
                                        <evaluationMessage>Unknown construction message</evaluationMessage>
                  </expectation>
        
      </instructionResult>
            <instructionResult>
        <instruction>{id='scriptTable_0_1', instruction='call', instanceName='scriptTableActor', methodName='concatenateThreeArgs', args=[1, 2.0, three]}</instruction>
        <slimResult></slimResult>
                <expectation>
                    <instructionId>scriptTable_0_1</instructionId>
                    <col>0</col>
                              <row>1</row>
                    <type>ScriptActionExpectation</type>
                                      </expectation>
        
      </instructionResult>
            <instructionResult>
        <instruction>{id='scriptTable_0_2', instruction='call', instanceName='scriptTableActor', methodName='concatenateThreeArgs', args=[a, b, c]}</instruction>
        <slimResult></slimResult>
                <expectation>
                    <instructionId>scriptTable_0_2</instructionId>
                    <col>0</col>
                              <row>2</row>
                    <type>ScriptActionExpectation</type>
                                      </expectation>
        
      </instructionResult>
            <instructionResult>
        <instruction>{id='scriptTable_0_3', instruction='call', instanceName='scriptTableActor', methodName='concatenateThreeArgs', args=[x, why, zee]}</instruction>
        <slimResult></slimResult>
                <expectation>
                    <instructionId>scriptTable_0_3</instructionId>
                    <col>0</col>
                              <row>3</row>
                    <type>ScriptActionExpectation</type>
                                      </expectation>
        
      </instructionResult>
            <instructionResult>
        <instruction>{id='scriptTable_1_0', instruction='callAndAssign', symbolName='RESULT_WITH_EVERY_OTHER_CELL_PROCESSING', instanceName='scriptTableActor', methodName='concatenateThreeArgs', args=[a, b, c]}</instruction>
        <slimResult>$RESULT_WITH_EVERY_OTHER_CELL_PROCESSING&lt;-[null]</slimResult>
                <expectation>
                    <instructionId>scriptTable_1_0</instructionId>
                    <col>0</col>
                              <row>1</row>
                    <type>SymbolAssignmentExpectation</type>
                                        <evaluationMessage>$RESULT_WITH_EVERY_OTHER_CELL_PROCESSING&lt;-[null]</evaluationMessage>
                  </expectation>
        
      </instructionResult>
            <instructionResult>
        <instruction>{id='scriptTable_1_1', instruction='callAndAssign', symbolName='RESULT_WITH_SEQUENTIAL_CELL_PROCESSING', instanceName='scriptTableActor', methodName='concatenateThreeArgs', args=[a, b, c]}</instruction>
        <slimResult>$RESULT_WITH_SEQUENTIAL_CELL_PROCESSING&lt;-[null]</slimResult>
                <expectation>
                    <instructionId>scriptTable_1_1</instructionId>
                    <col>0</col>
                              <row>2</row>
                    <type>SymbolAssignmentExpectation</type>
                                        <evaluationMessage>$RESULT_WITH_SEQUENTIAL_CELL_PROCESSING&lt;-[null]</evaluationMessage>
                  </expectation>
        
      </instructionResult>
            <instructionResult>
        <instruction>{id='scriptTable_1_2', instruction='callAndAssign', symbolName='RESULT_WITH_MIXED_PROCESSING', instanceName='scriptTableActor', methodName='concatenateThreeArgs', args=[a, b, c]}</instruction>
        <slimResult>$RESULT_WITH_MIXED_PROCESSING&lt;-[null]</slimResult>
                <expectation>
                    <instructionId>scriptTable_1_2</instructionId>
                    <col>0</col>
                              <row>3</row>
                    <type>SymbolAssignmentExpectation</type>
                                        <evaluationMessage>$RESULT_WITH_MIXED_PROCESSING&lt;-[null]</evaluationMessage>
                  </expectation>
        
      </instructionResult>
            <instructionResult>
        <instruction>{id='scriptTable_1_3', instruction='call', instanceName='scriptTableActor', methodName='echoString', args=[$RESULT_WITH_SEQUENTIAL_CELL_PROCESSING]}</instruction>
        <slimResult>fail(a=/__ERROR__/;e=$RESULT_WITH_EVERY_OTHER_CELL_PROCESSING-&gt;[null])</slimResult>
                <expectation>
                    <status>fail</status>
                    <instructionId>scriptTable_1_3</instructionId>
                    <col>3</col>
                              <row>4</row>
                    <type>ReturnedValueExpectation</type>
                    <actual>/__ERROR__/</actual>
                              <expected>$RESULT_WITH_EVERY_OTHER_CELL_PROCESSING-&gt;[null]</expected>
                            </expectation>
        
      </instructionResult>
            <instructionResult>
        <instruction>{id='scriptTable_1_4', instruction='call', instanceName='scriptTableActor', methodName='echoString', args=[$RESULT_WITH_MIXED_PROCESSING]}</instruction>
        <slimResult>fail(a=/__ERROR__/;e=$RESULT_WITH_EVERY_OTHER_CELL_PROCESSING-&gt;[null])</slimResult>
                <expectation>
                    <status>fail</status>
                    <instructionId>scriptTable_1_4</instructionId>
                    <col>3</col>
                              <row>5</row>
                    <type>ReturnedValueExpectation</type>
                    <actual>/__ERROR__/</actual>
                              <expected>$RESULT_WITH_EVERY_OTHER_CELL_PROCESSING-&gt;[null]</expected>
                            </expectation>
        
      </instructionResult>
            <instructionResult>
        <instruction>{id='scriptTable_2_0', instruction='call', instanceName='scriptTableActor', methodName='concatenateThreeArgs', args=[1, 2.0, three]}</instruction>
        <slimResult>fail(a=/__ERROR__/;e=1 2.0 three)</slimResult>
                <expectation>
                    <status>fail</status>
                    <instructionId>scriptTable_2_0</instructionId>
                    <col>5</col>
                              <row>1</row>
                    <type>ReturnedValueExpectation</type>
                    <actual>/__ERROR__/</actual>
                              <expected>1 2.0 three</expected>
                            </expectation>
        
      </instructionResult>
            <instructionResult>
        <instruction>{id='scriptTable_2_1', instruction='call', instanceName='scriptTableActor', methodName='concatenateThreeArgs', args=[a, b, c]}</instruction>
        <slimResult>pass(a=/__ERROR__/;e=something else)</slimResult>
                <expectation>
                    <status>pass</status>
                    <instructionId>scriptTable_2_1</instructionId>
                    <col>5</col>
                              <row>2</row>
                    <type>RejectedValueExpectation</type>
                    <actual>/__ERROR__/</actual>
                              <expected>something else</expected>
                            </expectation>
        
      </instructionResult>
            <instructionResult>
        <instruction>{id='scriptTable_2_2', instruction='call', instanceName='scriptTableActor', methodName='concatenateThreeArgs', args=[a, b, c]}</instruction>
        <slimResult></slimResult>
                <expectation>
                    <instructionId>scriptTable_2_2</instructionId>
                    <col>0</col>
                              <row>3</row>
                    <type>ShowActionExpectation</type>
                                      </expectation>
        
      </instructionResult>
            <instructionResult>
        <instruction>{id='scriptTable_4_0/scriptTable_3_0', instruction='callAndAssign', symbolName='RESULT', instanceName='scriptTableActor', methodName='concatenateThreeArgs', args=[a, b, c]}</instruction>
        <slimResult>$RESULT&lt;-[null]</slimResult>
                <expectation>
                    <instructionId>scriptTable_4_0/scriptTable_3_0</instructionId>
                    <col>0</col>
                              <row>1</row>
                    <type>SymbolAssignmentExpectation</type>
                                        <evaluationMessage>$RESULT&lt;-[null]</evaluationMessage>
                  </expectation>
        
      </instructionResult>
            <instructionResult>
        <instruction>{id='scriptTable_4_1', instruction='call', instanceName='scriptTableActor', methodName='echoString', args=[$RESULT]}</instruction>
        <slimResult>fail(a=/__ERROR__/;e=a b c)</slimResult>
                <expectation>
                    <status>fail</status>
                    <instructionId>scriptTable_4_1</instructionId>
                    <col>3</col>
                              <row>2</row>
                    <type>ReturnedValueExpectation</type>
                    <actual>/__ERROR__/</actual>
                              <expected>a b c</expected>
                            </expectation>
        
      </instructionResult>
            <instructionResult>
        <instruction>{id='decisionTable_5_0/scriptTable_3_0', instruction='callAndAssign', symbolName='RESULT', instanceName='scriptTableActor', methodName='concatenateThreeArgs', args=[x, y, z]}</instruction>
        <slimResult>$RESULT&lt;-[null]</slimResult>
                <expectation>
                    <instructionId>decisionTable_5_0/scriptTable_3_0</instructionId>
                    <col>0</col>
                              <row>1</row>
                    <type>SymbolAssignmentExpectation</type>
                                        <evaluationMessage>$RESULT&lt;-[null]</evaluationMessage>
                  </expectation>
        
      </instructionResult>
            <instructionResult>
        <instruction>{id='scriptTable_6_0', instruction='call', instanceName='scriptTableActor', methodName='echoString', args=[$RESULT]}</instruction>
        <slimResult>fail(a=/__ERROR__/;e=x y z)</slimResult>
                <expectation>
                    <status>fail</status>
                    <instructionId>scriptTable_6_0</instructionId>
                    <col>3</col>
                              <row>1</row>
                    <type>ReturnedValueExpectation</type>
                    <actual>/__ERROR__/</actual>
                              <expected>x y z</expected>
                            </expectation>
        
      </instructionResult>
      
    </instructions>
    
  </result>
  
    <finalCounts>
    <right>0</right>
    <wrong>1</wrong>
    <ignores>0</ignores>
    <exceptions>0</exceptions>
  </finalCounts>
  <totalRunTimeInMillis>148</totalRunTimeInMillis>
  
</testResults>

