<?xml version="1.0"?>
<testResults>
  <FitNesseVersion>v20140418</FitNesseVersion>
  <rootPath>AbapSlim.NotWorkingSlimTests.TestExceptionCount.TestPage</rootPath>
    <result>
    <counts>
      <right>0</right>
      <wrong>2</wrong>
      <ignores>0</ignores>
      <exceptions>1</exceptions>
    </counts>
    <runTimeInMillis>461</runTimeInMillis>
    <content>&lt;br/&gt;&lt;div class="contents"&gt;
	&lt;b&gt;Contents:&lt;/b&gt;
	&lt;ul class="toc1"/&gt;&lt;ul class="toc1"/&gt;
&lt;/div&gt;
&lt;br/&gt;&lt;br/&gt;&lt;table&gt;
	&lt;tr&gt;
		&lt;td colspan="3"&gt;lorem ipsum &lt;span class="error"&gt;Unknown construction message&lt;/span&gt;&lt;/td&gt;
	&lt;/tr&gt;
	&lt;tr&gt;
		&lt;td&gt;foo&lt;/td&gt;
		&lt;td&gt;bar&lt;/td&gt;
		&lt;td&gt;baz?&lt;/td&gt;
	&lt;/tr&gt;
	&lt;tr&gt;
		&lt;td&gt;dolor&lt;/td&gt;
		&lt;td&gt;sit&lt;/td&gt;
		&lt;td&gt;[/__ERROR__/] &lt;span class="fail"&gt;expected [amet]&lt;/span&gt;&lt;/td&gt;
	&lt;/tr&gt;
	&lt;tr&gt;
		&lt;td&gt;consectetur&lt;/td&gt;
		&lt;td&gt;adipiscing&lt;/td&gt;
		&lt;td&gt;[/__ERROR__/] &lt;span class="fail"&gt;expected [elit]&lt;/span&gt;&lt;/td&gt;
	&lt;/tr&gt;
&lt;/table&gt;
</content>
    <relativePageName>TestPage</relativePageName>
    
    
    
    <instructions>
            <instructionResult>
        <instruction>{id='decisionTable_0_0', instruction='make', instanceName='decisionTable_0', className='LoremIpsum', args=[]}</instruction>
        <slimResult>error(a=/__ERROR__/;Unknown construction message)</slimResult>
                <expectation>
                    <status>error</status>
                    <instructionId>decisionTable_0_0</instructionId>
                    <col>0</col>
                              <row>0</row>
                    <type>ConstructionExpectation</type>
                    <actual>/__ERROR__/</actual>
                                        <evaluationMessage>Unknown construction message</evaluationMessage>
                  </expectation>
        
      </instructionResult>
            <instructionResult>
        <instruction>{id='decisionTable_0_4', instruction='call', instanceName='decisionTable_0', methodName='setFoo', args=[dolor]}</instruction>
        <slimResult></slimResult>
                <expectation>
                    <instructionId>decisionTable_0_4</instructionId>
                    <col>0</col>
                              <row>2</row>
                    <type>VoidReturnExpectation</type>
                                      </expectation>
        
      </instructionResult>
            <instructionResult>
        <instruction>{id='decisionTable_0_5', instruction='call', instanceName='decisionTable_0', methodName='setBar', args=[sit]}</instruction>
        <slimResult></slimResult>
                <expectation>
                    <instructionId>decisionTable_0_5</instructionId>
                    <col>1</col>
                              <row>2</row>
                    <type>VoidReturnExpectation</type>
                                      </expectation>
        
      </instructionResult>
            <instructionResult>
        <instruction>{id='decisionTable_0_7', instruction='call', instanceName='decisionTable_0', methodName='baz', args=[]}</instruction>
        <slimResult>fail(a=/__ERROR__/;e=amet)</slimResult>
                <expectation>
                    <status>fail</status>
                    <instructionId>decisionTable_0_7</instructionId>
                    <col>2</col>
                              <row>2</row>
                    <type>ReturnedValueExpectation</type>
                    <actual>/__ERROR__/</actual>
                              <expected>amet</expected>
                            </expectation>
        
      </instructionResult>
            <instructionResult>
        <instruction>{id='decisionTable_0_9', instruction='call', instanceName='decisionTable_0', methodName='setFoo', args=[consectetur]}</instruction>
        <slimResult></slimResult>
                <expectation>
                    <instructionId>decisionTable_0_9</instructionId>
                    <col>0</col>
                              <row>3</row>
                    <type>VoidReturnExpectation</type>
                                      </expectation>
        
      </instructionResult>
            <instructionResult>
        <instruction>{id='decisionTable_0_10', instruction='call', instanceName='decisionTable_0', methodName='setBar', args=[adipiscing]}</instruction>
        <slimResult></slimResult>
                <expectation>
                    <instructionId>decisionTable_0_10</instructionId>
                    <col>1</col>
                              <row>3</row>
                    <type>VoidReturnExpectation</type>
                                      </expectation>
        
      </instructionResult>
            <instructionResult>
        <instruction>{id='decisionTable_0_12', instruction='call', instanceName='decisionTable_0', methodName='baz', args=[]}</instruction>
        <slimResult>fail(a=/__ERROR__/;e=elit)</slimResult>
                <expectation>
                    <status>fail</status>
                    <instructionId>decisionTable_0_12</instructionId>
                    <col>2</col>
                              <row>3</row>
                    <type>ReturnedValueExpectation</type>
                    <actual>/__ERROR__/</actual>
                              <expected>elit</expected>
                            </expectation>
        
      </instructionResult>
      
    </instructions>
    
  </result>
  
    <finalCounts>
    <right>0</right>
    <wrong>1</wrong>
    <ignores>0</ignores>
    <exceptions>0</exceptions>
  </finalCounts>
  <totalRunTimeInMillis>464</totalRunTimeInMillis>
  
</testResults>

