<?xml version="1.0"?>
<testResults>
  <FitNesseVersion>v20140418</FitNesseVersion>
  <rootPath>AbapSlim.NotWorkingSlimTests.SlimSymbolShouldShowRawContents</rootPath>
    <result>
    <counts>
      <right>0</right>
      <wrong>2</wrong>
      <ignores>0</ignores>
      <exceptions>1</exceptions>
    </counts>
    <runTimeInMillis>65</runTimeInMillis>
    <content>&lt;br/&gt;Symbols should show the raw (in this case HTML) content that is used in the tests.&lt;br/&gt;&lt;br/&gt;&lt;table&gt;
	&lt;tr&gt;
		&lt;td&gt;script&lt;/td&gt;
		&lt;td colspan="3"&gt;fitnesse.fixtures.EchoFixture &lt;span class="error"&gt;Unknown construction message&lt;/span&gt;&lt;/td&gt;
	&lt;/tr&gt;
	&lt;tr&gt;
		&lt;td&gt;$Table_&amp;lt;-[null]&lt;/td&gt;
		&lt;td&gt;echo&lt;/td&gt;
		&lt;td colspan="2"&gt;&lt;table&gt;&lt;tr&gt;&lt;td&gt;Test&lt;/td&gt;&lt;/tr&gt;&lt;/table&gt;&lt;/td&gt;
	&lt;/tr&gt;
	&lt;tr&gt;
		&lt;td&gt;check&lt;/td&gt;
		&lt;td&gt;echo&lt;/td&gt;
		&lt;td&gt;$Table_-&gt;[null]&lt;/td&gt;
		&lt;td&gt;[$Table_] &lt;span class="fail"&gt;expected [$Table_-&amp;gt;[null]]&lt;/span&gt;&lt;/td&gt;
	&lt;/tr&gt;
	&lt;tr&gt;
		&lt;td&gt;show&lt;/td&gt;
		&lt;td&gt;echo&lt;/td&gt;
		&lt;td colspan="2"&gt;$Table_-&gt;[null]&lt;/td&gt;
	&lt;td&gt;$Table_&lt;/td&gt;&lt;/tr&gt;
&lt;/table&gt;
&lt;br/&gt;&lt;br/&gt;&lt;table&gt;
	&lt;tr&gt;
		&lt;td colspan="4"&gt;script&lt;/td&gt;
	&lt;/tr&gt;
	&lt;tr&gt;
		&lt;td&gt;given page&lt;/td&gt;
		&lt;td&gt;TestPage&lt;/td&gt;
		&lt;td&gt;with content&lt;/td&gt;
		&lt;td&gt;&lt;span class="meta"&gt;undefined variable: SUT_PATH&lt;/span&gt; 
!define TEST_SYSTEM {slim}
|script| fitnesse.fixtures.EchoFixture |
| $Table= | echo | !-&lt;table&gt;&lt;tr&gt;&lt;td&gt;Test&lt;/td&gt;&lt;/tr&gt;&lt;/table&gt;-! |
| check | echo | $Table | $Table |
| show | echo | $Table |
&lt;/td&gt;
	&lt;/tr&gt;
	&lt;tr&gt;
		&lt;td&gt;test results for page&lt;/td&gt;
		&lt;td&gt;TestPage&lt;/td&gt;
		&lt;td&gt;should contain&lt;/td&gt;
		&lt;td&gt;$Table&lt;-[&lt;table&gt;&lt;tr&gt;&lt;td&gt;Test&lt;/td&gt;&lt;/tr&gt;&lt;/table&gt;]&lt;/td&gt;
	&lt;/tr&gt;
	&lt;tr&gt;
		&lt;td&gt;&lt;span class="fail"&gt;ensure&lt;/span&gt;&lt;/td&gt;
		&lt;td&gt;content contains&lt;/td&gt;
		&lt;td colspan="2"&gt;$Table-&gt;[&lt;table&gt;&lt;tr&gt;&lt;td&gt;Test&lt;/td&gt;&lt;/tr&gt;&lt;/table&gt;]&lt;/td&gt;
	&lt;/tr&gt;
&lt;/table&gt;
</content>
    <relativePageName>SlimSymbolShouldShowRawContents</relativePageName>
    
    
    
    <instructions>
            <instructionResult>
        <instruction>{id='scriptTable_0_0', instruction='make', instanceName='scriptTableActor', className='fitnesse.fixtures.EchoFixture', args=[]}</instruction>
        <slimResult>error(a=/__ERROR__/;Unknown construction message)</slimResult>
                <expectation>
                    <status>error</status>
                    <instructionId>scriptTable_0_0</instructionId>
                    <col>1</col>
                              <row>0</row>
                    <type>ConstructionExpectation</type>
                    <actual>/__ERROR__/</actual>
                                        <evaluationMessage>Unknown construction message</evaluationMessage>
                  </expectation>
        
      </instructionResult>
            <instructionResult>
        <instruction>{id='scriptTable_0_1', instruction='callAndAssign', symbolName='Table_', instanceName='scriptTableActor', methodName='echo', args=[&lt;table&gt;&lt;tr&gt;&lt;td&gt;Test&lt;/td&gt;&lt;/tr&gt;&lt;/table&gt;]}</instruction>
        <slimResult>$Table_&lt;-[null]</slimResult>
                <expectation>
                    <instructionId>scriptTable_0_1</instructionId>
                    <col>0</col>
                              <row>1</row>
                    <type>SymbolAssignmentExpectation</type>
                                        <evaluationMessage>$Table_&lt;-[null]</evaluationMessage>
                  </expectation>
        
      </instructionResult>
            <instructionResult>
        <instruction>{id='scriptTable_0_2', instruction='call', instanceName='scriptTableActor', methodName='echo', args=[$Table_]}</instruction>
        <slimResult>fail(a=$Table_;e=$Table_-&gt;[null])</slimResult>
                <expectation>
                    <status>fail</status>
                    <instructionId>scriptTable_0_2</instructionId>
                    <col>3</col>
                              <row>2</row>
                    <type>ReturnedValueExpectation</type>
                    <actual>$Table_</actual>
                              <expected>$Table_-&gt;[null]</expected>
                            </expectation>
        
      </instructionResult>
            <instructionResult>
        <instruction>{id='scriptTable_0_3', instruction='call', instanceName='scriptTableActor', methodName='echo', args=[$Table_]}</instruction>
        <slimResult></slimResult>
                <expectation>
                    <instructionId>scriptTable_0_3</instructionId>
                    <col>0</col>
                              <row>3</row>
                    <type>ShowActionExpectation</type>
                                      </expectation>
        
      </instructionResult>
            <instructionResult>
        <instruction>{id='scriptTable_1_0', instruction='call', instanceName='scriptTableActor', methodName='givenPageWithContent', args=[TestPage, &lt;span class="meta"&gt;undefined variable: SUT_PATH&lt;/span&gt; 
!define TEST_SYSTEM {slim}
|script| fitnesse.fixtures.EchoFixture |
| $Table= | echo | !-&lt;table&gt;&lt;tr&gt;&lt;td&gt;Test&lt;/td&gt;&lt;/tr&gt;&lt;/table&gt;-! |
| check | echo | $Table | $Table |
| show | echo | $Table |
]}</instruction>
        <slimResult></slimResult>
                <expectation>
                    <instructionId>scriptTable_1_0</instructionId>
                    <col>0</col>
                              <row>1</row>
                    <type>ScriptActionExpectation</type>
                                      </expectation>
        
      </instructionResult>
            <instructionResult>
        <instruction>{id='scriptTable_1_1', instruction='call', instanceName='scriptTableActor', methodName='testResultsForPageShouldContain', args=[TestPage, $Table&lt;-[&lt;table&gt;&lt;tr&gt;&lt;td&gt;Test&lt;/td&gt;&lt;/tr&gt;&lt;/table&gt;]]}</instruction>
        <slimResult></slimResult>
                <expectation>
                    <instructionId>scriptTable_1_1</instructionId>
                    <col>0</col>
                              <row>2</row>
                    <type>ScriptActionExpectation</type>
                                      </expectation>
        
      </instructionResult>
            <instructionResult>
        <instruction>{id='scriptTable_1_2', instruction='call', instanceName='scriptTableActor', methodName='contentContains', args=[$Table-&gt;[&lt;table&gt;&lt;tr&gt;&lt;td&gt;Test&lt;/td&gt;&lt;/tr&gt;&lt;/table&gt;]]}</instruction>
        <slimResult>fail()</slimResult>
                <expectation>
                    <status>fail</status>
                    <instructionId>scriptTable_1_2</instructionId>
                    <col>0</col>
                              <row>3</row>
                    <type>EnsureActionExpectation</type>
                                      </expectation>
        
      </instructionResult>
      
    </instructions>
    
  </result>
  
    <finalCounts>
    <right>0</right>
    <wrong>1</wrong>
    <ignores>0</ignores>
    <exceptions>0</exceptions>
  </finalCounts>
  <totalRunTimeInMillis>66</totalRunTimeInMillis>
  
</testResults>

