<?xml version="1.0"?>
<testResults>
  <FitNesseVersion>v20140418</FitNesseVersion>
  <rootPath>FitNesse.SuiteAcceptanceTests.SuiteWidgetTests.TestBrokenWikiWordLink</rootPath>
    <result>
    <counts>
      <right>2</right>
      <wrong>0</wrong>
      <ignores>0</ignores>
      <exceptions>0</exceptions>
    </counts>
    <runTimeInMillis>66</runTimeInMillis>
    <content>&lt;div class="collapsible closed"&gt;&lt;ul&gt;&lt;li&gt;&lt;a href='#' class='expandall'&gt;Expand All&lt;/a&gt;&lt;/li&gt;&lt;li&gt;&lt;a href='#' class='collapseall'&gt;Collapse All&lt;/a&gt;&lt;/li&gt;&lt;/ul&gt;
	&lt;p class="title"&gt;Included page: &lt;a href="FitNesse.SuiteAcceptanceTests.ScenarioLibrary"&gt;.FitNesse.SuiteAcceptanceTests.ScenarioLibrary&lt;/a&gt; &lt;a href="FitNesse.SuiteAcceptanceTests.ScenarioLibrary?edit&amp;amp;redirectToReferer=true&amp;amp;redirectAction=" class="edit"&gt;(edit)&lt;/a&gt;&lt;/p&gt;
	&lt;div&gt;&lt;table&gt;
	&lt;tr&gt;
		&lt;td&gt;scenario&lt;/td&gt;
		&lt;td&gt;given page&lt;/td&gt;
		&lt;td&gt;page&lt;/td&gt;
		&lt;td&gt;with content&lt;/td&gt;
		&lt;td&gt;content&lt;/td&gt;
	&lt;/tr&gt;
	&lt;tr&gt;
		&lt;td&gt;create page&lt;/td&gt;
		&lt;td&gt;@page&lt;/td&gt;
		&lt;td&gt;with content&lt;/td&gt;
		&lt;td colspan="2"&gt;@content&lt;/td&gt;
	&lt;/tr&gt;
	&lt;tr&gt;
		&lt;td&gt;$IT=&lt;/td&gt;
		&lt;td&gt;echo&lt;/td&gt;
		&lt;td colspan="3"&gt;@page&lt;/td&gt;
	&lt;/tr&gt;
&lt;/table&gt;
&lt;br/&gt;&lt;table&gt;
	&lt;tr&gt;
		&lt;td&gt;scenario&lt;/td&gt;
		&lt;td&gt;given page&lt;/td&gt;
		&lt;td colspan="2"&gt;page&lt;/td&gt;
	&lt;/tr&gt;
	&lt;tr&gt;
		&lt;td&gt;given page&lt;/td&gt;
		&lt;td&gt;@page&lt;/td&gt;
		&lt;td&gt;with content&lt;/td&gt;
		&lt;td&gt;nothing&lt;/td&gt;
	&lt;/tr&gt;
&lt;/table&gt;
&lt;br/&gt;&lt;table&gt;
	&lt;tr&gt;
		&lt;td&gt;scenario&lt;/td&gt;
		&lt;td&gt;given test page&lt;/td&gt;
		&lt;td&gt;page&lt;/td&gt;
	&lt;/tr&gt;
	&lt;tr&gt;
		&lt;td&gt;given page&lt;/td&gt;
		&lt;td colspan="2"&gt;@page&lt;/td&gt;
	&lt;/tr&gt;
	&lt;tr&gt;
		&lt;td&gt;make&lt;/td&gt;
		&lt;td&gt;@page&lt;/td&gt;
		&lt;td&gt;a test page&lt;/td&gt;
	&lt;/tr&gt;
&lt;/table&gt;
&lt;br/&gt;&lt;table&gt;
	&lt;tr&gt;
		&lt;td&gt;scenario&lt;/td&gt;
		&lt;td&gt;given slim test page&lt;/td&gt;
		&lt;td colspan="2"&gt;page&lt;/td&gt;
	&lt;/tr&gt;
	&lt;tr&gt;
		&lt;td&gt;given page&lt;/td&gt;
		&lt;td&gt;@page&lt;/td&gt;
		&lt;td&gt;with content&lt;/td&gt;
		&lt;td&gt;!define TEST_SYSTEM {slim}&lt;/td&gt;
	&lt;/tr&gt;
	&lt;tr&gt;
		&lt;td&gt;make&lt;/td&gt;
		&lt;td&gt;@page&lt;/td&gt;
		&lt;td colspan="2"&gt;a test page&lt;/td&gt;
	&lt;/tr&gt;
&lt;/table&gt;
&lt;br/&gt;&lt;table&gt;
	&lt;tr&gt;
		&lt;td&gt;scenario&lt;/td&gt;
		&lt;td&gt;page&lt;/td&gt;
		&lt;td&gt;source&lt;/td&gt;
		&lt;td&gt;should have link to&lt;/td&gt;
		&lt;td&gt;target&lt;/td&gt;
	&lt;/tr&gt;
	&lt;tr&gt;
		&lt;td&gt;check&lt;/td&gt;
		&lt;td&gt;request page&lt;/td&gt;
		&lt;td&gt;@source&lt;/td&gt;
		&lt;td colspan="2"&gt;200&lt;/td&gt;
	&lt;/tr&gt;
	&lt;tr&gt;
		&lt;td&gt;ensure&lt;/td&gt;
		&lt;td&gt;content contains&lt;/td&gt;
		&lt;td colspan="3"&gt;&amp;lt;a href="@target"&lt;/td&gt;
	&lt;/tr&gt;
	&lt;tr&gt;
		&lt;td&gt;$IT=&lt;/td&gt;
		&lt;td&gt;echo&lt;/td&gt;
		&lt;td colspan="3"&gt;@source&lt;/td&gt;
	&lt;/tr&gt;
&lt;/table&gt;
&lt;br/&gt;&lt;table&gt;
	&lt;tr&gt;
		&lt;td&gt;scenario&lt;/td&gt;
		&lt;td&gt;it should have link to&lt;/td&gt;
		&lt;td colspan="2"&gt;target&lt;/td&gt;
	&lt;/tr&gt;
	&lt;tr&gt;
		&lt;td&gt;page&lt;/td&gt;
		&lt;td&gt;$IT&lt;/td&gt;
		&lt;td&gt;should have link to&lt;/td&gt;
		&lt;td&gt;@target&lt;/td&gt;
	&lt;/tr&gt;
&lt;/table&gt;
&lt;br/&gt;&lt;table&gt;
	&lt;tr&gt;
		&lt;td&gt;scenario&lt;/td&gt;
		&lt;td&gt;and it should have link to&lt;/td&gt;
		&lt;td colspan="2"&gt;target&lt;/td&gt;
	&lt;/tr&gt;
	&lt;tr&gt;
		&lt;td&gt;page&lt;/td&gt;
		&lt;td&gt;$IT&lt;/td&gt;
		&lt;td&gt;should have link to&lt;/td&gt;
		&lt;td&gt;@target&lt;/td&gt;
	&lt;/tr&gt;
&lt;/table&gt;
&lt;br/&gt;&lt;table&gt;
	&lt;tr&gt;
		&lt;td&gt;scenario&lt;/td&gt;
		&lt;td&gt;page&lt;/td&gt;
		&lt;td&gt;source&lt;/td&gt;
		&lt;td&gt;should have creating link to&lt;/td&gt;
		&lt;td&gt;target&lt;/td&gt;
	&lt;/tr&gt;
	&lt;tr&gt;
		&lt;td&gt;check&lt;/td&gt;
		&lt;td&gt;request page&lt;/td&gt;
		&lt;td&gt;@source&lt;/td&gt;
		&lt;td colspan="2"&gt;200&lt;/td&gt;
	&lt;/tr&gt;
	&lt;tr&gt;
		&lt;td&gt;ensure&lt;/td&gt;
		&lt;td&gt;content contains&lt;/td&gt;
		&lt;td colspan="3"&gt;@target&amp;lt;a title="create page" href="@target?edit&amp;amp;nonExistent=true"&amp;gt;[?]&amp;lt;/a&amp;gt;&lt;/td&gt;
	&lt;/tr&gt;
&lt;/table&gt;
&lt;br/&gt;&lt;table&gt;
	&lt;tr&gt;
		&lt;td&gt;scenario&lt;/td&gt;
		&lt;td&gt;it should have creating link to&lt;/td&gt;
		&lt;td colspan="2"&gt;target&lt;/td&gt;
	&lt;/tr&gt;
	&lt;tr&gt;
		&lt;td&gt;page&lt;/td&gt;
		&lt;td&gt;$IT&lt;/td&gt;
		&lt;td&gt;should have creating link to&lt;/td&gt;
		&lt;td&gt;@target&lt;/td&gt;
	&lt;/tr&gt;
&lt;/table&gt;
&lt;br/&gt;&lt;table&gt;
	&lt;tr&gt;
		&lt;td&gt;scenario&lt;/td&gt;
		&lt;td&gt;page&lt;/td&gt;
		&lt;td&gt;source&lt;/td&gt;
		&lt;td&gt;should contain&lt;/td&gt;
		&lt;td&gt;text&lt;/td&gt;
	&lt;/tr&gt;
	&lt;tr&gt;
		&lt;td&gt;check&lt;/td&gt;
		&lt;td&gt;request page&lt;/td&gt;
		&lt;td&gt;@source&lt;/td&gt;
		&lt;td colspan="2"&gt;200&lt;/td&gt;
	&lt;/tr&gt;
	&lt;tr&gt;
		&lt;td&gt;ensure&lt;/td&gt;
		&lt;td&gt;content contains&lt;/td&gt;
		&lt;td colspan="3"&gt;@text&lt;/td&gt;
	&lt;/tr&gt;
	&lt;tr&gt;
		&lt;td&gt;show&lt;/td&gt;
		&lt;td colspan="4"&gt;content&lt;/td&gt;
	&lt;/tr&gt;
&lt;/table&gt;
&lt;br/&gt;&lt;table&gt;
	&lt;tr&gt;
		&lt;td&gt;scenario&lt;/td&gt;
		&lt;td&gt;page&lt;/td&gt;
		&lt;td&gt;source&lt;/td&gt;
		&lt;td&gt;should not contain&lt;/td&gt;
		&lt;td&gt;text&lt;/td&gt;
	&lt;/tr&gt;
	&lt;tr&gt;
		&lt;td&gt;check&lt;/td&gt;
		&lt;td&gt;request page&lt;/td&gt;
		&lt;td&gt;@source&lt;/td&gt;
		&lt;td colspan="2"&gt;200&lt;/td&gt;
	&lt;/tr&gt;
	&lt;tr&gt;
		&lt;td&gt;reject&lt;/td&gt;
		&lt;td&gt;content contains&lt;/td&gt;
		&lt;td colspan="3"&gt;@text&lt;/td&gt;
	&lt;/tr&gt;
	&lt;tr&gt;
		&lt;td&gt;show&lt;/td&gt;
		&lt;td colspan="4"&gt;content&lt;/td&gt;
	&lt;/tr&gt;
&lt;/table&gt;
&lt;br/&gt;&lt;table&gt;
	&lt;tr&gt;
		&lt;td&gt;scenario&lt;/td&gt;
		&lt;td&gt;page&lt;/td&gt;
		&lt;td&gt;source&lt;/td&gt;
		&lt;td&gt;should match&lt;/td&gt;
		&lt;td&gt;text&lt;/td&gt;
	&lt;/tr&gt;
	&lt;tr&gt;
		&lt;td&gt;check&lt;/td&gt;
		&lt;td&gt;request page&lt;/td&gt;
		&lt;td&gt;@source&lt;/td&gt;
		&lt;td colspan="2"&gt;200&lt;/td&gt;
	&lt;/tr&gt;
	&lt;tr&gt;
		&lt;td&gt;ensure&lt;/td&gt;
		&lt;td&gt;content matches&lt;/td&gt;
		&lt;td colspan="3"&gt;@text&lt;/td&gt;
	&lt;/tr&gt;
	&lt;tr&gt;
		&lt;td&gt;show&lt;/td&gt;
		&lt;td colspan="4"&gt;content&lt;/td&gt;
	&lt;/tr&gt;
&lt;/table&gt;
&lt;br/&gt;&lt;table&gt;
	&lt;tr&gt;
		&lt;td&gt;scenario&lt;/td&gt;
		&lt;td&gt;it should contain&lt;/td&gt;
		&lt;td colspan="2"&gt;text&lt;/td&gt;
	&lt;/tr&gt;
	&lt;tr&gt;
		&lt;td&gt;page&lt;/td&gt;
		&lt;td&gt;$IT&lt;/td&gt;
		&lt;td&gt;should contain&lt;/td&gt;
		&lt;td&gt;@text&lt;/td&gt;
	&lt;/tr&gt;
&lt;/table&gt;
&lt;br/&gt;&lt;table&gt;
	&lt;tr&gt;
		&lt;td&gt;scenario&lt;/td&gt;
		&lt;td&gt;it should not contain&lt;/td&gt;
		&lt;td colspan="2"&gt;text&lt;/td&gt;
	&lt;/tr&gt;
	&lt;tr&gt;
		&lt;td&gt;page&lt;/td&gt;
		&lt;td&gt;$IT&lt;/td&gt;
		&lt;td&gt;should not contain&lt;/td&gt;
		&lt;td&gt;@text&lt;/td&gt;
	&lt;/tr&gt;
&lt;/table&gt;
&lt;br/&gt;&lt;table&gt;
	&lt;tr&gt;
		&lt;td&gt;scenario&lt;/td&gt;
		&lt;td&gt;it should contain&lt;/td&gt;
		&lt;td&gt;text&lt;/td&gt;
		&lt;td&gt;in line&lt;/td&gt;
		&lt;td&gt;symbol&lt;/td&gt;
	&lt;/tr&gt;
	&lt;tr&gt;
		&lt;td&gt;check&lt;/td&gt;
		&lt;td&gt;request page&lt;/td&gt;
		&lt;td&gt;$IT&lt;/td&gt;
		&lt;td colspan="2"&gt;200&lt;/td&gt;
	&lt;/tr&gt;
	&lt;tr&gt;
		&lt;td&gt;$@symbol=&lt;/td&gt;
		&lt;td&gt;line number containing&lt;/td&gt;
		&lt;td colspan="3"&gt;@text&lt;/td&gt;
	&lt;/tr&gt;
&lt;/table&gt;
&lt;br/&gt;&lt;table&gt;
	&lt;tr&gt;
		&lt;td&gt;scenario&lt;/td&gt;
		&lt;td&gt;it should match&lt;/td&gt;
		&lt;td colspan="2"&gt;text&lt;/td&gt;
	&lt;/tr&gt;
	&lt;tr&gt;
		&lt;td&gt;page&lt;/td&gt;
		&lt;td&gt;$IT&lt;/td&gt;
		&lt;td&gt;should match&lt;/td&gt;
		&lt;td&gt;@text&lt;/td&gt;
	&lt;/tr&gt;
&lt;/table&gt;
&lt;br/&gt;&lt;table&gt;
	&lt;tr&gt;
		&lt;td&gt;scenario&lt;/td&gt;
		&lt;td&gt;test results for page&lt;/td&gt;
		&lt;td&gt;source&lt;/td&gt;
		&lt;td&gt;should contain&lt;/td&gt;
		&lt;td&gt;text&lt;/td&gt;
	&lt;/tr&gt;
	&lt;tr&gt;
		&lt;td&gt;check&lt;/td&gt;
		&lt;td&gt;request page&lt;/td&gt;
		&lt;td&gt;@source?test&lt;/td&gt;
		&lt;td colspan="2"&gt;200&lt;/td&gt;
	&lt;/tr&gt;
	&lt;tr&gt;
		&lt;td&gt;ensure&lt;/td&gt;
		&lt;td&gt;content contains&lt;/td&gt;
		&lt;td colspan="3"&gt;@text&lt;/td&gt;
	&lt;/tr&gt;
	&lt;tr&gt;
		&lt;td&gt;show&lt;/td&gt;
		&lt;td colspan="4"&gt;content&lt;/td&gt;
	&lt;/tr&gt;
&lt;/table&gt;
&lt;br/&gt;&lt;table&gt;
	&lt;tr&gt;
		&lt;td&gt;scenario&lt;/td&gt;
		&lt;td&gt;its test results should contain&lt;/td&gt;
		&lt;td colspan="2"&gt;text&lt;/td&gt;
	&lt;/tr&gt;
	&lt;tr&gt;
		&lt;td&gt;test results for page&lt;/td&gt;
		&lt;td&gt;$IT&lt;/td&gt;
		&lt;td&gt;should contain&lt;/td&gt;
		&lt;td&gt;@text&lt;/td&gt;
	&lt;/tr&gt;
&lt;/table&gt;
&lt;br/&gt;&lt;table&gt;
	&lt;tr&gt;
		&lt;td&gt;scenario&lt;/td&gt;
		&lt;td&gt;test ressults for page&lt;/td&gt;
		&lt;td&gt;source&lt;/td&gt;
		&lt;td&gt;should not contain&lt;/td&gt;
		&lt;td&gt;text&lt;/td&gt;
	&lt;/tr&gt;
	&lt;tr&gt;
		&lt;td&gt;check&lt;/td&gt;
		&lt;td&gt;request page&lt;/td&gt;
		&lt;td&gt;@source?test&lt;/td&gt;
		&lt;td colspan="2"&gt;200&lt;/td&gt;
	&lt;/tr&gt;
	&lt;tr&gt;
		&lt;td&gt;reject&lt;/td&gt;
		&lt;td&gt;content contains&lt;/td&gt;
		&lt;td colspan="3"&gt;@text&lt;/td&gt;
	&lt;/tr&gt;
	&lt;tr&gt;
		&lt;td&gt;show&lt;/td&gt;
		&lt;td colspan="4"&gt;content&lt;/td&gt;
	&lt;/tr&gt;
&lt;/table&gt;
&lt;br/&gt;&lt;table&gt;
	&lt;tr&gt;
		&lt;td&gt;scenario&lt;/td&gt;
		&lt;td&gt;and should contain&lt;/td&gt;
		&lt;td&gt;text&lt;/td&gt;
	&lt;/tr&gt;
	&lt;tr&gt;
		&lt;td&gt;ensure&lt;/td&gt;
		&lt;td&gt;content contains&lt;/td&gt;
		&lt;td&gt;@text&lt;/td&gt;
	&lt;/tr&gt;
	&lt;tr&gt;
		&lt;td&gt;show&lt;/td&gt;
		&lt;td colspan="2"&gt;content&lt;/td&gt;
	&lt;/tr&gt;
&lt;/table&gt;
&lt;br/&gt;&lt;table&gt;
	&lt;tr&gt;
		&lt;td&gt;scenario&lt;/td&gt;
		&lt;td&gt;and should match&lt;/td&gt;
		&lt;td&gt;text&lt;/td&gt;
	&lt;/tr&gt;
	&lt;tr&gt;
		&lt;td&gt;ensure&lt;/td&gt;
		&lt;td&gt;content matches&lt;/td&gt;
		&lt;td&gt;@text&lt;/td&gt;
	&lt;/tr&gt;
	&lt;tr&gt;
		&lt;td&gt;show&lt;/td&gt;
		&lt;td colspan="2"&gt;content&lt;/td&gt;
	&lt;/tr&gt;
&lt;/table&gt;
&lt;br/&gt;&lt;table&gt;
	&lt;tr&gt;
		&lt;td&gt;scenario&lt;/td&gt;
		&lt;td&gt;and should not contain&lt;/td&gt;
		&lt;td&gt;text&lt;/td&gt;
	&lt;/tr&gt;
	&lt;tr&gt;
		&lt;td&gt;reject&lt;/td&gt;
		&lt;td&gt;content contains&lt;/td&gt;
		&lt;td&gt;@text&lt;/td&gt;
	&lt;/tr&gt;
	&lt;tr&gt;
		&lt;td&gt;show&lt;/td&gt;
		&lt;td colspan="2"&gt;content&lt;/td&gt;
	&lt;/tr&gt;
&lt;/table&gt;
&lt;br/&gt;&lt;table&gt;
	&lt;tr&gt;
		&lt;td&gt;scenario&lt;/td&gt;
		&lt;td&gt;widget&lt;/td&gt;
		&lt;td&gt;wikiText&lt;/td&gt;
		&lt;td&gt;should render&lt;/td&gt;
		&lt;td&gt;htmlText&lt;/td&gt;
	&lt;/tr&gt;
	&lt;tr&gt;
		&lt;td&gt;create page&lt;/td&gt;
		&lt;td&gt;WidgetPage&lt;/td&gt;
		&lt;td&gt;with content&lt;/td&gt;
		&lt;td colspan="2"&gt;@wikiText&lt;/td&gt;
	&lt;/tr&gt;
	&lt;tr&gt;
		&lt;td&gt;check&lt;/td&gt;
		&lt;td&gt;request page&lt;/td&gt;
		&lt;td&gt;WidgetPage&lt;/td&gt;
		&lt;td colspan="2"&gt;200&lt;/td&gt;
	&lt;/tr&gt;
	&lt;tr&gt;
		&lt;td&gt;ensure&lt;/td&gt;
		&lt;td&gt;content matches&lt;/td&gt;
		&lt;td colspan="3"&gt;@htmlText&lt;/td&gt;
	&lt;/tr&gt;
	&lt;tr&gt;
		&lt;td&gt;show&lt;/td&gt;
		&lt;td colspan="4"&gt;content&lt;/td&gt;
	&lt;/tr&gt;
&lt;/table&gt;
&lt;br/&gt;&lt;table&gt;
	&lt;tr&gt;
		&lt;td&gt;scenario&lt;/td&gt;
		&lt;td&gt;the line&lt;/td&gt;
		&lt;td&gt;after&lt;/td&gt;
		&lt;td&gt;should come after&lt;/td&gt;
		&lt;td&gt;before&lt;/td&gt;
	&lt;/tr&gt;
	&lt;tr&gt;
		&lt;td&gt;check&lt;/td&gt;
		&lt;td&gt;echo int&lt;/td&gt;
		&lt;td&gt;$@before&lt;/td&gt;
		&lt;td colspan="2"&gt;&amp;lt; $@after&lt;/td&gt;
	&lt;/tr&gt;
&lt;/table&gt;
&lt;br/&gt;&lt;table&gt;
	&lt;tr&gt;
		&lt;td&gt;scenario&lt;/td&gt;
		&lt;td colspan="3"&gt;pass&lt;/td&gt;
	&lt;/tr&gt;
	&lt;tr&gt;
		&lt;td&gt;check&lt;/td&gt;
		&lt;td&gt;echo&lt;/td&gt;
		&lt;td&gt;pass&lt;/td&gt;
		&lt;td&gt;pass&lt;/td&gt;
	&lt;/tr&gt;
&lt;/table&gt;
&lt;/div&gt;
&lt;/div&gt;
&lt;div class="collapsible closed"&gt;&lt;ul&gt;&lt;li&gt;&lt;a href='#' class='expandall'&gt;Expand All&lt;/a&gt;&lt;/li&gt;&lt;li&gt;&lt;a href='#' class='collapseall'&gt;Collapse All&lt;/a&gt;&lt;/li&gt;&lt;/ul&gt;
	&lt;p class="title"&gt;Included page: &lt;a href="FitNesse.SuiteAcceptanceTests.SuiteWidgetTests.SetUp"&gt;.FitNesse.SuiteAcceptanceTests.SuiteWidgetTests.SetUp&lt;/a&gt; &lt;a href="FitNesse.SuiteAcceptanceTests.SuiteWidgetTests.SetUp?edit&amp;amp;redirectToReferer=true&amp;amp;redirectAction=" class="edit"&gt;(edit)&lt;/a&gt;&lt;/p&gt;
	&lt;div&gt;&lt;div class="collapsible"&gt;&lt;ul&gt;&lt;li&gt;&lt;a href='#' class='expandall'&gt;Expand All&lt;/a&gt;&lt;/li&gt;&lt;li&gt;&lt;a href='#' class='collapseall'&gt;Collapse All&lt;/a&gt;&lt;/li&gt;&lt;/ul&gt;
	&lt;p class="title"&gt;Included page: &lt;a href="FitNesse.SuiteAcceptanceTests.SetUp"&gt;&amp;lt;SuiteAcceptanceTests.SetUp&lt;/a&gt; &lt;a href="FitNesse.SuiteAcceptanceTests.SetUp?edit&amp;amp;redirectToReferer=true&amp;amp;redirectAction=" class="edit"&gt;(edit)&lt;/a&gt;&lt;/p&gt;
	&lt;div&gt;&lt;table&gt;
	&lt;tr&gt;
		&lt;td&gt;Import&lt;/td&gt;
	&lt;/tr&gt;
	&lt;tr&gt;
		&lt;td&gt;&lt;span class="pass"&gt;fitnesse.fixtures&lt;/span&gt;&lt;/td&gt;
	&lt;/tr&gt;
&lt;/table&gt;
&lt;br/&gt;&lt;table&gt;
	&lt;tr&gt;
		&lt;td&gt;&lt;span class="pass"&gt;SetUp&lt;/span&gt;&lt;/td&gt;
	&lt;/tr&gt;
&lt;/table&gt;
&lt;/div&gt;
&lt;/div&gt;
&lt;br/&gt;&lt;table&gt;
	&lt;tr&gt;
		&lt;td&gt;Library&lt;/td&gt;
	&lt;/tr&gt;
	&lt;tr&gt;
		&lt;td&gt;&lt;span class="pass"&gt;echo fixture&lt;/span&gt;&lt;/td&gt;
	&lt;/tr&gt;
	&lt;tr&gt;
		&lt;td&gt;&lt;span class="pass"&gt;page driver&lt;/span&gt;&lt;/td&gt;
	&lt;/tr&gt;
&lt;/table&gt;
&lt;br/&gt;&lt;/div&gt;
&lt;/div&gt;
&lt;br/&gt;&lt;h2&gt;Test the rendering of a broken &lt;a href="FitNesse.SuiteAcceptanceTests.SuiteWidgetTests.WikiPageReference"&gt;WikiPageReference&lt;/a&gt;.&lt;/h2&gt;
&lt;ul&gt;
	&lt;li&gt;A broken &lt;a href="FitNesse.SuiteAcceptanceTests.SuiteWidgetTests.WikiPageReference"&gt;WikiPageReference&lt;/a&gt; is a reference to a page that does not not exist.&lt;/li&gt;
	&lt;li&gt;It should be rendered as a &lt;b&gt;[?]&lt;/b&gt;.  The &lt;b&gt;[?]&lt;/b&gt; is a link to the wiki page followed by &lt;b&gt;?edit&lt;/b&gt;&lt;/li&gt;
&lt;/ul&gt;
&lt;hr/&gt;
&lt;br/&gt;&lt;table&gt;
	&lt;tr&gt;
		&lt;td colspan="4"&gt;script&lt;/td&gt;
	&lt;/tr&gt;
	&lt;tr class="scenario closed"&gt;
		&lt;td class="pass"&gt;given page&lt;/td&gt;
		&lt;td class="pass"&gt;ReferencePage&lt;/td&gt;
		&lt;td class="pass"&gt;with content&lt;/td&gt;
		&lt;td class="pass"&gt;SomePage&lt;/td&gt;
	&lt;/tr&gt;&lt;tr class="scenario-detail closed-detail"&gt;&lt;td colspan="4"&gt;&lt;table&gt;
	&lt;tr&gt;
		&lt;td&gt;scenario&lt;/td&gt;
		&lt;td&gt;given page&lt;/td&gt;
		&lt;td&gt;page&lt;/td&gt;
		&lt;td&gt;with content&lt;/td&gt;
		&lt;td&gt;content&lt;/td&gt;
	&lt;/tr&gt;
	&lt;tr&gt;
		&lt;td&gt;create page&lt;/td&gt;
		&lt;td&gt;ReferencePage&lt;/td&gt;
		&lt;td&gt;with content&lt;/td&gt;
		&lt;td colspan="2"&gt;SomePage&lt;/td&gt;
	&lt;/tr&gt;
	&lt;tr&gt;
		&lt;td&gt;$IT&amp;lt;-[ReferencePage]&lt;/td&gt;
		&lt;td&gt;echo&lt;/td&gt;
		&lt;td colspan="3"&gt;ReferencePage&lt;/td&gt;
	&lt;/tr&gt;
&lt;/table&gt;&lt;/td&gt;&lt;/tr&gt;
	&lt;tr class="scenario closed"&gt;
		&lt;td class="pass"&gt;it should have creating link to&lt;/td&gt;
		&lt;td colspan="3" class="pass"&gt;SomePage&lt;/td&gt;
	&lt;/tr&gt;&lt;tr class="scenario-detail closed-detail"&gt;&lt;td colspan="4"&gt;&lt;table&gt;
	&lt;tr&gt;
		&lt;td&gt;scenario&lt;/td&gt;
		&lt;td&gt;it should have creating link to&lt;/td&gt;
		&lt;td colspan="2"&gt;target&lt;/td&gt;
	&lt;/tr&gt;
	&lt;tr class="scenario closed"&gt;
		&lt;td class="pass"&gt;page&lt;/td&gt;
		&lt;td class="pass"&gt;$IT-&gt;[ReferencePage]&lt;/td&gt;
		&lt;td class="pass"&gt;should have creating link to&lt;/td&gt;
		&lt;td class="pass"&gt;SomePage&lt;/td&gt;
	&lt;/tr&gt;&lt;tr class="scenario-detail closed-detail"&gt;&lt;td colspan="4"&gt;&lt;table&gt;
	&lt;tr&gt;
		&lt;td&gt;scenario&lt;/td&gt;
		&lt;td&gt;page&lt;/td&gt;
		&lt;td&gt;source&lt;/td&gt;
		&lt;td&gt;should have creating link to&lt;/td&gt;
		&lt;td&gt;target&lt;/td&gt;
	&lt;/tr&gt;
	&lt;tr&gt;
		&lt;td&gt;check&lt;/td&gt;
		&lt;td&gt;request page&lt;/td&gt;
		&lt;td&gt;$IT-&gt;[ReferencePage]&lt;/td&gt;
		&lt;td colspan="2"&gt;&lt;span class="pass"&gt;200&lt;/span&gt;&lt;/td&gt;
	&lt;/tr&gt;
	&lt;tr&gt;
		&lt;td&gt;&lt;span class="pass"&gt;ensure&lt;/span&gt;&lt;/td&gt;
		&lt;td&gt;content contains&lt;/td&gt;
		&lt;td colspan="3"&gt;SomePage&lt;a title="create page" href="SomePage?edit&amp;nonExistent=true"&gt;[?]&lt;/a&gt;&lt;/td&gt;
	&lt;/tr&gt;
&lt;/table&gt;&lt;/td&gt;&lt;/tr&gt;
&lt;/table&gt;&lt;/td&gt;&lt;/tr&gt;
&lt;/table&gt;
&lt;br/&gt;&lt;div class="collapsible closed"&gt;&lt;ul&gt;&lt;li&gt;&lt;a href='#' class='expandall'&gt;Expand All&lt;/a&gt;&lt;/li&gt;&lt;li&gt;&lt;a href='#' class='collapseall'&gt;Collapse All&lt;/a&gt;&lt;/li&gt;&lt;/ul&gt;
	&lt;p class="title"&gt;Included page: &lt;a href="FitNesse.SuiteAcceptanceTests.TearDown"&gt;.FitNesse.SuiteAcceptanceTests.TearDown&lt;/a&gt; &lt;a href="FitNesse.SuiteAcceptanceTests.TearDown?edit&amp;amp;redirectToReferer=true&amp;amp;redirectAction=" class="edit"&gt;(edit)&lt;/a&gt;&lt;/p&gt;
	&lt;div&gt;&lt;hr/&gt;
&lt;br/&gt;&lt;table&gt;
	&lt;tr&gt;
		&lt;td&gt;&lt;span class="pass"&gt;tear down&lt;/span&gt;&lt;/td&gt;
	&lt;/tr&gt;
&lt;/table&gt;
&lt;br/&gt;&lt;/div&gt;
&lt;/div&gt;
</content>
    <relativePageName>TestBrokenWikiWordLink</relativePageName>
    
    
    
    <instructions>
            <instructionResult>
        <instruction>{id='import_25_0', instruction='import', path='fitnesse.fixtures'}</instruction>
        <slimResult>pass(fitnesse.fixtures)</slimResult>
                <expectation>
                    <status>pass</status>
                    <instructionId>import_25_0</instructionId>
                    <col>0</col>
                              <row>1</row>
                    <type>ImportExpectation</type>
                                        <evaluationMessage>fitnesse.fixtures</evaluationMessage>
                  </expectation>
        
      </instructionResult>
            <instructionResult>
        <instruction>{id='decisionTable_26_0', instruction='make', instanceName='decisionTable_26', className='SetUp', args=[]}</instruction>
        <slimResult>pass(SetUp)</slimResult>
                <expectation>
                    <status>pass</status>
                    <instructionId>decisionTable_26_0</instructionId>
                    <col>0</col>
                              <row>0</row>
                    <type>ConstructionExpectation</type>
                                        <evaluationMessage>SetUp</evaluationMessage>
                  </expectation>
        
      </instructionResult>
            <instructionResult>
        <instruction>{id='library_27_0', instruction='make', instanceName='library1', className='EchoFixture', args=[]}</instruction>
        <slimResult>pass(echo fixture)</slimResult>
                <expectation>
                    <status>pass</status>
                    <instructionId>library_27_0</instructionId>
                    <col>0</col>
                              <row>1</row>
                    <type>ConstructionExpectation</type>
                                        <evaluationMessage>echo fixture</evaluationMessage>
                  </expectation>
        
      </instructionResult>
            <instructionResult>
        <instruction>{id='library_27_1', instruction='make', instanceName='library2', className='PageDriver', args=[]}</instruction>
        <slimResult>pass(page driver)</slimResult>
                <expectation>
                    <status>pass</status>
                    <instructionId>library_27_1</instructionId>
                    <col>0</col>
                              <row>2</row>
                    <type>ConstructionExpectation</type>
                                        <evaluationMessage>page driver</evaluationMessage>
                  </expectation>
        
      </instructionResult>
            <instructionResult>
        <instruction>{id='scriptTable_28_0/scriptTable_0_0', instruction='call', instanceName='scriptTableActor', methodName='createPageWithContent', args=[ReferencePage, SomePage]}</instruction>
        <slimResult></slimResult>
                <expectation>
                    <instructionId>scriptTable_28_0/scriptTable_0_0</instructionId>
                    <col>0</col>
                              <row>1</row>
                    <type>ScriptActionExpectation</type>
                                      </expectation>
        
      </instructionResult>
            <instructionResult>
        <instruction>{id='scriptTable_28_0/scriptTable_0_1', instruction='callAndAssign', symbolName='IT', instanceName='scriptTableActor', methodName='echo', args=[ReferencePage]}</instruction>
        <slimResult>$IT&lt;-[ReferencePage]</slimResult>
                <expectation>
                    <instructionId>scriptTable_28_0/scriptTable_0_1</instructionId>
                    <col>0</col>
                              <row>2</row>
                    <type>SymbolAssignmentExpectation</type>
                                        <evaluationMessage>$IT&lt;-[ReferencePage]</evaluationMessage>
                  </expectation>
        
      </instructionResult>
            <instructionResult>
        <instruction>{id='scriptTable_28_1/scriptTable_8_0/scriptTable_7_0', instruction='call', instanceName='scriptTableActor', methodName='requestPage', args=[$IT]}</instruction>
        <slimResult>pass(200)</slimResult>
                <expectation>
                    <status>pass</status>
                    <instructionId>scriptTable_28_1/scriptTable_8_0/scriptTable_7_0</instructionId>
                    <col>3</col>
                              <row>1</row>
                    <type>ReturnedValueExpectation</type>
                                        <evaluationMessage>200</evaluationMessage>
                  </expectation>
        
      </instructionResult>
            <instructionResult>
        <instruction>{id='scriptTable_28_1/scriptTable_8_0/scriptTable_7_1', instruction='call', instanceName='scriptTableActor', methodName='contentContains', args=[SomePage&lt;a title="create page" href="SomePage?edit&amp;nonExistent=true"&gt;[?]&lt;/a&gt;]}</instruction>
        <slimResult>pass()</slimResult>
                <expectation>
                    <status>pass</status>
                    <instructionId>scriptTable_28_1/scriptTable_8_0/scriptTable_7_1</instructionId>
                    <col>0</col>
                              <row>2</row>
                    <type>EnsureActionExpectation</type>
                                      </expectation>
        
      </instructionResult>
            <instructionResult>
        <instruction>{id='decisionTable_29_0', instruction='make', instanceName='decisionTable_29', className='TearDown', args=[]}</instruction>
        <slimResult>pass(tear down)</slimResult>
                <expectation>
                    <status>pass</status>
                    <instructionId>decisionTable_29_0</instructionId>
                    <col>0</col>
                              <row>0</row>
                    <type>ConstructionExpectation</type>
                                        <evaluationMessage>tear down</evaluationMessage>
                  </expectation>
        
      </instructionResult>
      
    </instructions>
    
  </result>
  
    <finalCounts>
    <right>1</right>
    <wrong>0</wrong>
    <ignores>0</ignores>
    <exceptions>0</exceptions>
  </finalCounts>
  <totalRunTimeInMillis>67</totalRunTimeInMillis>
  
</testResults>

