<?xml version="1.0"?>
<testResults>
  <FitNesseVersion>v20140418</FitNesseVersion>
  <rootPath>AbapSlim.NotWorkingSlimTests.SlimSymbolsCanBeBlankOrNull</rootPath>
    <result>
    <counts>
      <right>0</right>
      <wrong>2</wrong>
      <ignores>1</ignores>
      <exceptions>6</exceptions>
    </counts>
    <runTimeInMillis>86</runTimeInMillis>
    <content>&lt;br/&gt;The values in symbols can be blank or null.&lt;br/&gt;&lt;br/&gt;&lt;table&gt;
	&lt;tr&gt;
		&lt;td&gt;null fixture &lt;span class="error"&gt;Unknown construction message&lt;/span&gt;&lt;/td&gt;
	&lt;/tr&gt;
	&lt;tr&gt;
		&lt;td&gt;get null?&lt;/td&gt;
	&lt;/tr&gt;
	&lt;tr&gt;
		&lt;td&gt;$NULL&amp;lt;-[null]&lt;/td&gt;
	&lt;/tr&gt;
	&lt;tr&gt;
		&lt;td&gt;[/__ERROR__/] &lt;span class="fail"&gt;expected [null]&lt;/span&gt;&lt;/td&gt;
	&lt;/tr&gt;
&lt;/table&gt;
&lt;br/&gt;&lt;table&gt;
	&lt;tr&gt;
		&lt;td&gt;null fixture &lt;span class="error"&gt;Unknown construction message&lt;/span&gt;&lt;/td&gt;
		&lt;td&gt;$NULL&lt;/td&gt;
	&lt;/tr&gt;
&lt;/table&gt;
&lt;br/&gt;&lt;table&gt;
	&lt;tr&gt;
		&lt;td&gt;script&lt;/td&gt;
		&lt;td colspan="3"&gt;test slim &lt;span class="error"&gt;Unknown construction message&lt;/span&gt;&lt;/td&gt;
	&lt;/tr&gt;
	&lt;tr&gt;
		&lt;td&gt;check&lt;/td&gt;
		&lt;td&gt;echo string&lt;/td&gt;
		&lt;td&gt;$NULL-&gt;[null]&lt;/td&gt;
		&lt;td&gt;[/__ERROR__/] &lt;span class="fail"&gt;expected [null]&lt;/span&gt;&lt;/td&gt;
	&lt;/tr&gt;
&lt;/table&gt;
&lt;br/&gt;&lt;br/&gt;&lt;table&gt;
	&lt;tr&gt;
		&lt;td&gt;null fixture &lt;span class="error"&gt;Unknown construction message&lt;/span&gt;&lt;/td&gt;
	&lt;/tr&gt;
	&lt;tr&gt;
		&lt;td&gt;get blank?&lt;/td&gt;
	&lt;/tr&gt;
	&lt;tr&gt;
		&lt;td&gt;$BLANK&amp;lt;-[null]&lt;/td&gt;
	&lt;/tr&gt;
&lt;/table&gt;
&lt;br/&gt;&lt;br/&gt;&lt;table&gt;
	&lt;tr&gt;
		&lt;td&gt;null fixture &lt;span class="error"&gt;Unknown construction message&lt;/span&gt;&lt;/td&gt;
		&lt;td&gt;$BLANK&lt;/td&gt;
	&lt;/tr&gt;
&lt;/table&gt;
&lt;br/&gt;&lt;table&gt;
	&lt;tr&gt;
		&lt;td&gt;script&lt;/td&gt;
		&lt;td colspan="3"&gt;test slim &lt;span class="error"&gt;Unknown construction message&lt;/span&gt;&lt;/td&gt;
	&lt;/tr&gt;
	&lt;tr&gt;
		&lt;td&gt;check&lt;/td&gt;
		&lt;td&gt;echo string&lt;/td&gt;
		&lt;td&gt;$BLANK-&gt;[null]&lt;/td&gt;
		&lt;td&gt; &lt;span class="ignore"&gt;/__ERROR__/&lt;/span&gt;&lt;/td&gt;
	&lt;/tr&gt;
&lt;/table&gt;
</content>
    <relativePageName>SlimSymbolsCanBeBlankOrNull</relativePageName>
    
    
    
    <instructions>
            <instructionResult>
        <instruction>{id='decisionTable_0_0', instruction='make', instanceName='decisionTable_0', className='NullFixture', args=[]}</instruction>
        <slimResult>error(a=/__ERROR__/;Unknown construction message)</slimResult>
                <expectation>
                    <status>error</status>
                    <instructionId>decisionTable_0_0</instructionId>
                    <col>0</col>
                              <row>0</row>
                    <type>ConstructionExpectation</type>
                    <actual>/__ERROR__/</actual>
                                        <evaluationMessage>Unknown construction message</evaluationMessage>
                  </expectation>
        
      </instructionResult>
            <instructionResult>
        <instruction>{id='decisionTable_0_5', instruction='callAndAssign', symbolName='NULL', instanceName='decisionTable_0', methodName='getNull', args=[]}</instruction>
        <slimResult>$NULL&lt;-[null]</slimResult>
                <expectation>
                    <instructionId>decisionTable_0_5</instructionId>
                    <col>0</col>
                              <row>2</row>
                    <type>SymbolAssignmentExpectation</type>
                                        <evaluationMessage>$NULL&lt;-[null]</evaluationMessage>
                  </expectation>
        
      </instructionResult>
            <instructionResult>
        <instruction>{id='decisionTable_0_8', instruction='call', instanceName='decisionTable_0', methodName='getNull', args=[]}</instruction>
        <slimResult>fail(a=/__ERROR__/;e=null)</slimResult>
                <expectation>
                    <status>fail</status>
                    <instructionId>decisionTable_0_8</instructionId>
                    <col>0</col>
                              <row>3</row>
                    <type>ReturnedValueExpectation</type>
                    <actual>/__ERROR__/</actual>
                              <expected>null</expected>
                            </expectation>
        
      </instructionResult>
            <instructionResult>
        <instruction>{id='decisionTable_1_0', instruction='make', instanceName='decisionTable_1', className='NullFixture', args=[$NULL]}</instruction>
        <slimResult>error(a=/__ERROR__/;Unknown construction message)</slimResult>
                <expectation>
                    <status>error</status>
                    <instructionId>decisionTable_1_0</instructionId>
                    <col>0</col>
                              <row>0</row>
                    <type>ConstructionExpectation</type>
                    <actual>/__ERROR__/</actual>
                                        <evaluationMessage>Unknown construction message</evaluationMessage>
                  </expectation>
        
      </instructionResult>
            <instructionResult>
        <instruction>{id='scriptTable_2_0', instruction='make', instanceName='scriptTableActor', className='TestSlim', args=[]}</instruction>
        <slimResult>error(a=/__ERROR__/;Unknown construction message)</slimResult>
                <expectation>
                    <status>error</status>
                    <instructionId>scriptTable_2_0</instructionId>
                    <col>1</col>
                              <row>0</row>
                    <type>ConstructionExpectation</type>
                    <actual>/__ERROR__/</actual>
                                        <evaluationMessage>Unknown construction message</evaluationMessage>
                  </expectation>
        
      </instructionResult>
            <instructionResult>
        <instruction>{id='scriptTable_2_1', instruction='call', instanceName='scriptTableActor', methodName='echoString', args=[$NULL]}</instruction>
        <slimResult>fail(a=/__ERROR__/;e=null)</slimResult>
                <expectation>
                    <status>fail</status>
                    <instructionId>scriptTable_2_1</instructionId>
                    <col>3</col>
                              <row>1</row>
                    <type>ReturnedValueExpectation</type>
                    <actual>/__ERROR__/</actual>
                              <expected>null</expected>
                            </expectation>
        
      </instructionResult>
            <instructionResult>
        <instruction>{id='decisionTable_3_0', instruction='make', instanceName='decisionTable_3', className='NullFixture', args=[]}</instruction>
        <slimResult>error(a=/__ERROR__/;Unknown construction message)</slimResult>
                <expectation>
                    <status>error</status>
                    <instructionId>decisionTable_3_0</instructionId>
                    <col>0</col>
                              <row>0</row>
                    <type>ConstructionExpectation</type>
                    <actual>/__ERROR__/</actual>
                                        <evaluationMessage>Unknown construction message</evaluationMessage>
                  </expectation>
        
      </instructionResult>
            <instructionResult>
        <instruction>{id='decisionTable_3_5', instruction='callAndAssign', symbolName='BLANK', instanceName='decisionTable_3', methodName='getBlank', args=[]}</instruction>
        <slimResult>$BLANK&lt;-[null]</slimResult>
                <expectation>
                    <instructionId>decisionTable_3_5</instructionId>
                    <col>0</col>
                              <row>2</row>
                    <type>SymbolAssignmentExpectation</type>
                                        <evaluationMessage>$BLANK&lt;-[null]</evaluationMessage>
                  </expectation>
        
      </instructionResult>
            <instructionResult>
        <instruction>{id='decisionTable_4_0', instruction='make', instanceName='decisionTable_4', className='NullFixture', args=[$BLANK]}</instruction>
        <slimResult>error(a=/__ERROR__/;Unknown construction message)</slimResult>
                <expectation>
                    <status>error</status>
                    <instructionId>decisionTable_4_0</instructionId>
                    <col>0</col>
                              <row>0</row>
                    <type>ConstructionExpectation</type>
                    <actual>/__ERROR__/</actual>
                                        <evaluationMessage>Unknown construction message</evaluationMessage>
                  </expectation>
        
      </instructionResult>
            <instructionResult>
        <instruction>{id='scriptTable_5_0', instruction='make', instanceName='scriptTableActor', className='TestSlim', args=[]}</instruction>
        <slimResult>error(a=/__ERROR__/;Unknown construction message)</slimResult>
                <expectation>
                    <status>error</status>
                    <instructionId>scriptTable_5_0</instructionId>
                    <col>1</col>
                              <row>0</row>
                    <type>ConstructionExpectation</type>
                    <actual>/__ERROR__/</actual>
                                        <evaluationMessage>Unknown construction message</evaluationMessage>
                  </expectation>
        
      </instructionResult>
            <instructionResult>
        <instruction>{id='scriptTable_5_1', instruction='call', instanceName='scriptTableActor', methodName='echoString', args=[$BLANK]}</instruction>
        <slimResult>ignore(/__ERROR__/)</slimResult>
                <expectation>
                    <status>ignore</status>
                    <instructionId>scriptTable_5_1</instructionId>
                    <col>3</col>
                              <row>1</row>
                    <type>ReturnedValueExpectation</type>
                                        <evaluationMessage>/__ERROR__/</evaluationMessage>
                  </expectation>
        
      </instructionResult>
      
    </instructions>
    
  </result>
  
    <finalCounts>
    <right>0</right>
    <wrong>1</wrong>
    <ignores>0</ignores>
    <exceptions>0</exceptions>
  </finalCounts>
  <totalRunTimeInMillis>87</totalRunTimeInMillis>
  
</testResults>

