<?xml version="1.0"?>
<testResults>
  <FitNesseVersion>v20140418</FitNesseVersion>
  <rootPath>FitNesse.SuiteAcceptanceTests.SuiteResponderTests.SuiteTestResponders.TestResponder</rootPath>
    <result>
    <counts>
      <right>5</right>
      <wrong>0</wrong>
      <ignores>2</ignores>
      <exceptions>0</exceptions>
    </counts>
    <runTimeInMillis>511</runTimeInMillis>
    <content>&lt;div class="collapsible closed"&gt;&lt;ul&gt;&lt;li&gt;&lt;a href='#' class='expandall'&gt;Expand All&lt;/a&gt;&lt;/li&gt;&lt;li&gt;&lt;a href='#' class='collapseall'&gt;Collapse All&lt;/a&gt;&lt;/li&gt;&lt;/ul&gt;
	&lt;p class="title"&gt;Included page: &lt;a href="FitNesse.SuiteAcceptanceTests.ScenarioLibrary"&gt;.FitNesse.SuiteAcceptanceTests.ScenarioLibrary&lt;/a&gt; &lt;a href="FitNesse.SuiteAcceptanceTests.ScenarioLibrary?edit&amp;amp;redirectToReferer=true&amp;amp;redirectAction=" class="edit"&gt;(edit)&lt;/a&gt;&lt;/p&gt;
	&lt;div&gt;&lt;table&gt;
	&lt;tr&gt;
		&lt;td&gt;scenario&lt;/td&gt;
		&lt;td&gt;given page&lt;/td&gt;
		&lt;td&gt;page&lt;/td&gt;
		&lt;td&gt;with content&lt;/td&gt;
		&lt;td&gt;content&lt;/td&gt;
	&lt;/tr&gt;
	&lt;tr&gt;
		&lt;td&gt;create page&lt;/td&gt;
		&lt;td&gt;@page&lt;/td&gt;
		&lt;td&gt;with content&lt;/td&gt;
		&lt;td colspan="2"&gt;@content&lt;/td&gt;
	&lt;/tr&gt;
	&lt;tr&gt;
		&lt;td&gt;$IT=&lt;/td&gt;
		&lt;td&gt;echo&lt;/td&gt;
		&lt;td colspan="3"&gt;@page&lt;/td&gt;
	&lt;/tr&gt;
&lt;/table&gt;
&lt;br/&gt;&lt;table&gt;
	&lt;tr&gt;
		&lt;td&gt;scenario&lt;/td&gt;
		&lt;td&gt;given page&lt;/td&gt;
		&lt;td colspan="2"&gt;page&lt;/td&gt;
	&lt;/tr&gt;
	&lt;tr&gt;
		&lt;td&gt;given page&lt;/td&gt;
		&lt;td&gt;@page&lt;/td&gt;
		&lt;td&gt;with content&lt;/td&gt;
		&lt;td&gt;nothing&lt;/td&gt;
	&lt;/tr&gt;
&lt;/table&gt;
&lt;br/&gt;&lt;table&gt;
	&lt;tr&gt;
		&lt;td&gt;scenario&lt;/td&gt;
		&lt;td&gt;given test page&lt;/td&gt;
		&lt;td&gt;page&lt;/td&gt;
	&lt;/tr&gt;
	&lt;tr&gt;
		&lt;td&gt;given page&lt;/td&gt;
		&lt;td colspan="2"&gt;@page&lt;/td&gt;
	&lt;/tr&gt;
	&lt;tr&gt;
		&lt;td&gt;make&lt;/td&gt;
		&lt;td&gt;@page&lt;/td&gt;
		&lt;td&gt;a test page&lt;/td&gt;
	&lt;/tr&gt;
&lt;/table&gt;
&lt;br/&gt;&lt;table&gt;
	&lt;tr&gt;
		&lt;td&gt;scenario&lt;/td&gt;
		&lt;td&gt;given slim test page&lt;/td&gt;
		&lt;td colspan="2"&gt;page&lt;/td&gt;
	&lt;/tr&gt;
	&lt;tr&gt;
		&lt;td&gt;given page&lt;/td&gt;
		&lt;td&gt;@page&lt;/td&gt;
		&lt;td&gt;with content&lt;/td&gt;
		&lt;td&gt;!define TEST_SYSTEM {slim}&lt;/td&gt;
	&lt;/tr&gt;
	&lt;tr&gt;
		&lt;td&gt;make&lt;/td&gt;
		&lt;td&gt;@page&lt;/td&gt;
		&lt;td colspan="2"&gt;a test page&lt;/td&gt;
	&lt;/tr&gt;
&lt;/table&gt;
&lt;br/&gt;&lt;table&gt;
	&lt;tr&gt;
		&lt;td&gt;scenario&lt;/td&gt;
		&lt;td&gt;page&lt;/td&gt;
		&lt;td&gt;source&lt;/td&gt;
		&lt;td&gt;should have link to&lt;/td&gt;
		&lt;td&gt;target&lt;/td&gt;
	&lt;/tr&gt;
	&lt;tr&gt;
		&lt;td&gt;check&lt;/td&gt;
		&lt;td&gt;request page&lt;/td&gt;
		&lt;td&gt;@source&lt;/td&gt;
		&lt;td colspan="2"&gt;200&lt;/td&gt;
	&lt;/tr&gt;
	&lt;tr&gt;
		&lt;td&gt;ensure&lt;/td&gt;
		&lt;td&gt;content contains&lt;/td&gt;
		&lt;td colspan="3"&gt;&amp;lt;a href="@target"&lt;/td&gt;
	&lt;/tr&gt;
	&lt;tr&gt;
		&lt;td&gt;$IT=&lt;/td&gt;
		&lt;td&gt;echo&lt;/td&gt;
		&lt;td colspan="3"&gt;@source&lt;/td&gt;
	&lt;/tr&gt;
&lt;/table&gt;
&lt;br/&gt;&lt;table&gt;
	&lt;tr&gt;
		&lt;td&gt;scenario&lt;/td&gt;
		&lt;td&gt;it should have link to&lt;/td&gt;
		&lt;td colspan="2"&gt;target&lt;/td&gt;
	&lt;/tr&gt;
	&lt;tr&gt;
		&lt;td&gt;page&lt;/td&gt;
		&lt;td&gt;$IT&lt;/td&gt;
		&lt;td&gt;should have link to&lt;/td&gt;
		&lt;td&gt;@target&lt;/td&gt;
	&lt;/tr&gt;
&lt;/table&gt;
&lt;br/&gt;&lt;table&gt;
	&lt;tr&gt;
		&lt;td&gt;scenario&lt;/td&gt;
		&lt;td&gt;and it should have link to&lt;/td&gt;
		&lt;td colspan="2"&gt;target&lt;/td&gt;
	&lt;/tr&gt;
	&lt;tr&gt;
		&lt;td&gt;page&lt;/td&gt;
		&lt;td&gt;$IT&lt;/td&gt;
		&lt;td&gt;should have link to&lt;/td&gt;
		&lt;td&gt;@target&lt;/td&gt;
	&lt;/tr&gt;
&lt;/table&gt;
&lt;br/&gt;&lt;table&gt;
	&lt;tr&gt;
		&lt;td&gt;scenario&lt;/td&gt;
		&lt;td&gt;page&lt;/td&gt;
		&lt;td&gt;source&lt;/td&gt;
		&lt;td&gt;should have creating link to&lt;/td&gt;
		&lt;td&gt;target&lt;/td&gt;
	&lt;/tr&gt;
	&lt;tr&gt;
		&lt;td&gt;check&lt;/td&gt;
		&lt;td&gt;request page&lt;/td&gt;
		&lt;td&gt;@source&lt;/td&gt;
		&lt;td colspan="2"&gt;200&lt;/td&gt;
	&lt;/tr&gt;
	&lt;tr&gt;
		&lt;td&gt;ensure&lt;/td&gt;
		&lt;td&gt;content contains&lt;/td&gt;
		&lt;td colspan="3"&gt;@target&amp;lt;a title="create page" href="@target?edit&amp;amp;nonExistent=true"&amp;gt;[?]&amp;lt;/a&amp;gt;&lt;/td&gt;
	&lt;/tr&gt;
&lt;/table&gt;
&lt;br/&gt;&lt;table&gt;
	&lt;tr&gt;
		&lt;td&gt;scenario&lt;/td&gt;
		&lt;td&gt;it should have creating link to&lt;/td&gt;
		&lt;td colspan="2"&gt;target&lt;/td&gt;
	&lt;/tr&gt;
	&lt;tr&gt;
		&lt;td&gt;page&lt;/td&gt;
		&lt;td&gt;$IT&lt;/td&gt;
		&lt;td&gt;should have creating link to&lt;/td&gt;
		&lt;td&gt;@target&lt;/td&gt;
	&lt;/tr&gt;
&lt;/table&gt;
&lt;br/&gt;&lt;table&gt;
	&lt;tr&gt;
		&lt;td&gt;scenario&lt;/td&gt;
		&lt;td&gt;page&lt;/td&gt;
		&lt;td&gt;source&lt;/td&gt;
		&lt;td&gt;should contain&lt;/td&gt;
		&lt;td&gt;text&lt;/td&gt;
	&lt;/tr&gt;
	&lt;tr&gt;
		&lt;td&gt;check&lt;/td&gt;
		&lt;td&gt;request page&lt;/td&gt;
		&lt;td&gt;@source&lt;/td&gt;
		&lt;td colspan="2"&gt;200&lt;/td&gt;
	&lt;/tr&gt;
	&lt;tr&gt;
		&lt;td&gt;ensure&lt;/td&gt;
		&lt;td&gt;content contains&lt;/td&gt;
		&lt;td colspan="3"&gt;@text&lt;/td&gt;
	&lt;/tr&gt;
	&lt;tr&gt;
		&lt;td&gt;show&lt;/td&gt;
		&lt;td colspan="4"&gt;content&lt;/td&gt;
	&lt;/tr&gt;
&lt;/table&gt;
&lt;br/&gt;&lt;table&gt;
	&lt;tr&gt;
		&lt;td&gt;scenario&lt;/td&gt;
		&lt;td&gt;page&lt;/td&gt;
		&lt;td&gt;source&lt;/td&gt;
		&lt;td&gt;should not contain&lt;/td&gt;
		&lt;td&gt;text&lt;/td&gt;
	&lt;/tr&gt;
	&lt;tr&gt;
		&lt;td&gt;check&lt;/td&gt;
		&lt;td&gt;request page&lt;/td&gt;
		&lt;td&gt;@source&lt;/td&gt;
		&lt;td colspan="2"&gt;200&lt;/td&gt;
	&lt;/tr&gt;
	&lt;tr&gt;
		&lt;td&gt;reject&lt;/td&gt;
		&lt;td&gt;content contains&lt;/td&gt;
		&lt;td colspan="3"&gt;@text&lt;/td&gt;
	&lt;/tr&gt;
	&lt;tr&gt;
		&lt;td&gt;show&lt;/td&gt;
		&lt;td colspan="4"&gt;content&lt;/td&gt;
	&lt;/tr&gt;
&lt;/table&gt;
&lt;br/&gt;&lt;table&gt;
	&lt;tr&gt;
		&lt;td&gt;scenario&lt;/td&gt;
		&lt;td&gt;page&lt;/td&gt;
		&lt;td&gt;source&lt;/td&gt;
		&lt;td&gt;should match&lt;/td&gt;
		&lt;td&gt;text&lt;/td&gt;
	&lt;/tr&gt;
	&lt;tr&gt;
		&lt;td&gt;check&lt;/td&gt;
		&lt;td&gt;request page&lt;/td&gt;
		&lt;td&gt;@source&lt;/td&gt;
		&lt;td colspan="2"&gt;200&lt;/td&gt;
	&lt;/tr&gt;
	&lt;tr&gt;
		&lt;td&gt;ensure&lt;/td&gt;
		&lt;td&gt;content matches&lt;/td&gt;
		&lt;td colspan="3"&gt;@text&lt;/td&gt;
	&lt;/tr&gt;
	&lt;tr&gt;
		&lt;td&gt;show&lt;/td&gt;
		&lt;td colspan="4"&gt;content&lt;/td&gt;
	&lt;/tr&gt;
&lt;/table&gt;
&lt;br/&gt;&lt;table&gt;
	&lt;tr&gt;
		&lt;td&gt;scenario&lt;/td&gt;
		&lt;td&gt;it should contain&lt;/td&gt;
		&lt;td colspan="2"&gt;text&lt;/td&gt;
	&lt;/tr&gt;
	&lt;tr&gt;
		&lt;td&gt;page&lt;/td&gt;
		&lt;td&gt;$IT&lt;/td&gt;
		&lt;td&gt;should contain&lt;/td&gt;
		&lt;td&gt;@text&lt;/td&gt;
	&lt;/tr&gt;
&lt;/table&gt;
&lt;br/&gt;&lt;table&gt;
	&lt;tr&gt;
		&lt;td&gt;scenario&lt;/td&gt;
		&lt;td&gt;it should not contain&lt;/td&gt;
		&lt;td colspan="2"&gt;text&lt;/td&gt;
	&lt;/tr&gt;
	&lt;tr&gt;
		&lt;td&gt;page&lt;/td&gt;
		&lt;td&gt;$IT&lt;/td&gt;
		&lt;td&gt;should not contain&lt;/td&gt;
		&lt;td&gt;@text&lt;/td&gt;
	&lt;/tr&gt;
&lt;/table&gt;
&lt;br/&gt;&lt;table&gt;
	&lt;tr&gt;
		&lt;td&gt;scenario&lt;/td&gt;
		&lt;td&gt;it should contain&lt;/td&gt;
		&lt;td&gt;text&lt;/td&gt;
		&lt;td&gt;in line&lt;/td&gt;
		&lt;td&gt;symbol&lt;/td&gt;
	&lt;/tr&gt;
	&lt;tr&gt;
		&lt;td&gt;check&lt;/td&gt;
		&lt;td&gt;request page&lt;/td&gt;
		&lt;td&gt;$IT&lt;/td&gt;
		&lt;td colspan="2"&gt;200&lt;/td&gt;
	&lt;/tr&gt;
	&lt;tr&gt;
		&lt;td&gt;$@symbol=&lt;/td&gt;
		&lt;td&gt;line number containing&lt;/td&gt;
		&lt;td colspan="3"&gt;@text&lt;/td&gt;
	&lt;/tr&gt;
&lt;/table&gt;
&lt;br/&gt;&lt;table&gt;
	&lt;tr&gt;
		&lt;td&gt;scenario&lt;/td&gt;
		&lt;td&gt;it should match&lt;/td&gt;
		&lt;td colspan="2"&gt;text&lt;/td&gt;
	&lt;/tr&gt;
	&lt;tr&gt;
		&lt;td&gt;page&lt;/td&gt;
		&lt;td&gt;$IT&lt;/td&gt;
		&lt;td&gt;should match&lt;/td&gt;
		&lt;td&gt;@text&lt;/td&gt;
	&lt;/tr&gt;
&lt;/table&gt;
&lt;br/&gt;&lt;table&gt;
	&lt;tr&gt;
		&lt;td&gt;scenario&lt;/td&gt;
		&lt;td&gt;test results for page&lt;/td&gt;
		&lt;td&gt;source&lt;/td&gt;
		&lt;td&gt;should contain&lt;/td&gt;
		&lt;td&gt;text&lt;/td&gt;
	&lt;/tr&gt;
	&lt;tr&gt;
		&lt;td&gt;check&lt;/td&gt;
		&lt;td&gt;request page&lt;/td&gt;
		&lt;td&gt;@source?test&lt;/td&gt;
		&lt;td colspan="2"&gt;200&lt;/td&gt;
	&lt;/tr&gt;
	&lt;tr&gt;
		&lt;td&gt;ensure&lt;/td&gt;
		&lt;td&gt;content contains&lt;/td&gt;
		&lt;td colspan="3"&gt;@text&lt;/td&gt;
	&lt;/tr&gt;
	&lt;tr&gt;
		&lt;td&gt;show&lt;/td&gt;
		&lt;td colspan="4"&gt;content&lt;/td&gt;
	&lt;/tr&gt;
&lt;/table&gt;
&lt;br/&gt;&lt;table&gt;
	&lt;tr&gt;
		&lt;td&gt;scenario&lt;/td&gt;
		&lt;td&gt;its test results should contain&lt;/td&gt;
		&lt;td colspan="2"&gt;text&lt;/td&gt;
	&lt;/tr&gt;
	&lt;tr&gt;
		&lt;td&gt;test results for page&lt;/td&gt;
		&lt;td&gt;$IT&lt;/td&gt;
		&lt;td&gt;should contain&lt;/td&gt;
		&lt;td&gt;@text&lt;/td&gt;
	&lt;/tr&gt;
&lt;/table&gt;
&lt;br/&gt;&lt;table&gt;
	&lt;tr&gt;
		&lt;td&gt;scenario&lt;/td&gt;
		&lt;td&gt;test ressults for page&lt;/td&gt;
		&lt;td&gt;source&lt;/td&gt;
		&lt;td&gt;should not contain&lt;/td&gt;
		&lt;td&gt;text&lt;/td&gt;
	&lt;/tr&gt;
	&lt;tr&gt;
		&lt;td&gt;check&lt;/td&gt;
		&lt;td&gt;request page&lt;/td&gt;
		&lt;td&gt;@source?test&lt;/td&gt;
		&lt;td colspan="2"&gt;200&lt;/td&gt;
	&lt;/tr&gt;
	&lt;tr&gt;
		&lt;td&gt;reject&lt;/td&gt;
		&lt;td&gt;content contains&lt;/td&gt;
		&lt;td colspan="3"&gt;@text&lt;/td&gt;
	&lt;/tr&gt;
	&lt;tr&gt;
		&lt;td&gt;show&lt;/td&gt;
		&lt;td colspan="4"&gt;content&lt;/td&gt;
	&lt;/tr&gt;
&lt;/table&gt;
&lt;br/&gt;&lt;table&gt;
	&lt;tr&gt;
		&lt;td&gt;scenario&lt;/td&gt;
		&lt;td&gt;and should contain&lt;/td&gt;
		&lt;td&gt;text&lt;/td&gt;
	&lt;/tr&gt;
	&lt;tr&gt;
		&lt;td&gt;ensure&lt;/td&gt;
		&lt;td&gt;content contains&lt;/td&gt;
		&lt;td&gt;@text&lt;/td&gt;
	&lt;/tr&gt;
	&lt;tr&gt;
		&lt;td&gt;show&lt;/td&gt;
		&lt;td colspan="2"&gt;content&lt;/td&gt;
	&lt;/tr&gt;
&lt;/table&gt;
&lt;br/&gt;&lt;table&gt;
	&lt;tr&gt;
		&lt;td&gt;scenario&lt;/td&gt;
		&lt;td&gt;and should match&lt;/td&gt;
		&lt;td&gt;text&lt;/td&gt;
	&lt;/tr&gt;
	&lt;tr&gt;
		&lt;td&gt;ensure&lt;/td&gt;
		&lt;td&gt;content matches&lt;/td&gt;
		&lt;td&gt;@text&lt;/td&gt;
	&lt;/tr&gt;
	&lt;tr&gt;
		&lt;td&gt;show&lt;/td&gt;
		&lt;td colspan="2"&gt;content&lt;/td&gt;
	&lt;/tr&gt;
&lt;/table&gt;
&lt;br/&gt;&lt;table&gt;
	&lt;tr&gt;
		&lt;td&gt;scenario&lt;/td&gt;
		&lt;td&gt;and should not contain&lt;/td&gt;
		&lt;td&gt;text&lt;/td&gt;
	&lt;/tr&gt;
	&lt;tr&gt;
		&lt;td&gt;reject&lt;/td&gt;
		&lt;td&gt;content contains&lt;/td&gt;
		&lt;td&gt;@text&lt;/td&gt;
	&lt;/tr&gt;
	&lt;tr&gt;
		&lt;td&gt;show&lt;/td&gt;
		&lt;td colspan="2"&gt;content&lt;/td&gt;
	&lt;/tr&gt;
&lt;/table&gt;
&lt;br/&gt;&lt;table&gt;
	&lt;tr&gt;
		&lt;td&gt;scenario&lt;/td&gt;
		&lt;td&gt;widget&lt;/td&gt;
		&lt;td&gt;wikiText&lt;/td&gt;
		&lt;td&gt;should render&lt;/td&gt;
		&lt;td&gt;htmlText&lt;/td&gt;
	&lt;/tr&gt;
	&lt;tr&gt;
		&lt;td&gt;create page&lt;/td&gt;
		&lt;td&gt;WidgetPage&lt;/td&gt;
		&lt;td&gt;with content&lt;/td&gt;
		&lt;td colspan="2"&gt;@wikiText&lt;/td&gt;
	&lt;/tr&gt;
	&lt;tr&gt;
		&lt;td&gt;check&lt;/td&gt;
		&lt;td&gt;request page&lt;/td&gt;
		&lt;td&gt;WidgetPage&lt;/td&gt;
		&lt;td colspan="2"&gt;200&lt;/td&gt;
	&lt;/tr&gt;
	&lt;tr&gt;
		&lt;td&gt;ensure&lt;/td&gt;
		&lt;td&gt;content matches&lt;/td&gt;
		&lt;td colspan="3"&gt;@htmlText&lt;/td&gt;
	&lt;/tr&gt;
	&lt;tr&gt;
		&lt;td&gt;show&lt;/td&gt;
		&lt;td colspan="4"&gt;content&lt;/td&gt;
	&lt;/tr&gt;
&lt;/table&gt;
&lt;br/&gt;&lt;table&gt;
	&lt;tr&gt;
		&lt;td&gt;scenario&lt;/td&gt;
		&lt;td&gt;the line&lt;/td&gt;
		&lt;td&gt;after&lt;/td&gt;
		&lt;td&gt;should come after&lt;/td&gt;
		&lt;td&gt;before&lt;/td&gt;
	&lt;/tr&gt;
	&lt;tr&gt;
		&lt;td&gt;check&lt;/td&gt;
		&lt;td&gt;echo int&lt;/td&gt;
		&lt;td&gt;$@before&lt;/td&gt;
		&lt;td colspan="2"&gt;&amp;lt; $@after&lt;/td&gt;
	&lt;/tr&gt;
&lt;/table&gt;
&lt;br/&gt;&lt;table&gt;
	&lt;tr&gt;
		&lt;td&gt;scenario&lt;/td&gt;
		&lt;td colspan="3"&gt;pass&lt;/td&gt;
	&lt;/tr&gt;
	&lt;tr&gt;
		&lt;td&gt;check&lt;/td&gt;
		&lt;td&gt;echo&lt;/td&gt;
		&lt;td&gt;pass&lt;/td&gt;
		&lt;td&gt;pass&lt;/td&gt;
	&lt;/tr&gt;
&lt;/table&gt;
&lt;/div&gt;
&lt;/div&gt;
&lt;div class="collapsible closed"&gt;&lt;ul&gt;&lt;li&gt;&lt;a href='#' class='expandall'&gt;Expand All&lt;/a&gt;&lt;/li&gt;&lt;li&gt;&lt;a href='#' class='collapseall'&gt;Collapse All&lt;/a&gt;&lt;/li&gt;&lt;/ul&gt;
	&lt;p class="title"&gt;Included page: &lt;a href="FitNesse.SuiteAcceptanceTests.SetUp"&gt;.FitNesse.SuiteAcceptanceTests.SetUp&lt;/a&gt; &lt;a href="FitNesse.SuiteAcceptanceTests.SetUp?edit&amp;amp;redirectToReferer=true&amp;amp;redirectAction=" class="edit"&gt;(edit)&lt;/a&gt;&lt;/p&gt;
	&lt;div&gt;&lt;table&gt;
	&lt;tr&gt;
		&lt;td&gt;Import&lt;/td&gt;
	&lt;/tr&gt;
	&lt;tr&gt;
		&lt;td&gt;&lt;span class="pass"&gt;fitnesse.fixtures&lt;/span&gt;&lt;/td&gt;
	&lt;/tr&gt;
&lt;/table&gt;
&lt;br/&gt;&lt;table&gt;
	&lt;tr&gt;
		&lt;td&gt;&lt;span class="pass"&gt;SetUp&lt;/span&gt;&lt;/td&gt;
	&lt;/tr&gt;
&lt;/table&gt;
&lt;/div&gt;
&lt;/div&gt;
&lt;br/&gt;When you execute a test page, FitNesse gathers up the html and passes it to FIT which runs the fixtures and colorizes the HTML appropriately.&lt;br/&gt;&lt;br/&gt;&lt;hr/&gt;
&lt;br/&gt;&lt;br/&gt;Create a simple test page&lt;br/&gt;&lt;br/&gt;&lt;table&gt;
	&lt;tr&gt;
		&lt;td&gt;script&lt;/td&gt;
		&lt;td&gt;&lt;span class="pass"&gt;Page Builder&lt;/span&gt;&lt;/td&gt;
	&lt;/tr&gt;
	&lt;tr&gt;
		&lt;td&gt;line&lt;/td&gt;
		&lt;td&gt;
!path classes
!path lib/*.jar
&lt;/td&gt;
	&lt;/tr&gt;
	&lt;tr&gt;
		&lt;td&gt;line&lt;/td&gt;
		&lt;td&gt;|!-fitnesse.testutil.PassFixture-!|&lt;/td&gt;
	&lt;/tr&gt;
	&lt;tr&gt;
		&lt;td&gt;page&lt;/td&gt;
		&lt;td&gt;TestPage&lt;/td&gt;
	&lt;/tr&gt;
&lt;/table&gt;
&lt;br/&gt;Now run the test page.&lt;br/&gt;&lt;br/&gt;&lt;table&gt;
	&lt;tr&gt;
		&lt;td colspan="2"&gt;&lt;span class="pass"&gt;Response Requester.&lt;/span&gt;&lt;/td&gt;
	&lt;/tr&gt;
	&lt;tr&gt;
		&lt;td&gt;uri&lt;/td&gt;
		&lt;td&gt;valid?&lt;/td&gt;
	&lt;/tr&gt;
	&lt;tr&gt;
		&lt;td&gt;TestPage?responder=test&lt;/td&gt;
		&lt;td&gt;&lt;span class="pass"&gt;true&lt;/span&gt;&lt;/td&gt;
	&lt;/tr&gt;
&lt;/table&gt;
&lt;br/&gt;&lt;table&gt;
	&lt;tr&gt;
		&lt;td&gt;&lt;span class="pass"&gt;Response Examiner.&lt;/span&gt;&lt;/td&gt;
	&lt;/tr&gt;
	&lt;tr&gt;
		&lt;td&gt;contents?&lt;/td&gt;
	&lt;/tr&gt;
	&lt;tr&gt;
		&lt;td&gt; &lt;span class="ignore"&gt;HTTP/1.1 200 OK
Transfer-Encoding: chunked
Content-Type: text/html; charset=utf-8

6f
&amp;amp;lt;!DOCTYPE html&amp;amp;gt;
&amp;amp;lt;html&amp;amp;gt;
 &amp;amp;lt;head&amp;amp;gt;
  &amp;amp;lt;meta http-equiv="Content-Type" content="text/html; charset=utf-8"/&amp;amp;gt;
  &amp;amp;lt;title&amp;amp;gt;
16
Test Results: TestPage
b
&amp;amp;lt;/title&amp;amp;gt;
  
12b
  &amp;amp;lt;!--[if lt IE 9]&amp;amp;gt;
   &amp;amp;lt;script&amp;amp;gt;
    document.createElement('header');
    document.createElement('nav');
    document.createElement('section');
    document.createElement('article');
    document.createElement('footer');
   &amp;amp;lt;/script&amp;amp;gt;
  &amp;amp;lt;![endif]--&amp;amp;gt;
  
  &amp;amp;lt;link rel="stylesheet" type="text/css" href="
1
/
58
files/fitnesse/css/fitnesse_wiki.css" /&amp;amp;gt;
  &amp;amp;lt;link rel="stylesheet" type="text/css" href="
1
/
59
files/fitnesse/css/fitnesse_pages.css" /&amp;amp;gt;
  &amp;amp;lt;link rel="stylesheet" type="text/css" href="
1
/
13
files/fitnesse/css/
11
fitnesse_straight
38
.css" /&amp;amp;gt;
  &amp;amp;lt;link rel="stylesheet" type="text/css" href="
1
/
64
files/fitnesse/wysiwyg/wysiwyg.css" media="screen"/&amp;amp;gt;
  &amp;amp;lt;link rel="stylesheet" type="text/css" href="
1
/
54
files/fitnesse/question.mark/question.mark.css" /&amp;amp;gt;
  &amp;amp;lt;link rel="wysiwyg.base" href="
1
/
3c
" /&amp;amp;gt;
  &amp;amp;lt;link rel="wysiwyg.stylesheet" type="text/css" href="
1
/
6a
files/fitnesse/css/fitnesse.css" media="screen" /&amp;amp;gt;
  &amp;amp;lt;link rel="wysiwyg.stylesheet" type="text/css" href="
1
/
68
files/fitnesse/wysiwyg/editor.css" media="screen" /&amp;amp;gt;
  &amp;amp;lt;link rel="shortcut icon" type="image/png" href="
1
/
35
files/fitnesse/images/favicon.png" /&amp;amp;gt;
  &amp;amp;lt;script src="
1
/
5f
files/fitnesse/javascript/jquery-1.7.2.min.js" type="text/javascript"&amp;amp;gt;&amp;amp;lt;/script&amp;amp;gt;
  &amp;amp;lt;script src="
1
/
57
files/fitnesse/javascript/fitnesse.js" type="text/javascript"&amp;amp;gt;&amp;amp;lt;/script&amp;amp;gt;
  &amp;amp;lt;script src="
1
/
1a
files/fitnesse/javascript/
11
fitnesse_straight
35
.js" type="text/javascript"&amp;amp;gt;&amp;amp;lt;/script&amp;amp;gt;
 &amp;amp;lt;/head&amp;amp;gt;
 &amp;amp;lt;body
8
 class="
8
testPage
1
"
11
&amp;amp;gt;

  &amp;amp;lt;header&amp;amp;gt;
   
9
&amp;amp;lt;a href="
1
/
3a
FrontPage" id="art_niche"&amp;amp;gt;&amp;amp;lt;span&amp;amp;gt;FitNesse&amp;amp;lt;/span&amp;amp;gt;&amp;amp;lt;/a&amp;amp;gt;

&amp;amp;lt;ul&amp;amp;gt;

a
&amp;amp;lt;/ul&amp;amp;gt;
&amp;amp;lt;h1&amp;amp;gt;
9
&amp;amp;lt;a href="
1
/
8
TestPage
2
"&amp;amp;gt;
8
TestPage
4
&amp;amp;lt;/a&amp;amp;gt;
7
&amp;amp;lt;/h1&amp;amp;gt;


1


1


11
  &amp;amp;lt;/header&amp;amp;gt;
  
  
3
   
127
&amp;amp;lt;div id="error-nav" class="hidden"&amp;amp;gt;
  &amp;amp;lt;p id="error-nav-label"&amp;amp;gt;Failure Navigator&amp;amp;lt;/p&amp;amp;gt;
  &amp;amp;lt;div id="error-nav-controls"&amp;amp;gt;
  &amp;amp;lt;button id="error-nav-prev"&amp;amp;gt;&amp;amp;lt;&amp;amp;lt;/button&amp;amp;gt;
  &amp;amp;lt;input id="error-nav-text" type="text"&amp;amp;gt;
   of &amp;amp;lt;span id="error-nav-max"&amp;amp;gt;&amp;amp;lt;/span&amp;amp;gt;
  &amp;amp;lt;button id="error-nav-next"&amp;amp;gt;&amp;amp;gt;&amp;amp;lt;/button&amp;amp;gt;
  &amp;amp;lt;/div&amp;amp;gt;
&amp;amp;lt;/div&amp;amp;gt;

2
  
e
  
  &amp;amp;lt;nav&amp;amp;gt;
   
24
&amp;amp;lt;ul&amp;amp;gt;&amp;amp;lt;li id="test-action"&amp;amp;gt;&amp;amp;lt;/li&amp;amp;gt;&amp;amp;lt;/ul&amp;amp;gt;

15
&amp;amp;lt;div class="hidden"&amp;amp;gt;

6
&amp;amp;lt;ul&amp;amp;gt;
 
1
 
e
 &amp;amp;lt;li&amp;amp;gt;&amp;amp;lt;a href="
8
TestPage
24
?test" accesskey="t"&amp;amp;gt;Test&amp;amp;lt;/a&amp;amp;gt;&amp;amp;lt;/li&amp;amp;gt;
 
1
 
e
 &amp;amp;lt;li&amp;amp;gt;&amp;amp;lt;a href="
8
TestPage
24
?edit" accesskey="e"&amp;amp;gt;Edit&amp;amp;lt;/a&amp;amp;gt;&amp;amp;lt;/li&amp;amp;gt;
 
1
 
1
 
2

 
2c
 &amp;amp;lt;li id="add" aria-haspopup="true"&amp;amp;gt;&amp;amp;lt;a href="
8
TestPage
26
?new" class="label"&amp;amp;gt;Add&amp;amp;lt;/a&amp;amp;gt;
  &amp;amp;lt;ul&amp;amp;gt;
   
10
  &amp;amp;lt;/ul&amp;amp;gt;
 &amp;amp;lt;/li&amp;amp;gt;
 
30
 
 &amp;amp;lt;li id="tools" aria-haspopup="true"&amp;amp;gt;&amp;amp;lt;a href="
1d
#" class="label"&amp;amp;gt;Tools&amp;amp;lt;/a&amp;amp;gt;
  
2
  
9
  &amp;amp;lt;ul&amp;amp;gt;
  
6
   &amp;amp;lt;li
a
&amp;amp;gt;&amp;amp;lt;a href="
8
TestPage
31
?properties" accesskey="p"&amp;amp;gt;Properties&amp;amp;lt;/a&amp;amp;gt;&amp;amp;lt;/li&amp;amp;gt;
  
2
  
6
   &amp;amp;lt;li
a
&amp;amp;gt;&amp;amp;lt;a href="
8
TestPage
30
?whereUsed" accesskey="w"&amp;amp;gt;Where Used&amp;amp;lt;/a&amp;amp;gt;&amp;amp;lt;/li&amp;amp;gt;
  
2
  
6
   &amp;amp;lt;li
a
&amp;amp;gt;&amp;amp;lt;a href="
8
TestPage
2d
?versions" accesskey="v"&amp;amp;gt;Versions&amp;amp;lt;/a&amp;amp;gt;&amp;amp;lt;/li&amp;amp;gt;
  
5
  
  
6
   &amp;amp;lt;li
10
 class="divider"
a
&amp;amp;gt;&amp;amp;lt;a href="
8
TestPage
3b
?refactor&amp;amp;amp;amp;type=rename"&amp;amp;gt;Rename&amp;amp;lt;/a&amp;amp;gt;&amp;amp;lt;/li&amp;amp;gt;
   &amp;amp;lt;li&amp;amp;gt;&amp;amp;lt;a href="
8
TestPage
37
?refactor&amp;amp;amp;amp;type=move"&amp;amp;gt;Move&amp;amp;lt;/a&amp;amp;gt;&amp;amp;lt;/li&amp;amp;gt;
   &amp;amp;lt;li&amp;amp;gt;&amp;amp;lt;a href="
8
TestPage
3d
?refactor&amp;amp;amp;amp;type=replace"&amp;amp;gt;Replace&amp;amp;lt;/a&amp;amp;gt;&amp;amp;lt;/li&amp;amp;gt;
   &amp;amp;lt;li&amp;amp;gt;&amp;amp;lt;a href="
8
TestPage
1f
?deletePage"&amp;amp;gt;Delete&amp;amp;lt;/a&amp;amp;gt;&amp;amp;lt;/li&amp;amp;gt;
  
2
  
7
   &amp;amp;lt;li 
10
 class="divider"
a
&amp;amp;gt;&amp;amp;lt;a href="
1
/
26
files" accesskey="f"&amp;amp;gt;Files&amp;amp;lt;/a&amp;amp;gt;&amp;amp;lt;/li&amp;amp;gt;
  
2
  
6
   &amp;amp;lt;li
37
&amp;amp;gt;&amp;amp;lt;a href="?searchForm" accesskey="s"&amp;amp;gt;Search&amp;amp;lt;/a&amp;amp;gt;&amp;amp;lt;/li&amp;amp;gt;
  
2
  
6
   &amp;amp;lt;li
a
&amp;amp;gt;&amp;amp;lt;a href="
1
/
36
RecentChanges" accesskey=""&amp;amp;gt;Recent Changes&amp;amp;lt;/a&amp;amp;gt;&amp;amp;lt;/li&amp;amp;gt;
  
3

  
6
   &amp;amp;lt;li
10
 class="divider"
34
&amp;amp;gt;&amp;amp;lt;a href="?testHistory"&amp;amp;gt;Test History&amp;amp;lt;/a&amp;amp;gt;&amp;amp;lt;/li&amp;amp;gt;
   &amp;amp;lt;li
a
&amp;amp;gt;&amp;amp;lt;a href="
8
TestPage
26
?pageHistory"&amp;amp;gt;Page History&amp;amp;lt;/a&amp;amp;gt;&amp;amp;lt;/li&amp;amp;gt;
  
2
  
6
   &amp;amp;lt;li
3a
&amp;amp;gt;&amp;amp;lt;a href="?test&amp;amp;amp;amp;remote_debug"&amp;amp;gt;Remote Debug&amp;amp;lt;/a&amp;amp;gt;&amp;amp;lt;/li&amp;amp;gt;
  
2
  
3

  
6
   &amp;amp;lt;li
10
 class="divider"
a
&amp;amp;gt;&amp;amp;lt;a href="
1
/
37
FitNesse.UserGuide" accesskey=""&amp;amp;gt;User Guide&amp;amp;lt;/a&amp;amp;gt;&amp;amp;lt;/li&amp;amp;gt;
  
15
  &amp;amp;lt;/ul&amp;amp;gt;
 &amp;amp;lt;/li&amp;amp;gt;
&amp;amp;lt;/ul&amp;amp;gt;

2e
&amp;amp;lt;/div&amp;amp;gt;
&amp;amp;lt;script type="text/javascript"&amp;amp;gt;//&amp;amp;lt;!--
 
12
$(function() {
   
22
$('nav &amp;amp;gt; div &amp;amp;gt; ul &amp;amp;gt; li').appendTo(
23
$('nav &amp;amp;gt; ul'));
 });
//--&amp;amp;gt;&amp;amp;lt;/script&amp;amp;gt;
1b
  &amp;amp;lt;/nav&amp;amp;gt;
  
  &amp;amp;lt;article&amp;amp;gt;
   
30
&amp;amp;lt;div id="test-summary"&amp;amp;gt;Running Tests ...&amp;amp;lt;/div&amp;amp;gt;


af
&amp;amp;lt;script&amp;amp;gt;document.getElementById("test-action").innerHTML = "&amp;amp;lt;a href=\"#\" onclick=\"doSilentRequest('?responder=stoptest&amp;amp;amp;id=1')\" class=\"stop\"&amp;amp;gt;Stop Test&amp;amp;lt;/a&amp;amp;gt;\r\n";&amp;amp;lt;/script&amp;amp;gt;

cc
&amp;amp;lt;br/&amp;amp;gt;&amp;amp;lt;br/&amp;amp;gt;&amp;amp;lt;span class="meta"&amp;amp;gt;classpath: classes&amp;amp;lt;/span&amp;amp;gt;&amp;amp;lt;br/&amp;amp;gt;&amp;amp;lt;span class="meta"&amp;amp;gt;classpath: lib/*.jar&amp;amp;lt;/span&amp;amp;gt;&amp;amp;lt;br/&amp;amp;gt;&amp;amp;lt;br/&amp;amp;gt;&amp;amp;lt;table class="pass"&amp;amp;gt;
	&amp;amp;lt;tr&amp;amp;gt;
		&amp;amp;lt;td&amp;amp;gt;fitnesse.testutil.PassFixture&amp;amp;lt;/td&amp;amp;gt;
	&amp;amp;lt;/tr&amp;amp;gt;
&amp;amp;lt;/table&amp;amp;gt;

49
&amp;amp;lt;script&amp;amp;gt;document.getElementById("test-action").innerHTML = "";&amp;amp;lt;/script&amp;amp;gt;

8e
&amp;amp;lt;script&amp;amp;gt;document.getElementById("test-action").innerHTML = "&amp;amp;lt;a href=\"ErrorLogs.TestPage\" class=\"ok\"&amp;amp;gt;Tests Executed OK&amp;amp;lt;/a&amp;amp;gt;\r\n";&amp;amp;lt;/script&amp;amp;gt;

db
&amp;amp;lt;script&amp;amp;gt;document.getElementById("test-summary").innerHTML = "&amp;amp;lt;strong&amp;amp;gt;Assertions:&amp;amp;lt;/strong&amp;amp;gt; 1 right, 0 wrong, 0 ignored, 0 exceptions (0.003 seconds)";document.getElementById("test-summary").className = "pass";&amp;amp;lt;/script&amp;amp;gt;

1


12
  &amp;amp;lt;/article&amp;amp;gt;
  
  
e
  &amp;amp;lt;footer&amp;amp;gt;
   
e
  &amp;amp;lt;/footer&amp;amp;gt;
  
12

 &amp;amp;lt;/body&amp;amp;gt;
&amp;amp;lt;/html&amp;amp;gt;

0
Exit-Code: 0

&lt;/span&gt;&lt;/td&gt;
	&lt;/tr&gt;
&lt;/table&gt;
&lt;br/&gt;The bgcolor of the cell should turn green&lt;br/&gt;&lt;br/&gt;&lt;table&gt;
	&lt;tr&gt;
		&lt;td colspan="3"&gt;&lt;span class="pass"&gt;Response Examiner.&lt;/span&gt;&lt;/td&gt;
	&lt;/tr&gt;
	&lt;tr&gt;
		&lt;td&gt;type&lt;/td&gt;
		&lt;td&gt;pattern&lt;/td&gt;
		&lt;td&gt;matches?&lt;/td&gt;
	&lt;/tr&gt;
	&lt;tr&gt;
		&lt;td&gt;contents&lt;/td&gt;
		&lt;td&gt;class="pass"&lt;/td&gt;
		&lt;td&gt;&lt;span class="pass"&gt;true&lt;/span&gt;&lt;/td&gt;
	&lt;/tr&gt;
	&lt;tr&gt;
		&lt;td&gt;contents&lt;/td&gt;
		&lt;td&gt;Assertions:.*\s+.*?1 right, 0 wrong, 0 ignored, 0 exceptions&lt;/td&gt;
		&lt;td&gt;&lt;span class="pass"&gt;true&lt;/span&gt;&lt;/td&gt;
	&lt;/tr&gt;
&lt;/table&gt;
&lt;br/&gt;The error log page should not have any errors&lt;br/&gt;&lt;br/&gt;&lt;table&gt;
	&lt;tr&gt;
		&lt;td colspan="2"&gt;&lt;span class="pass"&gt;Response Requester.&lt;/span&gt;&lt;/td&gt;
	&lt;/tr&gt;
	&lt;tr&gt;
		&lt;td&gt;uri&lt;/td&gt;
		&lt;td&gt;valid?&lt;/td&gt;
	&lt;/tr&gt;
	&lt;tr&gt;
		&lt;td&gt;ErrorLogs.TestPage&lt;/td&gt;
		&lt;td&gt;&lt;span class="pass"&gt;true&lt;/span&gt;&lt;/td&gt;
	&lt;/tr&gt;
&lt;/table&gt;
&lt;br/&gt;&lt;table&gt;
	&lt;tr&gt;
		&lt;td&gt;&lt;span class="pass"&gt;Response Examiner.&lt;/span&gt;&lt;/td&gt;
	&lt;/tr&gt;
	&lt;tr&gt;
		&lt;td&gt;contents?&lt;/td&gt;
	&lt;/tr&gt;
	&lt;tr&gt;
		&lt;td&gt; &lt;span class="ignore"&gt;HTTP/1.1 200 OK
Cache-Control: max-age=0
Content-Length: 5900
Content-Type: text/html; charset=utf-8

&amp;amp;lt;!DOCTYPE html&amp;amp;gt;
&amp;amp;lt;html&amp;amp;gt;
 &amp;amp;lt;head&amp;amp;gt;
  &amp;amp;lt;meta http-equiv="Content-Type" content="text/html; charset=utf-8"/&amp;amp;gt;
  &amp;amp;lt;title&amp;amp;gt;ErrorLogs.TestPage&amp;amp;lt;/title&amp;amp;gt;
    &amp;amp;lt;!--[if lt IE 9]&amp;amp;gt;
   &amp;amp;lt;script&amp;amp;gt;
    document.createElement('header');
    document.createElement('nav');
    document.createElement('section');
    document.createElement('article');
    document.createElement('footer');
   &amp;amp;lt;/script&amp;amp;gt;
  &amp;amp;lt;![endif]--&amp;amp;gt;
  
  &amp;amp;lt;link rel="stylesheet" type="text/css" href="/files/fitnesse/css/fitnesse_wiki.css" /&amp;amp;gt;
  &amp;amp;lt;link rel="stylesheet" type="text/css" href="/files/fitnesse/css/fitnesse_pages.css" /&amp;amp;gt;
  &amp;amp;lt;link rel="stylesheet" type="text/css" href="/files/fitnesse/css/fitnesse_straight.css" /&amp;amp;gt;
  &amp;amp;lt;link rel="stylesheet" type="text/css" href="/files/fitnesse/wysiwyg/wysiwyg.css" media="screen"/&amp;amp;gt;
  &amp;amp;lt;link rel="stylesheet" type="text/css" href="/files/fitnesse/question.mark/question.mark.css" /&amp;amp;gt;
  &amp;amp;lt;link rel="wysiwyg.base" href="/" /&amp;amp;gt;
  &amp;amp;lt;link rel="wysiwyg.stylesheet" type="text/css" href="/files/fitnesse/css/fitnesse.css" media="screen" /&amp;amp;gt;
  &amp;amp;lt;link rel="wysiwyg.stylesheet" type="text/css" href="/files/fitnesse/wysiwyg/editor.css" media="screen" /&amp;amp;gt;
  &amp;amp;lt;link rel="shortcut icon" type="image/png" href="/files/fitnesse/images/favicon.png" /&amp;amp;gt;
  &amp;amp;lt;script src="/files/fitnesse/javascript/jquery-1.7.2.min.js" type="text/javascript"&amp;amp;gt;&amp;amp;lt;/script&amp;amp;gt;
  &amp;amp;lt;script src="/files/fitnesse/javascript/fitnesse.js" type="text/javascript"&amp;amp;gt;&amp;amp;lt;/script&amp;amp;gt;
  &amp;amp;lt;script src="/files/fitnesse/javascript/fitnesse_straight.js" type="text/javascript"&amp;amp;gt;&amp;amp;lt;/script&amp;amp;gt;
 &amp;amp;lt;/head&amp;amp;gt;
 &amp;amp;lt;body class="wikiPage"&amp;amp;gt;

  &amp;amp;lt;header&amp;amp;gt;
   &amp;amp;lt;a href="/FrontPage" id="art_niche"&amp;amp;gt;&amp;amp;lt;span&amp;amp;gt;FitNesse&amp;amp;lt;/span&amp;amp;gt;&amp;amp;lt;/a&amp;amp;gt;

&amp;amp;lt;ul&amp;amp;gt;
 &amp;amp;lt;li&amp;amp;gt;&amp;amp;lt;a href="/ErrorLogs"&amp;amp;gt;ErrorLogs&amp;amp;lt;/a&amp;amp;gt;&amp;amp;lt;/li&amp;amp;gt;
&amp;amp;lt;/ul&amp;amp;gt;
&amp;amp;lt;h1&amp;amp;gt;TestPage&amp;amp;lt;/h1&amp;amp;gt;



  &amp;amp;lt;/header&amp;amp;gt;
  
    
  &amp;amp;lt;nav&amp;amp;gt;
   &amp;amp;lt;ul&amp;amp;gt;
     
  
 &amp;amp;lt;li id="tools" aria-haspopup="true"&amp;amp;gt;&amp;amp;lt;a href="#" class="label"&amp;amp;gt;Tools&amp;amp;lt;/a&amp;amp;gt;
      &amp;amp;lt;ul&amp;amp;gt;
       &amp;amp;lt;li&amp;amp;gt;&amp;amp;lt;a href="ErrorLogs.TestPage?whereUsed" accesskey="w"&amp;amp;gt;Where Used&amp;amp;lt;/a&amp;amp;gt;&amp;amp;lt;/li&amp;amp;gt;
       &amp;amp;lt;li&amp;amp;gt;&amp;amp;lt;a href="ErrorLogs.TestPage?versions" accesskey="v"&amp;amp;gt;Versions&amp;amp;lt;/a&amp;amp;gt;&amp;amp;lt;/li&amp;amp;gt;
    
       &amp;amp;lt;li  class="divider"&amp;amp;gt;&amp;amp;lt;a href="/files" accesskey="f"&amp;amp;gt;Files&amp;amp;lt;/a&amp;amp;gt;&amp;amp;lt;/li&amp;amp;gt;
       &amp;amp;lt;li&amp;amp;gt;&amp;amp;lt;a href="?searchForm" accesskey="s"&amp;amp;gt;Search&amp;amp;lt;/a&amp;amp;gt;&amp;amp;lt;/li&amp;amp;gt;
       &amp;amp;lt;li&amp;amp;gt;&amp;amp;lt;a href="/RecentChanges" accesskey=""&amp;amp;gt;Recent Changes&amp;amp;lt;/a&amp;amp;gt;&amp;amp;lt;/li&amp;amp;gt;
  
      
     &amp;amp;lt;li class="divider"&amp;amp;gt;&amp;amp;lt;a href="/FitNesse.UserGuide" accesskey=""&amp;amp;gt;User Guide&amp;amp;lt;/a&amp;amp;gt;&amp;amp;lt;/li&amp;amp;gt;
    &amp;amp;lt;/ul&amp;amp;gt;
 &amp;amp;lt;/li&amp;amp;gt;
&amp;amp;lt;/ul&amp;amp;gt;
  &amp;amp;lt;/nav&amp;amp;gt;
  
  &amp;amp;lt;article&amp;amp;gt;
   &amp;amp;lt;br/&amp;amp;gt;&amp;amp;lt;h3&amp;amp;gt;fit:fit.FitServer&amp;amp;lt;/h3&amp;amp;gt;
&amp;amp;lt;table&amp;amp;gt;
	&amp;amp;lt;tr&amp;amp;gt;
		&amp;amp;lt;td&amp;amp;gt;&amp;amp;lt;b&amp;amp;gt;Date: &amp;amp;lt;/b&amp;amp;gt;&amp;amp;lt;/td&amp;amp;gt;
		&amp;amp;lt;td&amp;amp;gt;1:54:29 AM (CST) on Tuesday, May 13, 2014&amp;amp;lt;/td&amp;amp;gt;
	&amp;amp;lt;/tr&amp;amp;gt;
	&amp;amp;lt;tr&amp;amp;gt;
		&amp;amp;lt;td&amp;amp;gt;&amp;amp;lt;b&amp;amp;gt;Test Page: &amp;amp;lt;/b&amp;amp;gt;&amp;amp;lt;/td&amp;amp;gt;
		&amp;amp;lt;td&amp;amp;gt;&amp;amp;lt;a href="TestPage"&amp;amp;gt;.TestPage&amp;amp;lt;/a&amp;amp;gt;&amp;amp;lt;/td&amp;amp;gt;
	&amp;amp;lt;/tr&amp;amp;gt;
	&amp;amp;lt;tr&amp;amp;gt;
		&amp;amp;lt;td&amp;amp;gt;&amp;amp;lt;b&amp;amp;gt;Command: &amp;amp;lt;/b&amp;amp;gt;&amp;amp;lt;/td&amp;amp;gt;
		&amp;amp;lt;td&amp;amp;gt;java -cp fitnesse-standalone.jar;classes;lib/*.jar fit.FitServer LUCAS_YOGA2_PRO 57211 3863&amp;amp;lt;/td&amp;amp;gt;
	&amp;amp;lt;/tr&amp;amp;gt;
	&amp;amp;lt;tr&amp;amp;gt;
		&amp;amp;lt;td&amp;amp;gt;&amp;amp;lt;b&amp;amp;gt;Exit code: &amp;amp;lt;/b&amp;amp;gt;&amp;amp;lt;/td&amp;amp;gt;
		&amp;amp;lt;td&amp;amp;gt;0&amp;amp;lt;/td&amp;amp;gt;
	&amp;amp;lt;/tr&amp;amp;gt;
	&amp;amp;lt;tr&amp;amp;gt;
		&amp;amp;lt;td&amp;amp;gt;&amp;amp;lt;b&amp;amp;gt;Time elapsed: &amp;amp;lt;/b&amp;amp;gt;&amp;amp;lt;/td&amp;amp;gt;
		&amp;amp;lt;td&amp;amp;gt;0.356 seconds&amp;amp;lt;/td&amp;amp;gt;
	&amp;amp;lt;/tr&amp;amp;gt;
&amp;amp;lt;/table&amp;amp;gt;
&amp;amp;lt;br/&amp;amp;gt;

&amp;amp;lt;div id="helpUnderlay" class="help-underlay"&amp;amp;gt;
    &amp;amp;lt;div id="helpModal" class="help-modal"&amp;amp;gt;
        &amp;amp;lt;h1&amp;amp;gt;Keyboard Shortcuts &amp;amp;lt;kbd class="help-key"&amp;amp;gt;&amp;amp;lt;span&amp;amp;gt;?&amp;amp;lt;/span&amp;amp;gt;&amp;amp;lt;/kbd&amp;amp;gt;&amp;amp;lt;/h1&amp;amp;gt;
        &amp;amp;lt;div id="helpClose" class="help-close"&amp;amp;gt;&amp;amp;amp;times;&amp;amp;lt;/div&amp;amp;gt;
        &amp;amp;lt;div id="helpModalContent" class="help-modal-content"&amp;amp;gt;
            &amp;amp;lt;div id="helpListWrap" class="help-list-wrap"&amp;amp;gt;
                &amp;amp;lt;ul class="help-list"&amp;amp;gt;
                    &amp;amp;lt;li class="help-key-unit"&amp;amp;gt;
                        &amp;amp;lt;kbd class="help-key"&amp;amp;gt;&amp;amp;lt;span&amp;amp;gt;t&amp;amp;lt;/span&amp;amp;gt;&amp;amp;lt;/kbd&amp;amp;gt;
                        &amp;amp;lt;span class="help-key-def"&amp;amp;gt;Test&amp;amp;lt;/span&amp;amp;gt;
                    &amp;amp;lt;/li&amp;amp;gt;
                    &amp;amp;lt;li class="help-key-unit"&amp;amp;gt;
                        &amp;amp;lt;kbd class="help-key"&amp;amp;gt;&amp;amp;lt;span&amp;amp;gt;e&amp;amp;lt;/span&amp;amp;gt;&amp;amp;lt;/kbd&amp;amp;gt;
                        &amp;amp;lt;span class="help-key-def"&amp;amp;gt;Edit page&amp;amp;lt;/span&amp;amp;gt;
                    &amp;amp;lt;/li&amp;amp;gt;
                    &amp;amp;lt;li class="help-key-unit"&amp;amp;gt;
                        &amp;amp;lt;kbd class="help-key"&amp;amp;gt;&amp;amp;lt;span&amp;amp;gt;a&amp;amp;lt;/span&amp;amp;gt;&amp;amp;lt;/kbd&amp;amp;gt;
                        &amp;amp;lt;span class="help-key-def"&amp;amp;gt;Add new page&amp;amp;lt;/span&amp;amp;gt;
                    &amp;amp;lt;/li&amp;amp;gt;
                    &amp;amp;lt;li class="help-key-unit"&amp;amp;gt;
                        &amp;amp;lt;kbd class="help-key"&amp;amp;gt;&amp;amp;lt;span&amp;amp;gt;p&amp;amp;lt;/span&amp;amp;gt;&amp;amp;lt;/kbd&amp;amp;gt;
                        &amp;amp;lt;span class="help-key-def"&amp;amp;gt;Properties&amp;amp;lt;/span&amp;amp;gt;
                    &amp;amp;lt;/li&amp;amp;gt;
                    &amp;amp;lt;li class="help-key-unit"&amp;amp;gt;
                        &amp;amp;lt;kbd class="help-key"&amp;amp;gt;&amp;amp;lt;span&amp;amp;gt;w&amp;amp;lt;/span&amp;amp;gt;&amp;amp;lt;/kbd&amp;amp;gt;
                        &amp;amp;lt;span class="help-key-def"&amp;amp;gt;Where used?&amp;amp;lt;/span&amp;amp;gt;
                    &amp;amp;lt;/li&amp;amp;gt;
                    &amp;amp;lt;li class="help-key-unit"&amp;amp;gt;
                        &amp;amp;lt;kbd class="help-key"&amp;amp;gt;&amp;amp;lt;span&amp;amp;gt;/&amp;amp;lt;/span&amp;amp;gt;&amp;amp;lt;/kbd&amp;amp;gt;
                        &amp;amp;lt;span class="help-key-def"&amp;amp;gt;Focus on search bar&amp;amp;lt;/span&amp;amp;gt;
                    &amp;amp;lt;/li&amp;amp;gt;
                    &amp;amp;lt;li class="help-key-unit"&amp;amp;gt;
                        &amp;amp;lt;kbd class="help-key"&amp;amp;gt;&amp;amp;lt;span&amp;amp;gt;s&amp;amp;lt;/span&amp;amp;gt;&amp;amp;lt;/kbd&amp;amp;gt;
                        &amp;amp;lt;span class="help-key-def"&amp;amp;gt;Open search page&amp;amp;lt;/span&amp;amp;gt;
                    &amp;amp;lt;/li&amp;amp;gt;
                    &amp;amp;lt;li class="help-key-unit"&amp;amp;gt;
                        &amp;amp;lt;kbd class="help-key"&amp;amp;gt;&amp;amp;lt;span&amp;amp;gt;g&amp;amp;lt;/span&amp;amp;gt; &amp;amp;lt;span&amp;amp;gt;u&amp;amp;lt;/span&amp;amp;gt;&amp;amp;lt;/kbd&amp;amp;gt;
                        &amp;amp;lt;span class="help-key-def"&amp;amp;gt;Go to User Guide&amp;amp;lt;/span&amp;amp;gt;
                    &amp;amp;lt;/li&amp;amp;gt;
                &amp;amp;lt;/ul&amp;amp;gt;
            &amp;amp;lt;/div&amp;amp;gt;
        &amp;amp;lt;/div&amp;amp;gt;
    &amp;amp;lt;/div&amp;amp;gt;
&amp;amp;lt;/div&amp;amp;gt;

&amp;amp;lt;script src="/files/fitnesse/javascript/mousetrap.min.js" type="text/javascript"&amp;amp;gt;&amp;amp;lt;/script&amp;amp;gt;
&amp;amp;lt;script src="/files/fitnesse/question.mark/question.mark.js" type="text/javascript"&amp;amp;gt;&amp;amp;lt;/script&amp;amp;gt;

&amp;amp;lt;script type="text/javascript"&amp;amp;gt;

  
              Mousetrap.bind('w', function() { window.location.href ="ErrorLogs.TestPage?whereUsed"; });
        Mousetrap.bind('v', function() { window.location.href ="ErrorLogs.TestPage?versions"; });
        Mousetrap.bind('s', function() { window.location.href ="ErrorLogs.TestPage?searchForm"; });
    Mousetrap.bind('/', function() { 
      document.getElementById('searchString').focus();
      return false;  // stops the / character appearing in search box
    });
        Mousetrap.bind('g u', function() { window.location.href =".FitNesse.UserGuide"; });
  
&amp;amp;lt;/script&amp;amp;gt;

  &amp;amp;lt;/article&amp;amp;gt;
  
    &amp;amp;lt;footer&amp;amp;gt;
     &amp;amp;lt;/footer&amp;amp;gt;
  
 &amp;amp;lt;/body&amp;amp;gt;
&amp;amp;lt;/html&amp;amp;gt;
&lt;/span&gt;&lt;/td&gt;
	&lt;/tr&gt;
&lt;/table&gt;
&lt;br/&gt;&lt;table&gt;
	&lt;tr&gt;
		&lt;td colspan="3"&gt;&lt;span class="pass"&gt;Response Examiner.&lt;/span&gt;&lt;/td&gt;
	&lt;/tr&gt;
	&lt;tr&gt;
		&lt;td&gt;type&lt;/td&gt;
		&lt;td&gt;pattern&lt;/td&gt;
		&lt;td&gt;matches?&lt;/td&gt;
	&lt;/tr&gt;
	&lt;tr&gt;
		&lt;td&gt;contents&lt;/td&gt;
		&lt;td&gt;Exit code.*0.*Time&lt;/td&gt;
		&lt;td&gt;&lt;span class="pass"&gt;true&lt;/span&gt;&lt;/td&gt;
	&lt;/tr&gt;
&lt;/table&gt;
&lt;div class="collapsible closed"&gt;&lt;ul&gt;&lt;li&gt;&lt;a href='#' class='expandall'&gt;Expand All&lt;/a&gt;&lt;/li&gt;&lt;li&gt;&lt;a href='#' class='collapseall'&gt;Collapse All&lt;/a&gt;&lt;/li&gt;&lt;/ul&gt;
	&lt;p class="title"&gt;Included page: &lt;a href="FitNesse.SuiteAcceptanceTests.TearDown"&gt;.FitNesse.SuiteAcceptanceTests.TearDown&lt;/a&gt; &lt;a href="FitNesse.SuiteAcceptanceTests.TearDown?edit&amp;amp;redirectToReferer=true&amp;amp;redirectAction=" class="edit"&gt;(edit)&lt;/a&gt;&lt;/p&gt;
	&lt;div&gt;&lt;hr/&gt;
&lt;br/&gt;&lt;table&gt;
	&lt;tr&gt;
		&lt;td&gt;&lt;span class="pass"&gt;tear down&lt;/span&gt;&lt;/td&gt;
	&lt;/tr&gt;
&lt;/table&gt;
&lt;br/&gt;&lt;/div&gt;
&lt;/div&gt;
</content>
    <relativePageName>TestResponder</relativePageName>
    
    
    
    <instructions>
            <instructionResult>
        <instruction>{id='import_25_0', instruction='import', path='fitnesse.fixtures'}</instruction>
        <slimResult>pass(fitnesse.fixtures)</slimResult>
                <expectation>
                    <status>pass</status>
                    <instructionId>import_25_0</instructionId>
                    <col>0</col>
                              <row>1</row>
                    <type>ImportExpectation</type>
                                        <evaluationMessage>fitnesse.fixtures</evaluationMessage>
                  </expectation>
        
      </instructionResult>
            <instructionResult>
        <instruction>{id='decisionTable_26_0', instruction='make', instanceName='decisionTable_26', className='SetUp', args=[]}</instruction>
        <slimResult>pass(SetUp)</slimResult>
                <expectation>
                    <status>pass</status>
                    <instructionId>decisionTable_26_0</instructionId>
                    <col>0</col>
                              <row>0</row>
                    <type>ConstructionExpectation</type>
                                        <evaluationMessage>SetUp</evaluationMessage>
                  </expectation>
        
      </instructionResult>
            <instructionResult>
        <instruction>{id='scriptTable_27_0', instruction='make', instanceName='scriptTableActor', className='PageBuilder', args=[]}</instruction>
        <slimResult>pass(Page Builder)</slimResult>
                <expectation>
                    <status>pass</status>
                    <instructionId>scriptTable_27_0</instructionId>
                    <col>1</col>
                              <row>0</row>
                    <type>ConstructionExpectation</type>
                                        <evaluationMessage>Page Builder</evaluationMessage>
                  </expectation>
        
      </instructionResult>
            <instructionResult>
        <instruction>{id='scriptTable_27_1', instruction='call', instanceName='scriptTableActor', methodName='line', args=[
!path classes
!path lib/*.jar
]}</instruction>
        <slimResult></slimResult>
                <expectation>
                    <instructionId>scriptTable_27_1</instructionId>
                    <col>0</col>
                              <row>1</row>
                    <type>ScriptActionExpectation</type>
                                      </expectation>
        
      </instructionResult>
            <instructionResult>
        <instruction>{id='scriptTable_27_2', instruction='call', instanceName='scriptTableActor', methodName='line', args=[|!-fitnesse.testutil.PassFixture-!|]}</instruction>
        <slimResult></slimResult>
                <expectation>
                    <instructionId>scriptTable_27_2</instructionId>
                    <col>0</col>
                              <row>2</row>
                    <type>ScriptActionExpectation</type>
                                      </expectation>
        
      </instructionResult>
            <instructionResult>
        <instruction>{id='scriptTable_27_3', instruction='call', instanceName='scriptTableActor', methodName='page', args=[TestPage]}</instruction>
        <slimResult></slimResult>
                <expectation>
                    <instructionId>scriptTable_27_3</instructionId>
                    <col>0</col>
                              <row>3</row>
                    <type>ScriptActionExpectation</type>
                                      </expectation>
        
      </instructionResult>
            <instructionResult>
        <instruction>{id='decisionTable_28_0', instruction='make', instanceName='decisionTable_28', className='ResponseRequester', args=[]}</instruction>
        <slimResult>pass(Response Requester.)</slimResult>
                <expectation>
                    <status>pass</status>
                    <instructionId>decisionTable_28_0</instructionId>
                    <col>0</col>
                              <row>0</row>
                    <type>ConstructionExpectation</type>
                                        <evaluationMessage>Response Requester.</evaluationMessage>
                  </expectation>
        
      </instructionResult>
            <instructionResult>
        <instruction>{id='decisionTable_28_4', instruction='call', instanceName='decisionTable_28', methodName='setUri', args=[TestPage?responder=test]}</instruction>
        <slimResult></slimResult>
                <expectation>
                    <instructionId>decisionTable_28_4</instructionId>
                    <col>0</col>
                              <row>2</row>
                    <type>VoidReturnExpectation</type>
                                      </expectation>
        
      </instructionResult>
            <instructionResult>
        <instruction>{id='decisionTable_28_6', instruction='call', instanceName='decisionTable_28', methodName='valid', args=[]}</instruction>
        <slimResult>pass(true)</slimResult>
                <expectation>
                    <status>pass</status>
                    <instructionId>decisionTable_28_6</instructionId>
                    <col>1</col>
                              <row>2</row>
                    <type>ReturnedValueExpectation</type>
                                        <evaluationMessage>true</evaluationMessage>
                  </expectation>
        
      </instructionResult>
            <instructionResult>
        <instruction>{id='decisionTable_29_0', instruction='make', instanceName='decisionTable_29', className='ResponseExaminer', args=[]}</instruction>
        <slimResult>pass(Response Examiner.)</slimResult>
                <expectation>
                    <status>pass</status>
                    <instructionId>decisionTable_29_0</instructionId>
                    <col>0</col>
                              <row>0</row>
                    <type>ConstructionExpectation</type>
                                        <evaluationMessage>Response Examiner.</evaluationMessage>
                  </expectation>
        
      </instructionResult>
            <instructionResult>
        <instruction>{id='decisionTable_29_5', instruction='call', instanceName='decisionTable_29', methodName='contents', args=[]}</instruction>
        <slimResult>ignore(HTTP/1.1 200 OK
Transfer-Encoding: chunked
Content-Type: text/html; charset=utf-8

6f
&amp;lt;!DOCTYPE html&amp;gt;
&amp;lt;html&amp;gt;
 &amp;lt;head&amp;gt;
  &amp;lt;meta http-equiv="Content-Type" content="text/html; charset=utf-8"/&amp;gt;
  &amp;lt;title&amp;gt;
16
Test Results: TestPage
b
&amp;lt;/title&amp;gt;
  
12b
  &amp;lt;!--[if lt IE 9]&amp;gt;
   &amp;lt;script&amp;gt;
    document.createElement('header');
    document.createElement('nav');
    document.createElement('section');
    document.createElement('article');
    document.createElement('footer');
   &amp;lt;/script&amp;gt;
  &amp;lt;![endif]--&amp;gt;
  
  &amp;lt;link rel="stylesheet" type="text/css" href="
1
/
58
files/fitnesse/css/fitnesse_wiki.css" /&amp;gt;
  &amp;lt;link rel="stylesheet" type="text/css" href="
1
/
59
files/fitnesse/css/fitnesse_pages.css" /&amp;gt;
  &amp;lt;link rel="stylesheet" type="text/css" href="
1
/
13
files/fitnesse/css/
11
fitnesse_straight
38
.css" /&amp;gt;
  &amp;lt;link rel="stylesheet" type="text/css" href="
1
/
64
files/fitnesse/wysiwyg/wysiwyg.css" media="screen"/&amp;gt;
  &amp;lt;link rel="stylesheet" type="text/css" href="
1
/
54
files/fitnesse/question.mark/question.mark.css" /&amp;gt;
  &amp;lt;link rel="wysiwyg.base" href="
1
/
3c
" /&amp;gt;
  &amp;lt;link rel="wysiwyg.stylesheet" type="text/css" href="
1
/
6a
files/fitnesse/css/fitnesse.css" media="screen" /&amp;gt;
  &amp;lt;link rel="wysiwyg.stylesheet" type="text/css" href="
1
/
68
files/fitnesse/wysiwyg/editor.css" media="screen" /&amp;gt;
  &amp;lt;link rel="shortcut icon" type="image/png" href="
1
/
35
files/fitnesse/images/favicon.png" /&amp;gt;
  &amp;lt;script src="
1
/
5f
files/fitnesse/javascript/jquery-1.7.2.min.js" type="text/javascript"&amp;gt;&amp;lt;/script&amp;gt;
  &amp;lt;script src="
1
/
57
files/fitnesse/javascript/fitnesse.js" type="text/javascript"&amp;gt;&amp;lt;/script&amp;gt;
  &amp;lt;script src="
1
/
1a
files/fitnesse/javascript/
11
fitnesse_straight
35
.js" type="text/javascript"&amp;gt;&amp;lt;/script&amp;gt;
 &amp;lt;/head&amp;gt;
 &amp;lt;body
8
 class="
8
testPage
1
"
11
&amp;gt;

  &amp;lt;header&amp;gt;
   
9
&amp;lt;a href="
1
/
3a
FrontPage" id="art_niche"&amp;gt;&amp;lt;span&amp;gt;FitNesse&amp;lt;/span&amp;gt;&amp;lt;/a&amp;gt;

&amp;lt;ul&amp;gt;

a
&amp;lt;/ul&amp;gt;
&amp;lt;h1&amp;gt;
9
&amp;lt;a href="
1
/
8
TestPage
2
"&amp;gt;
8
TestPage
4
&amp;lt;/a&amp;gt;
7
&amp;lt;/h1&amp;gt;


1


1


11
  &amp;lt;/header&amp;gt;
  
  
3
   
127
&amp;lt;div id="error-nav" class="hidden"&amp;gt;
  &amp;lt;p id="error-nav-label"&amp;gt;Failure Navigator&amp;lt;/p&amp;gt;
  &amp;lt;div id="error-nav-controls"&amp;gt;
  &amp;lt;button id="error-nav-prev"&amp;gt;&amp;lt;&amp;lt;/button&amp;gt;
  &amp;lt;input id="error-nav-text" type="text"&amp;gt;
   of &amp;lt;span id="error-nav-max"&amp;gt;&amp;lt;/span&amp;gt;
  &amp;lt;button id="error-nav-next"&amp;gt;&amp;gt;&amp;lt;/button&amp;gt;
  &amp;lt;/div&amp;gt;
&amp;lt;/div&amp;gt;

2
  
e
  
  &amp;lt;nav&amp;gt;
   
24
&amp;lt;ul&amp;gt;&amp;lt;li id="test-action"&amp;gt;&amp;lt;/li&amp;gt;&amp;lt;/ul&amp;gt;

15
&amp;lt;div class="hidden"&amp;gt;

6
&amp;lt;ul&amp;gt;
 
1
 
e
 &amp;lt;li&amp;gt;&amp;lt;a href="
8
TestPage
24
?test" accesskey="t"&amp;gt;Test&amp;lt;/a&amp;gt;&amp;lt;/li&amp;gt;
 
1
 
e
 &amp;lt;li&amp;gt;&amp;lt;a href="
8
TestPage
24
?edit" accesskey="e"&amp;gt;Edit&amp;lt;/a&amp;gt;&amp;lt;/li&amp;gt;
 
1
 
1
 
2

 
2c
 &amp;lt;li id="add" aria-haspopup="true"&amp;gt;&amp;lt;a href="
8
TestPage
26
?new" class="label"&amp;gt;Add&amp;lt;/a&amp;gt;
  &amp;lt;ul&amp;gt;
   
10
  &amp;lt;/ul&amp;gt;
 &amp;lt;/li&amp;gt;
 
30
 
 &amp;lt;li id="tools" aria-haspopup="true"&amp;gt;&amp;lt;a href="
1d
#" class="label"&amp;gt;Tools&amp;lt;/a&amp;gt;
  
2
  
9
  &amp;lt;ul&amp;gt;
  
6
   &amp;lt;li
a
&amp;gt;&amp;lt;a href="
8
TestPage
31
?properties" accesskey="p"&amp;gt;Properties&amp;lt;/a&amp;gt;&amp;lt;/li&amp;gt;
  
2
  
6
   &amp;lt;li
a
&amp;gt;&amp;lt;a href="
8
TestPage
30
?whereUsed" accesskey="w"&amp;gt;Where Used&amp;lt;/a&amp;gt;&amp;lt;/li&amp;gt;
  
2
  
6
   &amp;lt;li
a
&amp;gt;&amp;lt;a href="
8
TestPage
2d
?versions" accesskey="v"&amp;gt;Versions&amp;lt;/a&amp;gt;&amp;lt;/li&amp;gt;
  
5
  
  
6
   &amp;lt;li
10
 class="divider"
a
&amp;gt;&amp;lt;a href="
8
TestPage
3b
?refactor&amp;amp;amp;type=rename"&amp;gt;Rename&amp;lt;/a&amp;gt;&amp;lt;/li&amp;gt;
   &amp;lt;li&amp;gt;&amp;lt;a href="
8
TestPage
37
?refactor&amp;amp;amp;type=move"&amp;gt;Move&amp;lt;/a&amp;gt;&amp;lt;/li&amp;gt;
   &amp;lt;li&amp;gt;&amp;lt;a href="
8
TestPage
3d
?refactor&amp;amp;amp;type=replace"&amp;gt;Replace&amp;lt;/a&amp;gt;&amp;lt;/li&amp;gt;
   &amp;lt;li&amp;gt;&amp;lt;a href="
8
TestPage
1f
?deletePage"&amp;gt;Delete&amp;lt;/a&amp;gt;&amp;lt;/li&amp;gt;
  
2
  
7
   &amp;lt;li 
10
 class="divider"
a
&amp;gt;&amp;lt;a href="
1
/
26
files" accesskey="f"&amp;gt;Files&amp;lt;/a&amp;gt;&amp;lt;/li&amp;gt;
  
2
  
6
   &amp;lt;li
37
&amp;gt;&amp;lt;a href="?searchForm" accesskey="s"&amp;gt;Search&amp;lt;/a&amp;gt;&amp;lt;/li&amp;gt;
  
2
  
6
   &amp;lt;li
a
&amp;gt;&amp;lt;a href="
1
/
36
RecentChanges" accesskey=""&amp;gt;Recent Changes&amp;lt;/a&amp;gt;&amp;lt;/li&amp;gt;
  
3

  
6
   &amp;lt;li
10
 class="divider"
34
&amp;gt;&amp;lt;a href="?testHistory"&amp;gt;Test History&amp;lt;/a&amp;gt;&amp;lt;/li&amp;gt;
   &amp;lt;li
a
&amp;gt;&amp;lt;a href="
8
TestPage
26
?pageHistory"&amp;gt;Page History&amp;lt;/a&amp;gt;&amp;lt;/li&amp;gt;
  
2
  
6
   &amp;lt;li
3a
&amp;gt;&amp;lt;a href="?test&amp;amp;amp;remote_debug"&amp;gt;Remote Debug&amp;lt;/a&amp;gt;&amp;lt;/li&amp;gt;
  
2
  
3

  
6
   &amp;lt;li
10
 class="divider"
a
&amp;gt;&amp;lt;a href="
1
/
37
FitNesse.UserGuide" accesskey=""&amp;gt;User Guide&amp;lt;/a&amp;gt;&amp;lt;/li&amp;gt;
  
15
  &amp;lt;/ul&amp;gt;
 &amp;lt;/li&amp;gt;
&amp;lt;/ul&amp;gt;

2e
&amp;lt;/div&amp;gt;
&amp;lt;script type="text/javascript"&amp;gt;//&amp;lt;!--
 
12
$(function() {
   
22
$('nav &amp;gt; div &amp;gt; ul &amp;gt; li').appendTo(
23
$('nav &amp;gt; ul'));
 });
//--&amp;gt;&amp;lt;/script&amp;gt;
1b
  &amp;lt;/nav&amp;gt;
  
  &amp;lt;article&amp;gt;
   
30
&amp;lt;div id="test-summary"&amp;gt;Running Tests ...&amp;lt;/div&amp;gt;


af
&amp;lt;script&amp;gt;document.getElementById("test-action").innerHTML = "&amp;lt;a href=\"#\" onclick=\"doSilentRequest('?responder=stoptest&amp;amp;id=1')\" class=\"stop\"&amp;gt;Stop Test&amp;lt;/a&amp;gt;\r\n";&amp;lt;/script&amp;gt;

cc
&amp;lt;br/&amp;gt;&amp;lt;br/&amp;gt;&amp;lt;span class="meta"&amp;gt;classpath: classes&amp;lt;/span&amp;gt;&amp;lt;br/&amp;gt;&amp;lt;span class="meta"&amp;gt;classpath: lib/*.jar&amp;lt;/span&amp;gt;&amp;lt;br/&amp;gt;&amp;lt;br/&amp;gt;&amp;lt;table class="pass"&amp;gt;
	&amp;lt;tr&amp;gt;
		&amp;lt;td&amp;gt;fitnesse.testutil.PassFixture&amp;lt;/td&amp;gt;
	&amp;lt;/tr&amp;gt;
&amp;lt;/table&amp;gt;

49
&amp;lt;script&amp;gt;document.getElementById("test-action").innerHTML = "";&amp;lt;/script&amp;gt;

8e
&amp;lt;script&amp;gt;document.getElementById("test-action").innerHTML = "&amp;lt;a href=\"ErrorLogs.TestPage\" class=\"ok\"&amp;gt;Tests Executed OK&amp;lt;/a&amp;gt;\r\n";&amp;lt;/script&amp;gt;

db
&amp;lt;script&amp;gt;document.getElementById("test-summary").innerHTML = "&amp;lt;strong&amp;gt;Assertions:&amp;lt;/strong&amp;gt; 1 right, 0 wrong, 0 ignored, 0 exceptions (0.003 seconds)";document.getElementById("test-summary").className = "pass";&amp;lt;/script&amp;gt;

1


12
  &amp;lt;/article&amp;gt;
  
  
e
  &amp;lt;footer&amp;gt;
   
e
  &amp;lt;/footer&amp;gt;
  
12

 &amp;lt;/body&amp;gt;
&amp;lt;/html&amp;gt;

0
Exit-Code: 0

)</slimResult>
                <expectation>
                    <status>ignore</status>
                    <instructionId>decisionTable_29_5</instructionId>
                    <col>0</col>
                              <row>2</row>
                    <type>ReturnedValueExpectation</type>
                                        <evaluationMessage>HTTP/1.1 200 OK
Transfer-Encoding: chunked
Content-Type: text/html; charset=utf-8

6f
&amp;lt;!DOCTYPE html&amp;gt;
&amp;lt;html&amp;gt;
 &amp;lt;head&amp;gt;
  &amp;lt;meta http-equiv="Content-Type" content="text/html; charset=utf-8"/&amp;gt;
  &amp;lt;title&amp;gt;
16
Test Results: TestPage
b
&amp;lt;/title&amp;gt;
  
12b
  &amp;lt;!--[if lt IE 9]&amp;gt;
   &amp;lt;script&amp;gt;
    document.createElement('header');
    document.createElement('nav');
    document.createElement('section');
    document.createElement('article');
    document.createElement('footer');
   &amp;lt;/script&amp;gt;
  &amp;lt;![endif]--&amp;gt;
  
  &amp;lt;link rel="stylesheet" type="text/css" href="
1
/
58
files/fitnesse/css/fitnesse_wiki.css" /&amp;gt;
  &amp;lt;link rel="stylesheet" type="text/css" href="
1
/
59
files/fitnesse/css/fitnesse_pages.css" /&amp;gt;
  &amp;lt;link rel="stylesheet" type="text/css" href="
1
/
13
files/fitnesse/css/
11
fitnesse_straight
38
.css" /&amp;gt;
  &amp;lt;link rel="stylesheet" type="text/css" href="
1
/
64
files/fitnesse/wysiwyg/wysiwyg.css" media="screen"/&amp;gt;
  &amp;lt;link rel="stylesheet" type="text/css" href="
1
/
54
files/fitnesse/question.mark/question.mark.css" /&amp;gt;
  &amp;lt;link rel="wysiwyg.base" href="
1
/
3c
" /&amp;gt;
  &amp;lt;link rel="wysiwyg.stylesheet" type="text/css" href="
1
/
6a
files/fitnesse/css/fitnesse.css" media="screen" /&amp;gt;
  &amp;lt;link rel="wysiwyg.stylesheet" type="text/css" href="
1
/
68
files/fitnesse/wysiwyg/editor.css" media="screen" /&amp;gt;
  &amp;lt;link rel="shortcut icon" type="image/png" href="
1
/
35
files/fitnesse/images/favicon.png" /&amp;gt;
  &amp;lt;script src="
1
/
5f
files/fitnesse/javascript/jquery-1.7.2.min.js" type="text/javascript"&amp;gt;&amp;lt;/script&amp;gt;
  &amp;lt;script src="
1
/
57
files/fitnesse/javascript/fitnesse.js" type="text/javascript"&amp;gt;&amp;lt;/script&amp;gt;
  &amp;lt;script src="
1
/
1a
files/fitnesse/javascript/
11
fitnesse_straight
35
.js" type="text/javascript"&amp;gt;&amp;lt;/script&amp;gt;
 &amp;lt;/head&amp;gt;
 &amp;lt;body
8
 class="
8
testPage
1
"
11
&amp;gt;

  &amp;lt;header&amp;gt;
   
9
&amp;lt;a href="
1
/
3a
FrontPage" id="art_niche"&amp;gt;&amp;lt;span&amp;gt;FitNesse&amp;lt;/span&amp;gt;&amp;lt;/a&amp;gt;

&amp;lt;ul&amp;gt;

a
&amp;lt;/ul&amp;gt;
&amp;lt;h1&amp;gt;
9
&amp;lt;a href="
1
/
8
TestPage
2
"&amp;gt;
8
TestPage
4
&amp;lt;/a&amp;gt;
7
&amp;lt;/h1&amp;gt;


1


1


11
  &amp;lt;/header&amp;gt;
  
  
3
   
127
&amp;lt;div id="error-nav" class="hidden"&amp;gt;
  &amp;lt;p id="error-nav-label"&amp;gt;Failure Navigator&amp;lt;/p&amp;gt;
  &amp;lt;div id="error-nav-controls"&amp;gt;
  &amp;lt;button id="error-nav-prev"&amp;gt;&amp;lt;&amp;lt;/button&amp;gt;
  &amp;lt;input id="error-nav-text" type="text"&amp;gt;
   of &amp;lt;span id="error-nav-max"&amp;gt;&amp;lt;/span&amp;gt;
  &amp;lt;button id="error-nav-next"&amp;gt;&amp;gt;&amp;lt;/button&amp;gt;
  &amp;lt;/div&amp;gt;
&amp;lt;/div&amp;gt;

2
  
e
  
  &amp;lt;nav&amp;gt;
   
24
&amp;lt;ul&amp;gt;&amp;lt;li id="test-action"&amp;gt;&amp;lt;/li&amp;gt;&amp;lt;/ul&amp;gt;

15
&amp;lt;div class="hidden"&amp;gt;

6
&amp;lt;ul&amp;gt;
 
1
 
e
 &amp;lt;li&amp;gt;&amp;lt;a href="
8
TestPage
24
?test" accesskey="t"&amp;gt;Test&amp;lt;/a&amp;gt;&amp;lt;/li&amp;gt;
 
1
 
e
 &amp;lt;li&amp;gt;&amp;lt;a href="
8
TestPage
24
?edit" accesskey="e"&amp;gt;Edit&amp;lt;/a&amp;gt;&amp;lt;/li&amp;gt;
 
1
 
1
 
2

 
2c
 &amp;lt;li id="add" aria-haspopup="true"&amp;gt;&amp;lt;a href="
8
TestPage
26
?new" class="label"&amp;gt;Add&amp;lt;/a&amp;gt;
  &amp;lt;ul&amp;gt;
   
10
  &amp;lt;/ul&amp;gt;
 &amp;lt;/li&amp;gt;
 
30
 
 &amp;lt;li id="tools" aria-haspopup="true"&amp;gt;&amp;lt;a href="
1d
#" class="label"&amp;gt;Tools&amp;lt;/a&amp;gt;
  
2
  
9
  &amp;lt;ul&amp;gt;
  
6
   &amp;lt;li
a
&amp;gt;&amp;lt;a href="
8
TestPage
31
?properties" accesskey="p"&amp;gt;Properties&amp;lt;/a&amp;gt;&amp;lt;/li&amp;gt;
  
2
  
6
   &amp;lt;li
a
&amp;gt;&amp;lt;a href="
8
TestPage
30
?whereUsed" accesskey="w"&amp;gt;Where Used&amp;lt;/a&amp;gt;&amp;lt;/li&amp;gt;
  
2
  
6
   &amp;lt;li
a
&amp;gt;&amp;lt;a href="
8
TestPage
2d
?versions" accesskey="v"&amp;gt;Versions&amp;lt;/a&amp;gt;&amp;lt;/li&amp;gt;
  
5
  
  
6
   &amp;lt;li
10
 class="divider"
a
&amp;gt;&amp;lt;a href="
8
TestPage
3b
?refactor&amp;amp;amp;type=rename"&amp;gt;Rename&amp;lt;/a&amp;gt;&amp;lt;/li&amp;gt;
   &amp;lt;li&amp;gt;&amp;lt;a href="
8
TestPage
37
?refactor&amp;amp;amp;type=move"&amp;gt;Move&amp;lt;/a&amp;gt;&amp;lt;/li&amp;gt;
   &amp;lt;li&amp;gt;&amp;lt;a href="
8
TestPage
3d
?refactor&amp;amp;amp;type=replace"&amp;gt;Replace&amp;lt;/a&amp;gt;&amp;lt;/li&amp;gt;
   &amp;lt;li&amp;gt;&amp;lt;a href="
8
TestPage
1f
?deletePage"&amp;gt;Delete&amp;lt;/a&amp;gt;&amp;lt;/li&amp;gt;
  
2
  
7
   &amp;lt;li 
10
 class="divider"
a
&amp;gt;&amp;lt;a href="
1
/
26
files" accesskey="f"&amp;gt;Files&amp;lt;/a&amp;gt;&amp;lt;/li&amp;gt;
  
2
  
6
   &amp;lt;li
37
&amp;gt;&amp;lt;a href="?searchForm" accesskey="s"&amp;gt;Search&amp;lt;/a&amp;gt;&amp;lt;/li&amp;gt;
  
2
  
6
   &amp;lt;li
a
&amp;gt;&amp;lt;a href="
1
/
36
RecentChanges" accesskey=""&amp;gt;Recent Changes&amp;lt;/a&amp;gt;&amp;lt;/li&amp;gt;
  
3

  
6
   &amp;lt;li
10
 class="divider"
34
&amp;gt;&amp;lt;a href="?testHistory"&amp;gt;Test History&amp;lt;/a&amp;gt;&amp;lt;/li&amp;gt;
   &amp;lt;li
a
&amp;gt;&amp;lt;a href="
8
TestPage
26
?pageHistory"&amp;gt;Page History&amp;lt;/a&amp;gt;&amp;lt;/li&amp;gt;
  
2
  
6
   &amp;lt;li
3a
&amp;gt;&amp;lt;a href="?test&amp;amp;amp;remote_debug"&amp;gt;Remote Debug&amp;lt;/a&amp;gt;&amp;lt;/li&amp;gt;
  
2
  
3

  
6
   &amp;lt;li
10
 class="divider"
a
&amp;gt;&amp;lt;a href="
1
/
37
FitNesse.UserGuide" accesskey=""&amp;gt;User Guide&amp;lt;/a&amp;gt;&amp;lt;/li&amp;gt;
  
15
  &amp;lt;/ul&amp;gt;
 &amp;lt;/li&amp;gt;
&amp;lt;/ul&amp;gt;

2e
&amp;lt;/div&amp;gt;
&amp;lt;script type="text/javascript"&amp;gt;//&amp;lt;!--
 
12
$(function() {
   
22
$('nav &amp;gt; div &amp;gt; ul &amp;gt; li').appendTo(
23
$('nav &amp;gt; ul'));
 });
//--&amp;gt;&amp;lt;/script&amp;gt;
1b
  &amp;lt;/nav&amp;gt;
  
  &amp;lt;article&amp;gt;
   
30
&amp;lt;div id="test-summary"&amp;gt;Running Tests ...&amp;lt;/div&amp;gt;


af
&amp;lt;script&amp;gt;document.getElementById("test-action").innerHTML = "&amp;lt;a href=\"#\" onclick=\"doSilentRequest('?responder=stoptest&amp;amp;id=1')\" class=\"stop\"&amp;gt;Stop Test&amp;lt;/a&amp;gt;\r\n";&amp;lt;/script&amp;gt;

cc
&amp;lt;br/&amp;gt;&amp;lt;br/&amp;gt;&amp;lt;span class="meta"&amp;gt;classpath: classes&amp;lt;/span&amp;gt;&amp;lt;br/&amp;gt;&amp;lt;span class="meta"&amp;gt;classpath: lib/*.jar&amp;lt;/span&amp;gt;&amp;lt;br/&amp;gt;&amp;lt;br/&amp;gt;&amp;lt;table class="pass"&amp;gt;
	&amp;lt;tr&amp;gt;
		&amp;lt;td&amp;gt;fitnesse.testutil.PassFixture&amp;lt;/td&amp;gt;
	&amp;lt;/tr&amp;gt;
&amp;lt;/table&amp;gt;

49
&amp;lt;script&amp;gt;document.getElementById("test-action").innerHTML = "";&amp;lt;/script&amp;gt;

8e
&amp;lt;script&amp;gt;document.getElementById("test-action").innerHTML = "&amp;lt;a href=\"ErrorLogs.TestPage\" class=\"ok\"&amp;gt;Tests Executed OK&amp;lt;/a&amp;gt;\r\n";&amp;lt;/script&amp;gt;

db
&amp;lt;script&amp;gt;document.getElementById("test-summary").innerHTML = "&amp;lt;strong&amp;gt;Assertions:&amp;lt;/strong&amp;gt; 1 right, 0 wrong, 0 ignored, 0 exceptions (0.003 seconds)";document.getElementById("test-summary").className = "pass";&amp;lt;/script&amp;gt;

1


12
  &amp;lt;/article&amp;gt;
  
  
e
  &amp;lt;footer&amp;gt;
   
e
  &amp;lt;/footer&amp;gt;
  
12

 &amp;lt;/body&amp;gt;
&amp;lt;/html&amp;gt;

0
Exit-Code: 0

</evaluationMessage>
                  </expectation>
        
      </instructionResult>
            <instructionResult>
        <instruction>{id='decisionTable_30_0', instruction='make', instanceName='decisionTable_30', className='ResponseExaminer', args=[]}</instruction>
        <slimResult>pass(Response Examiner.)</slimResult>
                <expectation>
                    <status>pass</status>
                    <instructionId>decisionTable_30_0</instructionId>
                    <col>0</col>
                              <row>0</row>
                    <type>ConstructionExpectation</type>
                                        <evaluationMessage>Response Examiner.</evaluationMessage>
                  </expectation>
        
      </instructionResult>
            <instructionResult>
        <instruction>{id='decisionTable_30_4', instruction='call', instanceName='decisionTable_30', methodName='setType', args=[contents]}</instruction>
        <slimResult></slimResult>
                <expectation>
                    <instructionId>decisionTable_30_4</instructionId>
                    <col>0</col>
                              <row>2</row>
                    <type>VoidReturnExpectation</type>
                                      </expectation>
        
      </instructionResult>
            <instructionResult>
        <instruction>{id='decisionTable_30_5', instruction='call', instanceName='decisionTable_30', methodName='setPattern', args=[class="pass"]}</instruction>
        <slimResult></slimResult>
                <expectation>
                    <instructionId>decisionTable_30_5</instructionId>
                    <col>1</col>
                              <row>2</row>
                    <type>VoidReturnExpectation</type>
                                      </expectation>
        
      </instructionResult>
            <instructionResult>
        <instruction>{id='decisionTable_30_7', instruction='call', instanceName='decisionTable_30', methodName='matches', args=[]}</instruction>
        <slimResult>pass(true)</slimResult>
                <expectation>
                    <status>pass</status>
                    <instructionId>decisionTable_30_7</instructionId>
                    <col>2</col>
                              <row>2</row>
                    <type>ReturnedValueExpectation</type>
                                        <evaluationMessage>true</evaluationMessage>
                  </expectation>
        
      </instructionResult>
            <instructionResult>
        <instruction>{id='decisionTable_30_9', instruction='call', instanceName='decisionTable_30', methodName='setType', args=[contents]}</instruction>
        <slimResult></slimResult>
                <expectation>
                    <instructionId>decisionTable_30_9</instructionId>
                    <col>0</col>
                              <row>3</row>
                    <type>VoidReturnExpectation</type>
                                      </expectation>
        
      </instructionResult>
            <instructionResult>
        <instruction>{id='decisionTable_30_10', instruction='call', instanceName='decisionTable_30', methodName='setPattern', args=[Assertions:.*\s+.*?1 right, 0 wrong, 0 ignored, 0 exceptions]}</instruction>
        <slimResult></slimResult>
                <expectation>
                    <instructionId>decisionTable_30_10</instructionId>
                    <col>1</col>
                              <row>3</row>
                    <type>VoidReturnExpectation</type>
                                      </expectation>
        
      </instructionResult>
            <instructionResult>
        <instruction>{id='decisionTable_30_12', instruction='call', instanceName='decisionTable_30', methodName='matches', args=[]}</instruction>
        <slimResult>pass(true)</slimResult>
                <expectation>
                    <status>pass</status>
                    <instructionId>decisionTable_30_12</instructionId>
                    <col>2</col>
                              <row>3</row>
                    <type>ReturnedValueExpectation</type>
                                        <evaluationMessage>true</evaluationMessage>
                  </expectation>
        
      </instructionResult>
            <instructionResult>
        <instruction>{id='decisionTable_31_0', instruction='make', instanceName='decisionTable_31', className='ResponseRequester', args=[]}</instruction>
        <slimResult>pass(Response Requester.)</slimResult>
                <expectation>
                    <status>pass</status>
                    <instructionId>decisionTable_31_0</instructionId>
                    <col>0</col>
                              <row>0</row>
                    <type>ConstructionExpectation</type>
                                        <evaluationMessage>Response Requester.</evaluationMessage>
                  </expectation>
        
      </instructionResult>
            <instructionResult>
        <instruction>{id='decisionTable_31_4', instruction='call', instanceName='decisionTable_31', methodName='setUri', args=[ErrorLogs.TestPage]}</instruction>
        <slimResult></slimResult>
                <expectation>
                    <instructionId>decisionTable_31_4</instructionId>
                    <col>0</col>
                              <row>2</row>
                    <type>VoidReturnExpectation</type>
                                      </expectation>
        
      </instructionResult>
            <instructionResult>
        <instruction>{id='decisionTable_31_6', instruction='call', instanceName='decisionTable_31', methodName='valid', args=[]}</instruction>
        <slimResult>pass(true)</slimResult>
                <expectation>
                    <status>pass</status>
                    <instructionId>decisionTable_31_6</instructionId>
                    <col>1</col>
                              <row>2</row>
                    <type>ReturnedValueExpectation</type>
                                        <evaluationMessage>true</evaluationMessage>
                  </expectation>
        
      </instructionResult>
            <instructionResult>
        <instruction>{id='decisionTable_32_0', instruction='make', instanceName='decisionTable_32', className='ResponseExaminer', args=[]}</instruction>
        <slimResult>pass(Response Examiner.)</slimResult>
                <expectation>
                    <status>pass</status>
                    <instructionId>decisionTable_32_0</instructionId>
                    <col>0</col>
                              <row>0</row>
                    <type>ConstructionExpectation</type>
                                        <evaluationMessage>Response Examiner.</evaluationMessage>
                  </expectation>
        
      </instructionResult>
            <instructionResult>
        <instruction>{id='decisionTable_32_5', instruction='call', instanceName='decisionTable_32', methodName='contents', args=[]}</instruction>
        <slimResult>ignore(HTTP/1.1 200 OK
Cache-Control: max-age=0
Content-Length: 5900
Content-Type: text/html; charset=utf-8

&amp;lt;!DOCTYPE html&amp;gt;
&amp;lt;html&amp;gt;
 &amp;lt;head&amp;gt;
  &amp;lt;meta http-equiv="Content-Type" content="text/html; charset=utf-8"/&amp;gt;
  &amp;lt;title&amp;gt;ErrorLogs.TestPage&amp;lt;/title&amp;gt;
    &amp;lt;!--[if lt IE 9]&amp;gt;
   &amp;lt;script&amp;gt;
    document.createElement('header');
    document.createElement('nav');
    document.createElement('section');
    document.createElement('article');
    document.createElement('footer');
   &amp;lt;/script&amp;gt;
  &amp;lt;![endif]--&amp;gt;
  
  &amp;lt;link rel="stylesheet" type="text/css" href="/files/fitnesse/css/fitnesse_wiki.css" /&amp;gt;
  &amp;lt;link rel="stylesheet" type="text/css" href="/files/fitnesse/css/fitnesse_pages.css" /&amp;gt;
  &amp;lt;link rel="stylesheet" type="text/css" href="/files/fitnesse/css/fitnesse_straight.css" /&amp;gt;
  &amp;lt;link rel="stylesheet" type="text/css" href="/files/fitnesse/wysiwyg/wysiwyg.css" media="screen"/&amp;gt;
  &amp;lt;link rel="stylesheet" type="text/css" href="/files/fitnesse/question.mark/question.mark.css" /&amp;gt;
  &amp;lt;link rel="wysiwyg.base" href="/" /&amp;gt;
  &amp;lt;link rel="wysiwyg.stylesheet" type="text/css" href="/files/fitnesse/css/fitnesse.css" media="screen" /&amp;gt;
  &amp;lt;link rel="wysiwyg.stylesheet" type="text/css" href="/files/fitnesse/wysiwyg/editor.css" media="screen" /&amp;gt;
  &amp;lt;link rel="shortcut icon" type="image/png" href="/files/fitnesse/images/favicon.png" /&amp;gt;
  &amp;lt;script src="/files/fitnesse/javascript/jquery-1.7.2.min.js" type="text/javascript"&amp;gt;&amp;lt;/script&amp;gt;
  &amp;lt;script src="/files/fitnesse/javascript/fitnesse.js" type="text/javascript"&amp;gt;&amp;lt;/script&amp;gt;
  &amp;lt;script src="/files/fitnesse/javascript/fitnesse_straight.js" type="text/javascript"&amp;gt;&amp;lt;/script&amp;gt;
 &amp;lt;/head&amp;gt;
 &amp;lt;body class="wikiPage"&amp;gt;

  &amp;lt;header&amp;gt;
   &amp;lt;a href="/FrontPage" id="art_niche"&amp;gt;&amp;lt;span&amp;gt;FitNesse&amp;lt;/span&amp;gt;&amp;lt;/a&amp;gt;

&amp;lt;ul&amp;gt;
 &amp;lt;li&amp;gt;&amp;lt;a href="/ErrorLogs"&amp;gt;ErrorLogs&amp;lt;/a&amp;gt;&amp;lt;/li&amp;gt;
&amp;lt;/ul&amp;gt;
&amp;lt;h1&amp;gt;TestPage&amp;lt;/h1&amp;gt;



  &amp;lt;/header&amp;gt;
  
    
  &amp;lt;nav&amp;gt;
   &amp;lt;ul&amp;gt;
     
  
 &amp;lt;li id="tools" aria-haspopup="true"&amp;gt;&amp;lt;a href="#" class="label"&amp;gt;Tools&amp;lt;/a&amp;gt;
      &amp;lt;ul&amp;gt;
       &amp;lt;li&amp;gt;&amp;lt;a href="ErrorLogs.TestPage?whereUsed" accesskey="w"&amp;gt;Where Used&amp;lt;/a&amp;gt;&amp;lt;/li&amp;gt;
       &amp;lt;li&amp;gt;&amp;lt;a href="ErrorLogs.TestPage?versions" accesskey="v"&amp;gt;Versions&amp;lt;/a&amp;gt;&amp;lt;/li&amp;gt;
    
       &amp;lt;li  class="divider"&amp;gt;&amp;lt;a href="/files" accesskey="f"&amp;gt;Files&amp;lt;/a&amp;gt;&amp;lt;/li&amp;gt;
       &amp;lt;li&amp;gt;&amp;lt;a href="?searchForm" accesskey="s"&amp;gt;Search&amp;lt;/a&amp;gt;&amp;lt;/li&amp;gt;
       &amp;lt;li&amp;gt;&amp;lt;a href="/RecentChanges" accesskey=""&amp;gt;Recent Changes&amp;lt;/a&amp;gt;&amp;lt;/li&amp;gt;
  
      
     &amp;lt;li class="divider"&amp;gt;&amp;lt;a href="/FitNesse.UserGuide" accesskey=""&amp;gt;User Guide&amp;lt;/a&amp;gt;&amp;lt;/li&amp;gt;
    &amp;lt;/ul&amp;gt;
 &amp;lt;/li&amp;gt;
&amp;lt;/ul&amp;gt;
  &amp;lt;/nav&amp;gt;
  
  &amp;lt;article&amp;gt;
   &amp;lt;br/&amp;gt;&amp;lt;h3&amp;gt;fit:fit.FitServer&amp;lt;/h3&amp;gt;
&amp;lt;table&amp;gt;
	&amp;lt;tr&amp;gt;
		&amp;lt;td&amp;gt;&amp;lt;b&amp;gt;Date: &amp;lt;/b&amp;gt;&amp;lt;/td&amp;gt;
		&amp;lt;td&amp;gt;1:54:29 AM (CST) on Tuesday, May 13, 2014&amp;lt;/td&amp;gt;
	&amp;lt;/tr&amp;gt;
	&amp;lt;tr&amp;gt;
		&amp;lt;td&amp;gt;&amp;lt;b&amp;gt;Test Page: &amp;lt;/b&amp;gt;&amp;lt;/td&amp;gt;
		&amp;lt;td&amp;gt;&amp;lt;a href="TestPage"&amp;gt;.TestPage&amp;lt;/a&amp;gt;&amp;lt;/td&amp;gt;
	&amp;lt;/tr&amp;gt;
	&amp;lt;tr&amp;gt;
		&amp;lt;td&amp;gt;&amp;lt;b&amp;gt;Command: &amp;lt;/b&amp;gt;&amp;lt;/td&amp;gt;
		&amp;lt;td&amp;gt;java -cp fitnesse-standalone.jar;classes;lib/*.jar fit.FitServer LUCAS_YOGA2_PRO 57211 3863&amp;lt;/td&amp;gt;
	&amp;lt;/tr&amp;gt;
	&amp;lt;tr&amp;gt;
		&amp;lt;td&amp;gt;&amp;lt;b&amp;gt;Exit code: &amp;lt;/b&amp;gt;&amp;lt;/td&amp;gt;
		&amp;lt;td&amp;gt;0&amp;lt;/td&amp;gt;
	&amp;lt;/tr&amp;gt;
	&amp;lt;tr&amp;gt;
		&amp;lt;td&amp;gt;&amp;lt;b&amp;gt;Time elapsed: &amp;lt;/b&amp;gt;&amp;lt;/td&amp;gt;
		&amp;lt;td&amp;gt;0.356 seconds&amp;lt;/td&amp;gt;
	&amp;lt;/tr&amp;gt;
&amp;lt;/table&amp;gt;
&amp;lt;br/&amp;gt;

&amp;lt;div id="helpUnderlay" class="help-underlay"&amp;gt;
    &amp;lt;div id="helpModal" class="help-modal"&amp;gt;
        &amp;lt;h1&amp;gt;Keyboard Shortcuts &amp;lt;kbd class="help-key"&amp;gt;&amp;lt;span&amp;gt;?&amp;lt;/span&amp;gt;&amp;lt;/kbd&amp;gt;&amp;lt;/h1&amp;gt;
        &amp;lt;div id="helpClose" class="help-close"&amp;gt;&amp;amp;times;&amp;lt;/div&amp;gt;
        &amp;lt;div id="helpModalContent" class="help-modal-content"&amp;gt;
            &amp;lt;div id="helpListWrap" class="help-list-wrap"&amp;gt;
                &amp;lt;ul class="help-list"&amp;gt;
                    &amp;lt;li class="help-key-unit"&amp;gt;
                        &amp;lt;kbd class="help-key"&amp;gt;&amp;lt;span&amp;gt;t&amp;lt;/span&amp;gt;&amp;lt;/kbd&amp;gt;
                        &amp;lt;span class="help-key-def"&amp;gt;Test&amp;lt;/span&amp;gt;
                    &amp;lt;/li&amp;gt;
                    &amp;lt;li class="help-key-unit"&amp;gt;
                        &amp;lt;kbd class="help-key"&amp;gt;&amp;lt;span&amp;gt;e&amp;lt;/span&amp;gt;&amp;lt;/kbd&amp;gt;
                        &amp;lt;span class="help-key-def"&amp;gt;Edit page&amp;lt;/span&amp;gt;
                    &amp;lt;/li&amp;gt;
                    &amp;lt;li class="help-key-unit"&amp;gt;
                        &amp;lt;kbd class="help-key"&amp;gt;&amp;lt;span&amp;gt;a&amp;lt;/span&amp;gt;&amp;lt;/kbd&amp;gt;
                        &amp;lt;span class="help-key-def"&amp;gt;Add new page&amp;lt;/span&amp;gt;
                    &amp;lt;/li&amp;gt;
                    &amp;lt;li class="help-key-unit"&amp;gt;
                        &amp;lt;kbd class="help-key"&amp;gt;&amp;lt;span&amp;gt;p&amp;lt;/span&amp;gt;&amp;lt;/kbd&amp;gt;
                        &amp;lt;span class="help-key-def"&amp;gt;Properties&amp;lt;/span&amp;gt;
                    &amp;lt;/li&amp;gt;
                    &amp;lt;li class="help-key-unit"&amp;gt;
                        &amp;lt;kbd class="help-key"&amp;gt;&amp;lt;span&amp;gt;w&amp;lt;/span&amp;gt;&amp;lt;/kbd&amp;gt;
                        &amp;lt;span class="help-key-def"&amp;gt;Where used?&amp;lt;/span&amp;gt;
                    &amp;lt;/li&amp;gt;
                    &amp;lt;li class="help-key-unit"&amp;gt;
                        &amp;lt;kbd class="help-key"&amp;gt;&amp;lt;span&amp;gt;/&amp;lt;/span&amp;gt;&amp;lt;/kbd&amp;gt;
                        &amp;lt;span class="help-key-def"&amp;gt;Focus on search bar&amp;lt;/span&amp;gt;
                    &amp;lt;/li&amp;gt;
                    &amp;lt;li class="help-key-unit"&amp;gt;
                        &amp;lt;kbd class="help-key"&amp;gt;&amp;lt;span&amp;gt;s&amp;lt;/span&amp;gt;&amp;lt;/kbd&amp;gt;
                        &amp;lt;span class="help-key-def"&amp;gt;Open search page&amp;lt;/span&amp;gt;
                    &amp;lt;/li&amp;gt;
                    &amp;lt;li class="help-key-unit"&amp;gt;
                        &amp;lt;kbd class="help-key"&amp;gt;&amp;lt;span&amp;gt;g&amp;lt;/span&amp;gt; &amp;lt;span&amp;gt;u&amp;lt;/span&amp;gt;&amp;lt;/kbd&amp;gt;
                        &amp;lt;span class="help-key-def"&amp;gt;Go to User Guide&amp;lt;/span&amp;gt;
                    &amp;lt;/li&amp;gt;
                &amp;lt;/ul&amp;gt;
            &amp;lt;/div&amp;gt;
        &amp;lt;/div&amp;gt;
    &amp;lt;/div&amp;gt;
&amp;lt;/div&amp;gt;

&amp;lt;script src="/files/fitnesse/javascript/mousetrap.min.js" type="text/javascript"&amp;gt;&amp;lt;/script&amp;gt;
&amp;lt;script src="/files/fitnesse/question.mark/question.mark.js" type="text/javascript"&amp;gt;&amp;lt;/script&amp;gt;

&amp;lt;script type="text/javascript"&amp;gt;

  
              Mousetrap.bind('w', function() { window.location.href ="ErrorLogs.TestPage?whereUsed"; });
        Mousetrap.bind('v', function() { window.location.href ="ErrorLogs.TestPage?versions"; });
        Mousetrap.bind('s', function() { window.location.href ="ErrorLogs.TestPage?searchForm"; });
    Mousetrap.bind('/', function() { 
      document.getElementById('searchString').focus();
      return false;  // stops the / character appearing in search box
    });
        Mousetrap.bind('g u', function() { window.location.href =".FitNesse.UserGuide"; });
  
&amp;lt;/script&amp;gt;

  &amp;lt;/article&amp;gt;
  
    &amp;lt;footer&amp;gt;
     &amp;lt;/footer&amp;gt;
  
 &amp;lt;/body&amp;gt;
&amp;lt;/html&amp;gt;
)</slimResult>
                <expectation>
                    <status>ignore</status>
                    <instructionId>decisionTable_32_5</instructionId>
                    <col>0</col>
                              <row>2</row>
                    <type>ReturnedValueExpectation</type>
                                        <evaluationMessage>HTTP/1.1 200 OK
Cache-Control: max-age=0
Content-Length: 5900
Content-Type: text/html; charset=utf-8

&amp;lt;!DOCTYPE html&amp;gt;
&amp;lt;html&amp;gt;
 &amp;lt;head&amp;gt;
  &amp;lt;meta http-equiv="Content-Type" content="text/html; charset=utf-8"/&amp;gt;
  &amp;lt;title&amp;gt;ErrorLogs.TestPage&amp;lt;/title&amp;gt;
    &amp;lt;!--[if lt IE 9]&amp;gt;
   &amp;lt;script&amp;gt;
    document.createElement('header');
    document.createElement('nav');
    document.createElement('section');
    document.createElement('article');
    document.createElement('footer');
   &amp;lt;/script&amp;gt;
  &amp;lt;![endif]--&amp;gt;
  
  &amp;lt;link rel="stylesheet" type="text/css" href="/files/fitnesse/css/fitnesse_wiki.css" /&amp;gt;
  &amp;lt;link rel="stylesheet" type="text/css" href="/files/fitnesse/css/fitnesse_pages.css" /&amp;gt;
  &amp;lt;link rel="stylesheet" type="text/css" href="/files/fitnesse/css/fitnesse_straight.css" /&amp;gt;
  &amp;lt;link rel="stylesheet" type="text/css" href="/files/fitnesse/wysiwyg/wysiwyg.css" media="screen"/&amp;gt;
  &amp;lt;link rel="stylesheet" type="text/css" href="/files/fitnesse/question.mark/question.mark.css" /&amp;gt;
  &amp;lt;link rel="wysiwyg.base" href="/" /&amp;gt;
  &amp;lt;link rel="wysiwyg.stylesheet" type="text/css" href="/files/fitnesse/css/fitnesse.css" media="screen" /&amp;gt;
  &amp;lt;link rel="wysiwyg.stylesheet" type="text/css" href="/files/fitnesse/wysiwyg/editor.css" media="screen" /&amp;gt;
  &amp;lt;link rel="shortcut icon" type="image/png" href="/files/fitnesse/images/favicon.png" /&amp;gt;
  &amp;lt;script src="/files/fitnesse/javascript/jquery-1.7.2.min.js" type="text/javascript"&amp;gt;&amp;lt;/script&amp;gt;
  &amp;lt;script src="/files/fitnesse/javascript/fitnesse.js" type="text/javascript"&amp;gt;&amp;lt;/script&amp;gt;
  &amp;lt;script src="/files/fitnesse/javascript/fitnesse_straight.js" type="text/javascript"&amp;gt;&amp;lt;/script&amp;gt;
 &amp;lt;/head&amp;gt;
 &amp;lt;body class="wikiPage"&amp;gt;

  &amp;lt;header&amp;gt;
   &amp;lt;a href="/FrontPage" id="art_niche"&amp;gt;&amp;lt;span&amp;gt;FitNesse&amp;lt;/span&amp;gt;&amp;lt;/a&amp;gt;

&amp;lt;ul&amp;gt;
 &amp;lt;li&amp;gt;&amp;lt;a href="/ErrorLogs"&amp;gt;ErrorLogs&amp;lt;/a&amp;gt;&amp;lt;/li&amp;gt;
&amp;lt;/ul&amp;gt;
&amp;lt;h1&amp;gt;TestPage&amp;lt;/h1&amp;gt;



  &amp;lt;/header&amp;gt;
  
    
  &amp;lt;nav&amp;gt;
   &amp;lt;ul&amp;gt;
     
  
 &amp;lt;li id="tools" aria-haspopup="true"&amp;gt;&amp;lt;a href="#" class="label"&amp;gt;Tools&amp;lt;/a&amp;gt;
      &amp;lt;ul&amp;gt;
       &amp;lt;li&amp;gt;&amp;lt;a href="ErrorLogs.TestPage?whereUsed" accesskey="w"&amp;gt;Where Used&amp;lt;/a&amp;gt;&amp;lt;/li&amp;gt;
       &amp;lt;li&amp;gt;&amp;lt;a href="ErrorLogs.TestPage?versions" accesskey="v"&amp;gt;Versions&amp;lt;/a&amp;gt;&amp;lt;/li&amp;gt;
    
       &amp;lt;li  class="divider"&amp;gt;&amp;lt;a href="/files" accesskey="f"&amp;gt;Files&amp;lt;/a&amp;gt;&amp;lt;/li&amp;gt;
       &amp;lt;li&amp;gt;&amp;lt;a href="?searchForm" accesskey="s"&amp;gt;Search&amp;lt;/a&amp;gt;&amp;lt;/li&amp;gt;
       &amp;lt;li&amp;gt;&amp;lt;a href="/RecentChanges" accesskey=""&amp;gt;Recent Changes&amp;lt;/a&amp;gt;&amp;lt;/li&amp;gt;
  
      
     &amp;lt;li class="divider"&amp;gt;&amp;lt;a href="/FitNesse.UserGuide" accesskey=""&amp;gt;User Guide&amp;lt;/a&amp;gt;&amp;lt;/li&amp;gt;
    &amp;lt;/ul&amp;gt;
 &amp;lt;/li&amp;gt;
&amp;lt;/ul&amp;gt;
  &amp;lt;/nav&amp;gt;
  
  &amp;lt;article&amp;gt;
   &amp;lt;br/&amp;gt;&amp;lt;h3&amp;gt;fit:fit.FitServer&amp;lt;/h3&amp;gt;
&amp;lt;table&amp;gt;
	&amp;lt;tr&amp;gt;
		&amp;lt;td&amp;gt;&amp;lt;b&amp;gt;Date: &amp;lt;/b&amp;gt;&amp;lt;/td&amp;gt;
		&amp;lt;td&amp;gt;1:54:29 AM (CST) on Tuesday, May 13, 2014&amp;lt;/td&amp;gt;
	&amp;lt;/tr&amp;gt;
	&amp;lt;tr&amp;gt;
		&amp;lt;td&amp;gt;&amp;lt;b&amp;gt;Test Page: &amp;lt;/b&amp;gt;&amp;lt;/td&amp;gt;
		&amp;lt;td&amp;gt;&amp;lt;a href="TestPage"&amp;gt;.TestPage&amp;lt;/a&amp;gt;&amp;lt;/td&amp;gt;
	&amp;lt;/tr&amp;gt;
	&amp;lt;tr&amp;gt;
		&amp;lt;td&amp;gt;&amp;lt;b&amp;gt;Command: &amp;lt;/b&amp;gt;&amp;lt;/td&amp;gt;
		&amp;lt;td&amp;gt;java -cp fitnesse-standalone.jar;classes;lib/*.jar fit.FitServer LUCAS_YOGA2_PRO 57211 3863&amp;lt;/td&amp;gt;
	&amp;lt;/tr&amp;gt;
	&amp;lt;tr&amp;gt;
		&amp;lt;td&amp;gt;&amp;lt;b&amp;gt;Exit code: &amp;lt;/b&amp;gt;&amp;lt;/td&amp;gt;
		&amp;lt;td&amp;gt;0&amp;lt;/td&amp;gt;
	&amp;lt;/tr&amp;gt;
	&amp;lt;tr&amp;gt;
		&amp;lt;td&amp;gt;&amp;lt;b&amp;gt;Time elapsed: &amp;lt;/b&amp;gt;&amp;lt;/td&amp;gt;
		&amp;lt;td&amp;gt;0.356 seconds&amp;lt;/td&amp;gt;
	&amp;lt;/tr&amp;gt;
&amp;lt;/table&amp;gt;
&amp;lt;br/&amp;gt;

&amp;lt;div id="helpUnderlay" class="help-underlay"&amp;gt;
    &amp;lt;div id="helpModal" class="help-modal"&amp;gt;
        &amp;lt;h1&amp;gt;Keyboard Shortcuts &amp;lt;kbd class="help-key"&amp;gt;&amp;lt;span&amp;gt;?&amp;lt;/span&amp;gt;&amp;lt;/kbd&amp;gt;&amp;lt;/h1&amp;gt;
        &amp;lt;div id="helpClose" class="help-close"&amp;gt;&amp;amp;times;&amp;lt;/div&amp;gt;
        &amp;lt;div id="helpModalContent" class="help-modal-content"&amp;gt;
            &amp;lt;div id="helpListWrap" class="help-list-wrap"&amp;gt;
                &amp;lt;ul class="help-list"&amp;gt;
                    &amp;lt;li class="help-key-unit"&amp;gt;
                        &amp;lt;kbd class="help-key"&amp;gt;&amp;lt;span&amp;gt;t&amp;lt;/span&amp;gt;&amp;lt;/kbd&amp;gt;
                        &amp;lt;span class="help-key-def"&amp;gt;Test&amp;lt;/span&amp;gt;
                    &amp;lt;/li&amp;gt;
                    &amp;lt;li class="help-key-unit"&amp;gt;
                        &amp;lt;kbd class="help-key"&amp;gt;&amp;lt;span&amp;gt;e&amp;lt;/span&amp;gt;&amp;lt;/kbd&amp;gt;
                        &amp;lt;span class="help-key-def"&amp;gt;Edit page&amp;lt;/span&amp;gt;
                    &amp;lt;/li&amp;gt;
                    &amp;lt;li class="help-key-unit"&amp;gt;
                        &amp;lt;kbd class="help-key"&amp;gt;&amp;lt;span&amp;gt;a&amp;lt;/span&amp;gt;&amp;lt;/kbd&amp;gt;
                        &amp;lt;span class="help-key-def"&amp;gt;Add new page&amp;lt;/span&amp;gt;
                    &amp;lt;/li&amp;gt;
                    &amp;lt;li class="help-key-unit"&amp;gt;
                        &amp;lt;kbd class="help-key"&amp;gt;&amp;lt;span&amp;gt;p&amp;lt;/span&amp;gt;&amp;lt;/kbd&amp;gt;
                        &amp;lt;span class="help-key-def"&amp;gt;Properties&amp;lt;/span&amp;gt;
                    &amp;lt;/li&amp;gt;
                    &amp;lt;li class="help-key-unit"&amp;gt;
                        &amp;lt;kbd class="help-key"&amp;gt;&amp;lt;span&amp;gt;w&amp;lt;/span&amp;gt;&amp;lt;/kbd&amp;gt;
                        &amp;lt;span class="help-key-def"&amp;gt;Where used?&amp;lt;/span&amp;gt;
                    &amp;lt;/li&amp;gt;
                    &amp;lt;li class="help-key-unit"&amp;gt;
                        &amp;lt;kbd class="help-key"&amp;gt;&amp;lt;span&amp;gt;/&amp;lt;/span&amp;gt;&amp;lt;/kbd&amp;gt;
                        &amp;lt;span class="help-key-def"&amp;gt;Focus on search bar&amp;lt;/span&amp;gt;
                    &amp;lt;/li&amp;gt;
                    &amp;lt;li class="help-key-unit"&amp;gt;
                        &amp;lt;kbd class="help-key"&amp;gt;&amp;lt;span&amp;gt;s&amp;lt;/span&amp;gt;&amp;lt;/kbd&amp;gt;
                        &amp;lt;span class="help-key-def"&amp;gt;Open search page&amp;lt;/span&amp;gt;
                    &amp;lt;/li&amp;gt;
                    &amp;lt;li class="help-key-unit"&amp;gt;
                        &amp;lt;kbd class="help-key"&amp;gt;&amp;lt;span&amp;gt;g&amp;lt;/span&amp;gt; &amp;lt;span&amp;gt;u&amp;lt;/span&amp;gt;&amp;lt;/kbd&amp;gt;
                        &amp;lt;span class="help-key-def"&amp;gt;Go to User Guide&amp;lt;/span&amp;gt;
                    &amp;lt;/li&amp;gt;
                &amp;lt;/ul&amp;gt;
            &amp;lt;/div&amp;gt;
        &amp;lt;/div&amp;gt;
    &amp;lt;/div&amp;gt;
&amp;lt;/div&amp;gt;

&amp;lt;script src="/files/fitnesse/javascript/mousetrap.min.js" type="text/javascript"&amp;gt;&amp;lt;/script&amp;gt;
&amp;lt;script src="/files/fitnesse/question.mark/question.mark.js" type="text/javascript"&amp;gt;&amp;lt;/script&amp;gt;

&amp;lt;script type="text/javascript"&amp;gt;

  
              Mousetrap.bind('w', function() { window.location.href ="ErrorLogs.TestPage?whereUsed"; });
        Mousetrap.bind('v', function() { window.location.href ="ErrorLogs.TestPage?versions"; });
        Mousetrap.bind('s', function() { window.location.href ="ErrorLogs.TestPage?searchForm"; });
    Mousetrap.bind('/', function() { 
      document.getElementById('searchString').focus();
      return false;  // stops the / character appearing in search box
    });
        Mousetrap.bind('g u', function() { window.location.href =".FitNesse.UserGuide"; });
  
&amp;lt;/script&amp;gt;

  &amp;lt;/article&amp;gt;
  
    &amp;lt;footer&amp;gt;
     &amp;lt;/footer&amp;gt;
  
 &amp;lt;/body&amp;gt;
&amp;lt;/html&amp;gt;
</evaluationMessage>
                  </expectation>
        
      </instructionResult>
            <instructionResult>
        <instruction>{id='decisionTable_33_0', instruction='make', instanceName='decisionTable_33', className='ResponseExaminer', args=[]}</instruction>
        <slimResult>pass(Response Examiner.)</slimResult>
                <expectation>
                    <status>pass</status>
                    <instructionId>decisionTable_33_0</instructionId>
                    <col>0</col>
                              <row>0</row>
                    <type>ConstructionExpectation</type>
                                        <evaluationMessage>Response Examiner.</evaluationMessage>
                  </expectation>
        
      </instructionResult>
            <instructionResult>
        <instruction>{id='decisionTable_33_4', instruction='call', instanceName='decisionTable_33', methodName='setType', args=[contents]}</instruction>
        <slimResult></slimResult>
                <expectation>
                    <instructionId>decisionTable_33_4</instructionId>
                    <col>0</col>
                              <row>2</row>
                    <type>VoidReturnExpectation</type>
                                      </expectation>
        
      </instructionResult>
            <instructionResult>
        <instruction>{id='decisionTable_33_5', instruction='call', instanceName='decisionTable_33', methodName='setPattern', args=[Exit code.*0.*Time]}</instruction>
        <slimResult></slimResult>
                <expectation>
                    <instructionId>decisionTable_33_5</instructionId>
                    <col>1</col>
                              <row>2</row>
                    <type>VoidReturnExpectation</type>
                                      </expectation>
        
      </instructionResult>
            <instructionResult>
        <instruction>{id='decisionTable_33_7', instruction='call', instanceName='decisionTable_33', methodName='matches', args=[]}</instruction>
        <slimResult>pass(true)</slimResult>
                <expectation>
                    <status>pass</status>
                    <instructionId>decisionTable_33_7</instructionId>
                    <col>2</col>
                              <row>2</row>
                    <type>ReturnedValueExpectation</type>
                                        <evaluationMessage>true</evaluationMessage>
                  </expectation>
        
      </instructionResult>
            <instructionResult>
        <instruction>{id='decisionTable_34_0', instruction='make', instanceName='decisionTable_34', className='TearDown', args=[]}</instruction>
        <slimResult>pass(tear down)</slimResult>
                <expectation>
                    <status>pass</status>
                    <instructionId>decisionTable_34_0</instructionId>
                    <col>0</col>
                              <row>0</row>
                    <type>ConstructionExpectation</type>
                                        <evaluationMessage>tear down</evaluationMessage>
                  </expectation>
        
      </instructionResult>
      
    </instructions>
    
  </result>
  
    <finalCounts>
    <right>1</right>
    <wrong>0</wrong>
    <ignores>0</ignores>
    <exceptions>0</exceptions>
  </finalCounts>
  <totalRunTimeInMillis>512</totalRunTimeInMillis>
  
</testResults>

