<?xml version="1.0"?>
<testResults>
  <FitNesseVersion>v20140418</FitNesseVersion>
  <rootPath>FitNesse.SuiteAcceptanceTests.SuiteWikiImportTests.TestWaterMarkAndEditButtons</rootPath>
    <result>
    <counts>
      <right>26</right>
      <wrong>0</wrong>
      <ignores>0</ignores>
      <exceptions>0</exceptions>
    </counts>
    <runTimeInMillis>133</runTimeInMillis>
    <content>&lt;div class="collapsible closed"&gt;&lt;ul&gt;&lt;li&gt;&lt;a href='#' class='expandall'&gt;Expand All&lt;/a&gt;&lt;/li&gt;&lt;li&gt;&lt;a href='#' class='collapseall'&gt;Collapse All&lt;/a&gt;&lt;/li&gt;&lt;/ul&gt;
	&lt;p class="title"&gt;Scenario Libraries&lt;/p&gt;
	&lt;div&gt;&lt;div class="collapsible closed"&gt;&lt;ul&gt;&lt;li&gt;&lt;a href='#' class='expandall'&gt;Expand All&lt;/a&gt;&lt;/li&gt;&lt;li&gt;&lt;a href='#' class='collapseall'&gt;Collapse All&lt;/a&gt;&lt;/li&gt;&lt;/ul&gt;
	&lt;p class="title"&gt;Included page: &lt;a href="FitNesse.SuiteAcceptanceTests.ScenarioLibrary"&gt;.FitNesse.SuiteAcceptanceTests.ScenarioLibrary&lt;/a&gt; &lt;a href="FitNesse.SuiteAcceptanceTests.ScenarioLibrary?edit&amp;amp;redirectToReferer=true&amp;amp;redirectAction=" class="edit"&gt;(edit)&lt;/a&gt;&lt;/p&gt;
	&lt;div&gt;&lt;table&gt;
	&lt;tr&gt;
		&lt;td&gt;scenario&lt;/td&gt;
		&lt;td&gt;given page&lt;/td&gt;
		&lt;td&gt;page&lt;/td&gt;
		&lt;td&gt;with content&lt;/td&gt;
		&lt;td&gt;content&lt;/td&gt;
	&lt;/tr&gt;
	&lt;tr&gt;
		&lt;td&gt;create page&lt;/td&gt;
		&lt;td&gt;@page&lt;/td&gt;
		&lt;td&gt;with content&lt;/td&gt;
		&lt;td colspan="2"&gt;@content&lt;/td&gt;
	&lt;/tr&gt;
	&lt;tr&gt;
		&lt;td&gt;$IT=&lt;/td&gt;
		&lt;td&gt;echo&lt;/td&gt;
		&lt;td colspan="3"&gt;@page&lt;/td&gt;
	&lt;/tr&gt;
&lt;/table&gt;
&lt;br/&gt;&lt;table&gt;
	&lt;tr&gt;
		&lt;td&gt;scenario&lt;/td&gt;
		&lt;td&gt;given page&lt;/td&gt;
		&lt;td colspan="2"&gt;page&lt;/td&gt;
	&lt;/tr&gt;
	&lt;tr&gt;
		&lt;td&gt;given page&lt;/td&gt;
		&lt;td&gt;@page&lt;/td&gt;
		&lt;td&gt;with content&lt;/td&gt;
		&lt;td&gt;nothing&lt;/td&gt;
	&lt;/tr&gt;
&lt;/table&gt;
&lt;br/&gt;&lt;table&gt;
	&lt;tr&gt;
		&lt;td&gt;scenario&lt;/td&gt;
		&lt;td&gt;given test page&lt;/td&gt;
		&lt;td&gt;page&lt;/td&gt;
	&lt;/tr&gt;
	&lt;tr&gt;
		&lt;td&gt;given page&lt;/td&gt;
		&lt;td colspan="2"&gt;@page&lt;/td&gt;
	&lt;/tr&gt;
	&lt;tr&gt;
		&lt;td&gt;make&lt;/td&gt;
		&lt;td&gt;@page&lt;/td&gt;
		&lt;td&gt;a test page&lt;/td&gt;
	&lt;/tr&gt;
&lt;/table&gt;
&lt;br/&gt;&lt;table&gt;
	&lt;tr&gt;
		&lt;td&gt;scenario&lt;/td&gt;
		&lt;td&gt;given slim test page&lt;/td&gt;
		&lt;td colspan="2"&gt;page&lt;/td&gt;
	&lt;/tr&gt;
	&lt;tr&gt;
		&lt;td&gt;given page&lt;/td&gt;
		&lt;td&gt;@page&lt;/td&gt;
		&lt;td&gt;with content&lt;/td&gt;
		&lt;td&gt;!define TEST_SYSTEM {slim}&lt;/td&gt;
	&lt;/tr&gt;
	&lt;tr&gt;
		&lt;td&gt;make&lt;/td&gt;
		&lt;td&gt;@page&lt;/td&gt;
		&lt;td colspan="2"&gt;a test page&lt;/td&gt;
	&lt;/tr&gt;
&lt;/table&gt;
&lt;br/&gt;&lt;table&gt;
	&lt;tr&gt;
		&lt;td&gt;scenario&lt;/td&gt;
		&lt;td&gt;page&lt;/td&gt;
		&lt;td&gt;source&lt;/td&gt;
		&lt;td&gt;should have link to&lt;/td&gt;
		&lt;td&gt;target&lt;/td&gt;
	&lt;/tr&gt;
	&lt;tr&gt;
		&lt;td&gt;check&lt;/td&gt;
		&lt;td&gt;request page&lt;/td&gt;
		&lt;td&gt;@source&lt;/td&gt;
		&lt;td colspan="2"&gt;200&lt;/td&gt;
	&lt;/tr&gt;
	&lt;tr&gt;
		&lt;td&gt;ensure&lt;/td&gt;
		&lt;td&gt;content contains&lt;/td&gt;
		&lt;td colspan="3"&gt;&amp;lt;a href="@target"&lt;/td&gt;
	&lt;/tr&gt;
	&lt;tr&gt;
		&lt;td&gt;$IT=&lt;/td&gt;
		&lt;td&gt;echo&lt;/td&gt;
		&lt;td colspan="3"&gt;@source&lt;/td&gt;
	&lt;/tr&gt;
&lt;/table&gt;
&lt;br/&gt;&lt;table&gt;
	&lt;tr&gt;
		&lt;td&gt;scenario&lt;/td&gt;
		&lt;td&gt;it should have link to&lt;/td&gt;
		&lt;td colspan="2"&gt;target&lt;/td&gt;
	&lt;/tr&gt;
	&lt;tr&gt;
		&lt;td&gt;page&lt;/td&gt;
		&lt;td&gt;$IT&lt;/td&gt;
		&lt;td&gt;should have link to&lt;/td&gt;
		&lt;td&gt;@target&lt;/td&gt;
	&lt;/tr&gt;
&lt;/table&gt;
&lt;br/&gt;&lt;table&gt;
	&lt;tr&gt;
		&lt;td&gt;scenario&lt;/td&gt;
		&lt;td&gt;and it should have link to&lt;/td&gt;
		&lt;td colspan="2"&gt;target&lt;/td&gt;
	&lt;/tr&gt;
	&lt;tr&gt;
		&lt;td&gt;page&lt;/td&gt;
		&lt;td&gt;$IT&lt;/td&gt;
		&lt;td&gt;should have link to&lt;/td&gt;
		&lt;td&gt;@target&lt;/td&gt;
	&lt;/tr&gt;
&lt;/table&gt;
&lt;br/&gt;&lt;table&gt;
	&lt;tr&gt;
		&lt;td&gt;scenario&lt;/td&gt;
		&lt;td&gt;page&lt;/td&gt;
		&lt;td&gt;source&lt;/td&gt;
		&lt;td&gt;should have creating link to&lt;/td&gt;
		&lt;td&gt;target&lt;/td&gt;
	&lt;/tr&gt;
	&lt;tr&gt;
		&lt;td&gt;check&lt;/td&gt;
		&lt;td&gt;request page&lt;/td&gt;
		&lt;td&gt;@source&lt;/td&gt;
		&lt;td colspan="2"&gt;200&lt;/td&gt;
	&lt;/tr&gt;
	&lt;tr&gt;
		&lt;td&gt;ensure&lt;/td&gt;
		&lt;td&gt;content contains&lt;/td&gt;
		&lt;td colspan="3"&gt;@target&amp;lt;a title="create page" href="@target?edit&amp;amp;nonExistent=true"&amp;gt;[?]&amp;lt;/a&amp;gt;&lt;/td&gt;
	&lt;/tr&gt;
&lt;/table&gt;
&lt;br/&gt;&lt;table&gt;
	&lt;tr&gt;
		&lt;td&gt;scenario&lt;/td&gt;
		&lt;td&gt;it should have creating link to&lt;/td&gt;
		&lt;td colspan="2"&gt;target&lt;/td&gt;
	&lt;/tr&gt;
	&lt;tr&gt;
		&lt;td&gt;page&lt;/td&gt;
		&lt;td&gt;$IT&lt;/td&gt;
		&lt;td&gt;should have creating link to&lt;/td&gt;
		&lt;td&gt;@target&lt;/td&gt;
	&lt;/tr&gt;
&lt;/table&gt;
&lt;br/&gt;&lt;table&gt;
	&lt;tr&gt;
		&lt;td&gt;scenario&lt;/td&gt;
		&lt;td&gt;page&lt;/td&gt;
		&lt;td&gt;source&lt;/td&gt;
		&lt;td&gt;should contain&lt;/td&gt;
		&lt;td&gt;text&lt;/td&gt;
	&lt;/tr&gt;
	&lt;tr&gt;
		&lt;td&gt;check&lt;/td&gt;
		&lt;td&gt;request page&lt;/td&gt;
		&lt;td&gt;@source&lt;/td&gt;
		&lt;td colspan="2"&gt;200&lt;/td&gt;
	&lt;/tr&gt;
	&lt;tr&gt;
		&lt;td&gt;ensure&lt;/td&gt;
		&lt;td&gt;content contains&lt;/td&gt;
		&lt;td colspan="3"&gt;@text&lt;/td&gt;
	&lt;/tr&gt;
	&lt;tr&gt;
		&lt;td&gt;show&lt;/td&gt;
		&lt;td colspan="4"&gt;content&lt;/td&gt;
	&lt;/tr&gt;
&lt;/table&gt;
&lt;br/&gt;&lt;table&gt;
	&lt;tr&gt;
		&lt;td&gt;scenario&lt;/td&gt;
		&lt;td&gt;page&lt;/td&gt;
		&lt;td&gt;source&lt;/td&gt;
		&lt;td&gt;should not contain&lt;/td&gt;
		&lt;td&gt;text&lt;/td&gt;
	&lt;/tr&gt;
	&lt;tr&gt;
		&lt;td&gt;check&lt;/td&gt;
		&lt;td&gt;request page&lt;/td&gt;
		&lt;td&gt;@source&lt;/td&gt;
		&lt;td colspan="2"&gt;200&lt;/td&gt;
	&lt;/tr&gt;
	&lt;tr&gt;
		&lt;td&gt;reject&lt;/td&gt;
		&lt;td&gt;content contains&lt;/td&gt;
		&lt;td colspan="3"&gt;@text&lt;/td&gt;
	&lt;/tr&gt;
	&lt;tr&gt;
		&lt;td&gt;show&lt;/td&gt;
		&lt;td colspan="4"&gt;content&lt;/td&gt;
	&lt;/tr&gt;
&lt;/table&gt;
&lt;br/&gt;&lt;table&gt;
	&lt;tr&gt;
		&lt;td&gt;scenario&lt;/td&gt;
		&lt;td&gt;page&lt;/td&gt;
		&lt;td&gt;source&lt;/td&gt;
		&lt;td&gt;should match&lt;/td&gt;
		&lt;td&gt;text&lt;/td&gt;
	&lt;/tr&gt;
	&lt;tr&gt;
		&lt;td&gt;check&lt;/td&gt;
		&lt;td&gt;request page&lt;/td&gt;
		&lt;td&gt;@source&lt;/td&gt;
		&lt;td colspan="2"&gt;200&lt;/td&gt;
	&lt;/tr&gt;
	&lt;tr&gt;
		&lt;td&gt;ensure&lt;/td&gt;
		&lt;td&gt;content matches&lt;/td&gt;
		&lt;td colspan="3"&gt;@text&lt;/td&gt;
	&lt;/tr&gt;
	&lt;tr&gt;
		&lt;td&gt;show&lt;/td&gt;
		&lt;td colspan="4"&gt;content&lt;/td&gt;
	&lt;/tr&gt;
&lt;/table&gt;
&lt;br/&gt;&lt;table&gt;
	&lt;tr&gt;
		&lt;td&gt;scenario&lt;/td&gt;
		&lt;td&gt;it should contain&lt;/td&gt;
		&lt;td colspan="2"&gt;text&lt;/td&gt;
	&lt;/tr&gt;
	&lt;tr&gt;
		&lt;td&gt;page&lt;/td&gt;
		&lt;td&gt;$IT&lt;/td&gt;
		&lt;td&gt;should contain&lt;/td&gt;
		&lt;td&gt;@text&lt;/td&gt;
	&lt;/tr&gt;
&lt;/table&gt;
&lt;br/&gt;&lt;table&gt;
	&lt;tr&gt;
		&lt;td&gt;scenario&lt;/td&gt;
		&lt;td&gt;it should not contain&lt;/td&gt;
		&lt;td colspan="2"&gt;text&lt;/td&gt;
	&lt;/tr&gt;
	&lt;tr&gt;
		&lt;td&gt;page&lt;/td&gt;
		&lt;td&gt;$IT&lt;/td&gt;
		&lt;td&gt;should not contain&lt;/td&gt;
		&lt;td&gt;@text&lt;/td&gt;
	&lt;/tr&gt;
&lt;/table&gt;
&lt;br/&gt;&lt;table&gt;
	&lt;tr&gt;
		&lt;td&gt;scenario&lt;/td&gt;
		&lt;td&gt;it should contain&lt;/td&gt;
		&lt;td&gt;text&lt;/td&gt;
		&lt;td&gt;in line&lt;/td&gt;
		&lt;td&gt;symbol&lt;/td&gt;
	&lt;/tr&gt;
	&lt;tr&gt;
		&lt;td&gt;check&lt;/td&gt;
		&lt;td&gt;request page&lt;/td&gt;
		&lt;td&gt;$IT&lt;/td&gt;
		&lt;td colspan="2"&gt;200&lt;/td&gt;
	&lt;/tr&gt;
	&lt;tr&gt;
		&lt;td&gt;$@symbol=&lt;/td&gt;
		&lt;td&gt;line number containing&lt;/td&gt;
		&lt;td colspan="3"&gt;@text&lt;/td&gt;
	&lt;/tr&gt;
&lt;/table&gt;
&lt;br/&gt;&lt;table&gt;
	&lt;tr&gt;
		&lt;td&gt;scenario&lt;/td&gt;
		&lt;td&gt;it should match&lt;/td&gt;
		&lt;td colspan="2"&gt;text&lt;/td&gt;
	&lt;/tr&gt;
	&lt;tr&gt;
		&lt;td&gt;page&lt;/td&gt;
		&lt;td&gt;$IT&lt;/td&gt;
		&lt;td&gt;should match&lt;/td&gt;
		&lt;td&gt;@text&lt;/td&gt;
	&lt;/tr&gt;
&lt;/table&gt;
&lt;br/&gt;&lt;table&gt;
	&lt;tr&gt;
		&lt;td&gt;scenario&lt;/td&gt;
		&lt;td&gt;test results for page&lt;/td&gt;
		&lt;td&gt;source&lt;/td&gt;
		&lt;td&gt;should contain&lt;/td&gt;
		&lt;td&gt;text&lt;/td&gt;
	&lt;/tr&gt;
	&lt;tr&gt;
		&lt;td&gt;check&lt;/td&gt;
		&lt;td&gt;request page&lt;/td&gt;
		&lt;td&gt;@source?test&lt;/td&gt;
		&lt;td colspan="2"&gt;200&lt;/td&gt;
	&lt;/tr&gt;
	&lt;tr&gt;
		&lt;td&gt;ensure&lt;/td&gt;
		&lt;td&gt;content contains&lt;/td&gt;
		&lt;td colspan="3"&gt;@text&lt;/td&gt;
	&lt;/tr&gt;
	&lt;tr&gt;
		&lt;td&gt;show&lt;/td&gt;
		&lt;td colspan="4"&gt;content&lt;/td&gt;
	&lt;/tr&gt;
&lt;/table&gt;
&lt;br/&gt;&lt;table&gt;
	&lt;tr&gt;
		&lt;td&gt;scenario&lt;/td&gt;
		&lt;td&gt;its test results should contain&lt;/td&gt;
		&lt;td colspan="2"&gt;text&lt;/td&gt;
	&lt;/tr&gt;
	&lt;tr&gt;
		&lt;td&gt;test results for page&lt;/td&gt;
		&lt;td&gt;$IT&lt;/td&gt;
		&lt;td&gt;should contain&lt;/td&gt;
		&lt;td&gt;@text&lt;/td&gt;
	&lt;/tr&gt;
&lt;/table&gt;
&lt;br/&gt;&lt;table&gt;
	&lt;tr&gt;
		&lt;td&gt;scenario&lt;/td&gt;
		&lt;td&gt;test ressults for page&lt;/td&gt;
		&lt;td&gt;source&lt;/td&gt;
		&lt;td&gt;should not contain&lt;/td&gt;
		&lt;td&gt;text&lt;/td&gt;
	&lt;/tr&gt;
	&lt;tr&gt;
		&lt;td&gt;check&lt;/td&gt;
		&lt;td&gt;request page&lt;/td&gt;
		&lt;td&gt;@source?test&lt;/td&gt;
		&lt;td colspan="2"&gt;200&lt;/td&gt;
	&lt;/tr&gt;
	&lt;tr&gt;
		&lt;td&gt;reject&lt;/td&gt;
		&lt;td&gt;content contains&lt;/td&gt;
		&lt;td colspan="3"&gt;@text&lt;/td&gt;
	&lt;/tr&gt;
	&lt;tr&gt;
		&lt;td&gt;show&lt;/td&gt;
		&lt;td colspan="4"&gt;content&lt;/td&gt;
	&lt;/tr&gt;
&lt;/table&gt;
&lt;br/&gt;&lt;table&gt;
	&lt;tr&gt;
		&lt;td&gt;scenario&lt;/td&gt;
		&lt;td&gt;and should contain&lt;/td&gt;
		&lt;td&gt;text&lt;/td&gt;
	&lt;/tr&gt;
	&lt;tr&gt;
		&lt;td&gt;ensure&lt;/td&gt;
		&lt;td&gt;content contains&lt;/td&gt;
		&lt;td&gt;@text&lt;/td&gt;
	&lt;/tr&gt;
	&lt;tr&gt;
		&lt;td&gt;show&lt;/td&gt;
		&lt;td colspan="2"&gt;content&lt;/td&gt;
	&lt;/tr&gt;
&lt;/table&gt;
&lt;br/&gt;&lt;table&gt;
	&lt;tr&gt;
		&lt;td&gt;scenario&lt;/td&gt;
		&lt;td&gt;and should match&lt;/td&gt;
		&lt;td&gt;text&lt;/td&gt;
	&lt;/tr&gt;
	&lt;tr&gt;
		&lt;td&gt;ensure&lt;/td&gt;
		&lt;td&gt;content matches&lt;/td&gt;
		&lt;td&gt;@text&lt;/td&gt;
	&lt;/tr&gt;
	&lt;tr&gt;
		&lt;td&gt;show&lt;/td&gt;
		&lt;td colspan="2"&gt;content&lt;/td&gt;
	&lt;/tr&gt;
&lt;/table&gt;
&lt;br/&gt;&lt;table&gt;
	&lt;tr&gt;
		&lt;td&gt;scenario&lt;/td&gt;
		&lt;td&gt;and should not contain&lt;/td&gt;
		&lt;td&gt;text&lt;/td&gt;
	&lt;/tr&gt;
	&lt;tr&gt;
		&lt;td&gt;reject&lt;/td&gt;
		&lt;td&gt;content contains&lt;/td&gt;
		&lt;td&gt;@text&lt;/td&gt;
	&lt;/tr&gt;
	&lt;tr&gt;
		&lt;td&gt;show&lt;/td&gt;
		&lt;td colspan="2"&gt;content&lt;/td&gt;
	&lt;/tr&gt;
&lt;/table&gt;
&lt;br/&gt;&lt;table&gt;
	&lt;tr&gt;
		&lt;td&gt;scenario&lt;/td&gt;
		&lt;td&gt;widget&lt;/td&gt;
		&lt;td&gt;wikiText&lt;/td&gt;
		&lt;td&gt;should render&lt;/td&gt;
		&lt;td&gt;htmlText&lt;/td&gt;
	&lt;/tr&gt;
	&lt;tr&gt;
		&lt;td&gt;create page&lt;/td&gt;
		&lt;td&gt;WidgetPage&lt;/td&gt;
		&lt;td&gt;with content&lt;/td&gt;
		&lt;td colspan="2"&gt;@wikiText&lt;/td&gt;
	&lt;/tr&gt;
	&lt;tr&gt;
		&lt;td&gt;check&lt;/td&gt;
		&lt;td&gt;request page&lt;/td&gt;
		&lt;td&gt;WidgetPage&lt;/td&gt;
		&lt;td colspan="2"&gt;200&lt;/td&gt;
	&lt;/tr&gt;
	&lt;tr&gt;
		&lt;td&gt;ensure&lt;/td&gt;
		&lt;td&gt;content matches&lt;/td&gt;
		&lt;td colspan="3"&gt;@htmlText&lt;/td&gt;
	&lt;/tr&gt;
	&lt;tr&gt;
		&lt;td&gt;show&lt;/td&gt;
		&lt;td colspan="4"&gt;content&lt;/td&gt;
	&lt;/tr&gt;
&lt;/table&gt;
&lt;br/&gt;&lt;table&gt;
	&lt;tr&gt;
		&lt;td&gt;scenario&lt;/td&gt;
		&lt;td&gt;the line&lt;/td&gt;
		&lt;td&gt;after&lt;/td&gt;
		&lt;td&gt;should come after&lt;/td&gt;
		&lt;td&gt;before&lt;/td&gt;
	&lt;/tr&gt;
	&lt;tr&gt;
		&lt;td&gt;check&lt;/td&gt;
		&lt;td&gt;echo int&lt;/td&gt;
		&lt;td&gt;$@before&lt;/td&gt;
		&lt;td colspan="2"&gt;&amp;lt; $@after&lt;/td&gt;
	&lt;/tr&gt;
&lt;/table&gt;
&lt;br/&gt;&lt;table&gt;
	&lt;tr&gt;
		&lt;td&gt;scenario&lt;/td&gt;
		&lt;td colspan="3"&gt;pass&lt;/td&gt;
	&lt;/tr&gt;
	&lt;tr&gt;
		&lt;td&gt;check&lt;/td&gt;
		&lt;td&gt;echo&lt;/td&gt;
		&lt;td&gt;pass&lt;/td&gt;
		&lt;td&gt;pass&lt;/td&gt;
	&lt;/tr&gt;
&lt;/table&gt;
&lt;/div&gt;
&lt;/div&gt;
&lt;div class="collapsible closed"&gt;&lt;ul&gt;&lt;li&gt;&lt;a href='#' class='expandall'&gt;Expand All&lt;/a&gt;&lt;/li&gt;&lt;li&gt;&lt;a href='#' class='collapseall'&gt;Collapse All&lt;/a&gt;&lt;/li&gt;&lt;/ul&gt;
	&lt;p class="title"&gt;Included page: &lt;a href="FitNesse.SuiteAcceptanceTests.SuiteWikiImportTests.ScenarioLibrary"&gt;.FitNesse.SuiteAcceptanceTests.SuiteWikiImportTests.ScenarioLibrary&lt;/a&gt; &lt;a href="FitNesse.SuiteAcceptanceTests.SuiteWikiImportTests.ScenarioLibrary?edit&amp;amp;redirectToReferer=true&amp;amp;redirectAction=" class="edit"&gt;(edit)&lt;/a&gt;&lt;/p&gt;
	&lt;div&gt;&lt;table&gt;
	&lt;tr&gt;
		&lt;td&gt;scenario&lt;/td&gt;
		&lt;td&gt;given editable page&lt;/td&gt;
		&lt;td colspan="2"&gt;page&lt;/td&gt;
	&lt;/tr&gt;
	&lt;tr&gt;
		&lt;td&gt;create page&lt;/td&gt;
		&lt;td&gt;@page&lt;/td&gt;
		&lt;td&gt;with authentication&lt;/td&gt;
		&lt;td&gt;Edit&lt;/td&gt;
	&lt;/tr&gt;
	&lt;tr&gt;
		&lt;td&gt;$IT=&lt;/td&gt;
		&lt;td&gt;echo&lt;/td&gt;
		&lt;td colspan="2"&gt;@page&lt;/td&gt;
	&lt;/tr&gt;
&lt;/table&gt;
&lt;br/&gt;&lt;table&gt;
	&lt;tr&gt;
		&lt;td&gt;scenario&lt;/td&gt;
		&lt;td&gt;import&lt;/td&gt;
		&lt;td&gt;importedPage&lt;/td&gt;
		&lt;td&gt;into&lt;/td&gt;
		&lt;td&gt;importingPage&lt;/td&gt;
	&lt;/tr&gt;
	&lt;tr&gt;
		&lt;td&gt;check&lt;/td&gt;
		&lt;td&gt;request page&lt;/td&gt;
		&lt;td&gt;@importingPage?responder=import&amp;amp;remoteUrl=http://localhost:9123/@importedPage&lt;/td&gt;
		&lt;td colspan="2"&gt;200&lt;/td&gt;
	&lt;/tr&gt;
&lt;/table&gt;
&lt;br/&gt;&lt;table&gt;
	&lt;tr&gt;
		&lt;td&gt;scenario&lt;/td&gt;
		&lt;td&gt;Water mark and edit buttons should be on page&lt;/td&gt;
		&lt;td colspan="2"&gt;page&lt;/td&gt;
	&lt;/tr&gt;
	&lt;tr&gt;
		&lt;td&gt;check&lt;/td&gt;
		&lt;td&gt;request page&lt;/td&gt;
		&lt;td&gt;@page?properties&lt;/td&gt;
		&lt;td&gt;200&lt;/td&gt;
	&lt;/tr&gt;
	&lt;tr&gt;
		&lt;td&gt;show&lt;/td&gt;
		&lt;td colspan="3"&gt;content&lt;/td&gt;
	&lt;/tr&gt;
	&lt;tr&gt;
		&lt;td&gt;check&lt;/td&gt;
		&lt;td&gt;request page&lt;/td&gt;
		&lt;td&gt;@page&lt;/td&gt;
		&lt;td&gt;200&lt;/td&gt;
	&lt;/tr&gt;
	&lt;tr&gt;
		&lt;td&gt;show&lt;/td&gt;
		&lt;td colspan="3"&gt;content&lt;/td&gt;
	&lt;/tr&gt;
	&lt;tr&gt;
		&lt;td&gt;ensure&lt;/td&gt;
		&lt;td&gt;content matches&lt;/td&gt;
		&lt;td colspan="2"&gt;&amp;lt;body class="imported"&amp;gt;&lt;/td&gt;
	&lt;/tr&gt;
	&lt;tr&gt;
		&lt;td&gt;ensure&lt;/td&gt;
		&lt;td&gt;content matches&lt;/td&gt;
		&lt;td colspan="2"&gt;Edit Locally&lt;/td&gt;
	&lt;/tr&gt;
	&lt;tr&gt;
		&lt;td&gt;ensure&lt;/td&gt;
		&lt;td&gt;content matches&lt;/td&gt;
		&lt;td colspan="2"&gt;Edit Remotely&lt;/td&gt;
	&lt;/tr&gt;
&lt;/table&gt;
&lt;br/&gt;&lt;table&gt;
	&lt;tr&gt;
		&lt;td&gt;scenario&lt;/td&gt;
		&lt;td&gt;Water mark and edit buttons should not be on page&lt;/td&gt;
		&lt;td colspan="2"&gt;page&lt;/td&gt;
	&lt;/tr&gt;
	&lt;tr&gt;
		&lt;td&gt;check&lt;/td&gt;
		&lt;td&gt;request page&lt;/td&gt;
		&lt;td&gt;@page&lt;/td&gt;
		&lt;td&gt;200&lt;/td&gt;
	&lt;/tr&gt;
	&lt;tr&gt;
		&lt;td&gt;reject&lt;/td&gt;
		&lt;td&gt;content matches&lt;/td&gt;
		&lt;td colspan="2"&gt;&amp;lt;body class="imported"&amp;gt;&lt;/td&gt;
	&lt;/tr&gt;
	&lt;tr&gt;
		&lt;td&gt;reject&lt;/td&gt;
		&lt;td&gt;content matches&lt;/td&gt;
		&lt;td colspan="2"&gt;Edit Locally&lt;/td&gt;
	&lt;/tr&gt;
	&lt;tr&gt;
		&lt;td&gt;reject&lt;/td&gt;
		&lt;td&gt;content matches&lt;/td&gt;
		&lt;td colspan="2"&gt;Edit Remotely&lt;/td&gt;
	&lt;/tr&gt;
&lt;/table&gt;
&lt;/div&gt;
&lt;/div&gt;
&lt;/div&gt;
&lt;/div&gt;
&lt;div class="collapsible closed"&gt;&lt;ul&gt;&lt;li&gt;&lt;a href='#' class='expandall'&gt;Expand All&lt;/a&gt;&lt;/li&gt;&lt;li&gt;&lt;a href='#' class='collapseall'&gt;Collapse All&lt;/a&gt;&lt;/li&gt;&lt;/ul&gt;
	&lt;p class="title"&gt;Included page: &lt;a href="FitNesse.SuiteAcceptanceTests.SuiteWikiImportTests.SetUp"&gt;.FitNesse.SuiteAcceptanceTests.SuiteWikiImportTests.SetUp&lt;/a&gt; &lt;a href="FitNesse.SuiteAcceptanceTests.SuiteWikiImportTests.SetUp?edit&amp;amp;redirectToReferer=true&amp;amp;redirectAction=" class="edit"&gt;(edit)&lt;/a&gt;&lt;/p&gt;
	&lt;div&gt;&lt;div class="collapsible"&gt;&lt;ul&gt;&lt;li&gt;&lt;a href='#' class='expandall'&gt;Expand All&lt;/a&gt;&lt;/li&gt;&lt;li&gt;&lt;a href='#' class='collapseall'&gt;Collapse All&lt;/a&gt;&lt;/li&gt;&lt;/ul&gt;
	&lt;p class="title"&gt;Included page: &lt;a href="FitNesse.SuiteAcceptanceTests.SetUp"&gt;&amp;lt;SuiteAcceptanceTests.SetUp&lt;/a&gt; &lt;a href="FitNesse.SuiteAcceptanceTests.SetUp?edit&amp;amp;redirectToReferer=true&amp;amp;redirectAction=" class="edit"&gt;(edit)&lt;/a&gt;&lt;/p&gt;
	&lt;div&gt;&lt;table&gt;
	&lt;tr&gt;
		&lt;td&gt;Import&lt;/td&gt;
	&lt;/tr&gt;
	&lt;tr&gt;
		&lt;td&gt;&lt;span class="pass"&gt;fitnesse.fixtures&lt;/span&gt;&lt;/td&gt;
	&lt;/tr&gt;
&lt;/table&gt;
&lt;br/&gt;&lt;table&gt;
	&lt;tr&gt;
		&lt;td&gt;&lt;span class="pass"&gt;SetUp&lt;/span&gt;&lt;/td&gt;
	&lt;/tr&gt;
&lt;/table&gt;
&lt;/div&gt;
&lt;/div&gt;
&lt;br/&gt;&lt;table&gt;
	&lt;tr&gt;
		&lt;td&gt;Library&lt;/td&gt;
	&lt;/tr&gt;
	&lt;tr&gt;
		&lt;td&gt;&lt;span class="pass"&gt;page driver&lt;/span&gt;&lt;/td&gt;
	&lt;/tr&gt;
	&lt;tr&gt;
		&lt;td&gt;&lt;span class="pass"&gt;echo fixture&lt;/span&gt;&lt;/td&gt;
	&lt;/tr&gt;
&lt;/table&gt;
&lt;br/&gt;&lt;br/&gt;&lt;table&gt;
	&lt;tr&gt;
		&lt;td colspan="3"&gt;&lt;span class="pass"&gt;Page creator.&lt;/span&gt;&lt;/td&gt;
	&lt;/tr&gt;
	&lt;tr&gt;
		&lt;td&gt;Page name.&lt;/td&gt;
		&lt;td&gt;Page contents.&lt;/td&gt;
		&lt;td&gt;valid?&lt;/td&gt;
	&lt;/tr&gt;
	&lt;tr&gt;
		&lt;td&gt;SampleWiki&lt;/td&gt;
		&lt;td&gt;!contents&lt;/td&gt;
		&lt;td&gt;&lt;span class="pass"&gt;true&lt;/span&gt;&lt;/td&gt;
	&lt;/tr&gt;
	&lt;tr&gt;
		&lt;td&gt;SampleWiki.ChildPageOne&lt;/td&gt;
		&lt;td&gt;child page&lt;/td&gt;
		&lt;td&gt;&lt;span class="pass"&gt;true&lt;/span&gt;&lt;/td&gt;
	&lt;/tr&gt;
	&lt;tr&gt;
		&lt;td&gt;SampleWiki.ChildPageOne.GrandChildPageOne&lt;/td&gt;
		&lt;td&gt;grand child page&lt;/td&gt;
		&lt;td&gt;&lt;span class="pass"&gt;true&lt;/span&gt;&lt;/td&gt;
	&lt;/tr&gt;
	&lt;tr&gt;
		&lt;td&gt;SampleWiki.ChildPageOne.GrandChildPageOne.GreatGrandChildPageOne&lt;/td&gt;
		&lt;td&gt;great grand child page&lt;/td&gt;
		&lt;td&gt;&lt;span class="pass"&gt;true&lt;/span&gt;&lt;/td&gt;
	&lt;/tr&gt;
	&lt;tr&gt;
		&lt;td&gt;SampleWiki.ChildPageTwo&lt;/td&gt;
		&lt;td&gt;child page&lt;/td&gt;
		&lt;td&gt;&lt;span class="pass"&gt;true&lt;/span&gt;&lt;/td&gt;
	&lt;/tr&gt;
	&lt;tr&gt;
		&lt;td&gt;SampleWiki.ChildPageTwo.GrandChildPageTwo&lt;/td&gt;
		&lt;td&gt;grand child page&lt;/td&gt;
		&lt;td&gt;&lt;span class="pass"&gt;true&lt;/span&gt;&lt;/td&gt;
	&lt;/tr&gt;
	&lt;tr&gt;
		&lt;td&gt;SampleWiki.ChildPageThree&lt;/td&gt;
		&lt;td&gt;child page&lt;/td&gt;
		&lt;td&gt;&lt;span class="pass"&gt;true&lt;/span&gt;&lt;/td&gt;
	&lt;/tr&gt;
	&lt;tr&gt;
		&lt;td&gt;SampleWiki.ChildWithUnicode&lt;/td&gt;
		&lt;td&gt;Here are some characters that make use of the unicode character set.  They were gathered from wikipedia.
japanese: メインページ
icelandic: Forsíða
ukranian: Головна стаття
thai: หน้าหลัก
greek: Κύρια Σελίδα
arabic: الصفحة الرئيسية&lt;/td&gt;
		&lt;td&gt;&lt;span class="pass"&gt;true&lt;/span&gt;&lt;/td&gt;
	&lt;/tr&gt;
&lt;/table&gt;
&lt;/div&gt;
&lt;/div&gt;
&lt;br/&gt;&lt;table&gt;
	&lt;tr&gt;
		&lt;td colspan="4"&gt;script&lt;/td&gt;
	&lt;/tr&gt;
	&lt;tr class="scenario closed"&gt;
		&lt;td class="pass"&gt;given page&lt;/td&gt;
		&lt;td colspan="3" class="pass"&gt;ImportingPage&lt;/td&gt;
	&lt;/tr&gt;&lt;tr class="scenario-detail closed-detail"&gt;&lt;td colspan="4"&gt;&lt;table&gt;
	&lt;tr&gt;
		&lt;td&gt;scenario&lt;/td&gt;
		&lt;td&gt;given page&lt;/td&gt;
		&lt;td colspan="2"&gt;page&lt;/td&gt;
	&lt;/tr&gt;
	&lt;tr class="scenario closed"&gt;
		&lt;td class="pass"&gt;given page&lt;/td&gt;
		&lt;td class="pass"&gt;ImportingPage&lt;/td&gt;
		&lt;td class="pass"&gt;with content&lt;/td&gt;
		&lt;td class="pass"&gt;nothing&lt;/td&gt;
	&lt;/tr&gt;&lt;tr class="scenario-detail closed-detail"&gt;&lt;td colspan="4"&gt;&lt;table&gt;
	&lt;tr&gt;
		&lt;td&gt;scenario&lt;/td&gt;
		&lt;td&gt;given page&lt;/td&gt;
		&lt;td&gt;page&lt;/td&gt;
		&lt;td&gt;with content&lt;/td&gt;
		&lt;td&gt;content&lt;/td&gt;
	&lt;/tr&gt;
	&lt;tr&gt;
		&lt;td&gt;create page&lt;/td&gt;
		&lt;td&gt;ImportingPage&lt;/td&gt;
		&lt;td&gt;with content&lt;/td&gt;
		&lt;td colspan="2"&gt;nothing&lt;/td&gt;
	&lt;/tr&gt;
	&lt;tr&gt;
		&lt;td&gt;$IT&amp;lt;-[ImportingPage]&lt;/td&gt;
		&lt;td&gt;echo&lt;/td&gt;
		&lt;td colspan="3"&gt;ImportingPage&lt;/td&gt;
	&lt;/tr&gt;
&lt;/table&gt;&lt;/td&gt;&lt;/tr&gt;
&lt;/table&gt;&lt;/td&gt;&lt;/tr&gt;
	&lt;tr class="scenario closed"&gt;
		&lt;td class="pass"&gt;given page&lt;/td&gt;
		&lt;td colspan="3" class="pass"&gt;ImportedPage&lt;/td&gt;
	&lt;/tr&gt;&lt;tr class="scenario-detail closed-detail"&gt;&lt;td colspan="4"&gt;&lt;table&gt;
	&lt;tr&gt;
		&lt;td&gt;scenario&lt;/td&gt;
		&lt;td&gt;given page&lt;/td&gt;
		&lt;td colspan="2"&gt;page&lt;/td&gt;
	&lt;/tr&gt;
	&lt;tr class="scenario closed"&gt;
		&lt;td class="pass"&gt;given page&lt;/td&gt;
		&lt;td class="pass"&gt;ImportedPage&lt;/td&gt;
		&lt;td class="pass"&gt;with content&lt;/td&gt;
		&lt;td class="pass"&gt;nothing&lt;/td&gt;
	&lt;/tr&gt;&lt;tr class="scenario-detail closed-detail"&gt;&lt;td colspan="4"&gt;&lt;table&gt;
	&lt;tr&gt;
		&lt;td&gt;scenario&lt;/td&gt;
		&lt;td&gt;given page&lt;/td&gt;
		&lt;td&gt;page&lt;/td&gt;
		&lt;td&gt;with content&lt;/td&gt;
		&lt;td&gt;content&lt;/td&gt;
	&lt;/tr&gt;
	&lt;tr&gt;
		&lt;td&gt;create page&lt;/td&gt;
		&lt;td&gt;ImportedPage&lt;/td&gt;
		&lt;td&gt;with content&lt;/td&gt;
		&lt;td colspan="2"&gt;nothing&lt;/td&gt;
	&lt;/tr&gt;
	&lt;tr&gt;
		&lt;td&gt;$IT&amp;lt;-[ImportedPage]&lt;/td&gt;
		&lt;td&gt;echo&lt;/td&gt;
		&lt;td colspan="3"&gt;ImportedPage&lt;/td&gt;
	&lt;/tr&gt;
&lt;/table&gt;&lt;/td&gt;&lt;/tr&gt;
&lt;/table&gt;&lt;/td&gt;&lt;/tr&gt;
	&lt;tr class="scenario closed"&gt;
		&lt;td class="pass"&gt;given page&lt;/td&gt;
		&lt;td colspan="3" class="pass"&gt;ImportedPage.ImportedChild&lt;/td&gt;
	&lt;/tr&gt;&lt;tr class="scenario-detail closed-detail"&gt;&lt;td colspan="4"&gt;&lt;table&gt;
	&lt;tr&gt;
		&lt;td&gt;scenario&lt;/td&gt;
		&lt;td&gt;given page&lt;/td&gt;
		&lt;td colspan="2"&gt;page&lt;/td&gt;
	&lt;/tr&gt;
	&lt;tr class="scenario closed"&gt;
		&lt;td class="pass"&gt;given page&lt;/td&gt;
		&lt;td class="pass"&gt;ImportedPage.ImportedChild&lt;/td&gt;
		&lt;td class="pass"&gt;with content&lt;/td&gt;
		&lt;td class="pass"&gt;nothing&lt;/td&gt;
	&lt;/tr&gt;&lt;tr class="scenario-detail closed-detail"&gt;&lt;td colspan="4"&gt;&lt;table&gt;
	&lt;tr&gt;
		&lt;td&gt;scenario&lt;/td&gt;
		&lt;td&gt;given page&lt;/td&gt;
		&lt;td&gt;page&lt;/td&gt;
		&lt;td&gt;with content&lt;/td&gt;
		&lt;td&gt;content&lt;/td&gt;
	&lt;/tr&gt;
	&lt;tr&gt;
		&lt;td&gt;create page&lt;/td&gt;
		&lt;td&gt;ImportedPage.ImportedChild&lt;/td&gt;
		&lt;td&gt;with content&lt;/td&gt;
		&lt;td colspan="2"&gt;nothing&lt;/td&gt;
	&lt;/tr&gt;
	&lt;tr&gt;
		&lt;td&gt;$IT&amp;lt;-[ImportedPage.ImportedChild]&lt;/td&gt;
		&lt;td&gt;echo&lt;/td&gt;
		&lt;td colspan="3"&gt;ImportedPage.ImportedChild&lt;/td&gt;
	&lt;/tr&gt;
&lt;/table&gt;&lt;/td&gt;&lt;/tr&gt;
&lt;/table&gt;&lt;/td&gt;&lt;/tr&gt;
	&lt;tr class="scenario closed"&gt;
		&lt;td class="pass"&gt;import&lt;/td&gt;
		&lt;td class="pass"&gt;ImportedPage&lt;/td&gt;
		&lt;td class="pass"&gt;into&lt;/td&gt;
		&lt;td class="pass"&gt;ImportingPage&lt;/td&gt;
	&lt;/tr&gt;&lt;tr class="scenario-detail closed-detail"&gt;&lt;td colspan="4"&gt;&lt;table&gt;
	&lt;tr&gt;
		&lt;td&gt;scenario&lt;/td&gt;
		&lt;td&gt;import&lt;/td&gt;
		&lt;td&gt;importedPage&lt;/td&gt;
		&lt;td&gt;into&lt;/td&gt;
		&lt;td&gt;importingPage&lt;/td&gt;
	&lt;/tr&gt;
	&lt;tr&gt;
		&lt;td&gt;check&lt;/td&gt;
		&lt;td&gt;request page&lt;/td&gt;
		&lt;td&gt;ImportingPage?responder=import&amp;remoteUrl=http://localhost:9123/ImportedPage&lt;/td&gt;
		&lt;td colspan="2"&gt;&lt;span class="pass"&gt;200&lt;/span&gt;&lt;/td&gt;
	&lt;/tr&gt;
&lt;/table&gt;&lt;/td&gt;&lt;/tr&gt;
	&lt;tr class="scenario closed"&gt;
		&lt;td class="pass"&gt;Water mark and edit buttons should be on page&lt;/td&gt;
		&lt;td colspan="3" class="pass"&gt;ImportingPage.ImportedChild&lt;/td&gt;
	&lt;/tr&gt;&lt;tr class="scenario-detail closed-detail"&gt;&lt;td colspan="4"&gt;&lt;table&gt;
	&lt;tr&gt;
		&lt;td&gt;scenario&lt;/td&gt;
		&lt;td&gt;Water mark and edit buttons should be on page&lt;/td&gt;
		&lt;td colspan="2"&gt;page&lt;/td&gt;
	&lt;/tr&gt;
	&lt;tr&gt;
		&lt;td&gt;check&lt;/td&gt;
		&lt;td&gt;request page&lt;/td&gt;
		&lt;td&gt;ImportingPage.ImportedChild?properties&lt;/td&gt;
		&lt;td&gt;&lt;span class="pass"&gt;200&lt;/span&gt;&lt;/td&gt;
	&lt;/tr&gt;
	&lt;tr&gt;
		&lt;td&gt;show&lt;/td&gt;
		&lt;td colspan="3"&gt;content&lt;/td&gt;
	&lt;td&gt;HTTP/1.1 200 OK
Cache-Control: max-age=0
Content-Length: 6047
Content-Type: text/html; charset=utf-8

&amp;lt;!DOCTYPE html&amp;gt;
&amp;lt;html&amp;gt;
 &amp;lt;head&amp;gt;
  &amp;lt;meta http-equiv="Content-Type" content="text/html; charset=utf-8"/&amp;gt;
  &amp;lt;title&amp;gt;Properties: ImportingPage.ImportedChild&amp;lt;/title&amp;gt;
    &amp;lt;!--[if lt IE 9]&amp;gt;
   &amp;lt;script&amp;gt;
    document.createElement('header');
    document.createElement('nav');
    document.createElement('section');
    document.createElement('article');
    document.createElement('footer');
   &amp;lt;/script&amp;gt;
  &amp;lt;![endif]--&amp;gt;
  
  &amp;lt;link rel="stylesheet" type="text/css" href="/files/fitnesse/css/fitnesse_wiki.css" /&amp;gt;
  &amp;lt;link rel="stylesheet" type="text/css" href="/files/fitnesse/css/fitnesse_pages.css" /&amp;gt;
  &amp;lt;link rel="stylesheet" type="text/css" href="/files/fitnesse/css/fitnesse_straight.css" /&amp;gt;
  &amp;lt;link rel="stylesheet" type="text/css" href="/files/fitnesse/wysiwyg/wysiwyg.css" media="screen"/&amp;gt;
  &amp;lt;link rel="stylesheet" type="text/css" href="/files/fitnesse/question.mark/question.mark.css" /&amp;gt;
  &amp;lt;link rel="wysiwyg.base" href="/" /&amp;gt;
  &amp;lt;link rel="wysiwyg.stylesheet" type="text/css" href="/files/fitnesse/css/fitnesse.css" media="screen" /&amp;gt;
  &amp;lt;link rel="wysiwyg.stylesheet" type="text/css" href="/files/fitnesse/wysiwyg/editor.css" media="screen" /&amp;gt;
  &amp;lt;link rel="shortcut icon" type="image/png" href="/files/fitnesse/images/favicon.png" /&amp;gt;
  &amp;lt;script src="/files/fitnesse/javascript/jquery-1.7.2.min.js" type="text/javascript"&amp;gt;&amp;lt;/script&amp;gt;
  &amp;lt;script src="/files/fitnesse/javascript/fitnesse.js" type="text/javascript"&amp;gt;&amp;lt;/script&amp;gt;
  &amp;lt;script src="/files/fitnesse/javascript/fitnesse_straight.js" type="text/javascript"&amp;gt;&amp;lt;/script&amp;gt;
 &amp;lt;/head&amp;gt;
 &amp;lt;body class="propertiesPage"&amp;gt;

  &amp;lt;header&amp;gt;
   &amp;lt;a href="/FrontPage" id="art_niche"&amp;gt;&amp;lt;span&amp;gt;FitNesse&amp;lt;/span&amp;gt;&amp;lt;/a&amp;gt;

&amp;lt;ul&amp;gt;
 &amp;lt;li&amp;gt;&amp;lt;a href="/ImportingPage"&amp;gt;ImportingPage&amp;lt;/a&amp;gt;&amp;lt;/li&amp;gt;
&amp;lt;/ul&amp;gt;
&amp;lt;h1&amp;gt;&amp;lt;a href="/ImportingPage.ImportedChild"&amp;gt;ImportedChild&amp;lt;/a&amp;gt;&amp;lt;/h1&amp;gt;



  &amp;lt;/header&amp;gt;
  
    
  &amp;lt;nav&amp;gt;
   &amp;lt;ul&amp;gt;
 &amp;lt;li&amp;gt;&amp;lt;a href="/ImportingPage.ImportedChild"&amp;gt;View&amp;lt;/a&amp;gt;&amp;lt;/li&amp;gt;
&amp;lt;/ul&amp;gt;  &amp;lt;/nav&amp;gt;
  
  &amp;lt;article&amp;gt;
    &amp;lt;p&amp;gt;Last modified anonymously&amp;lt;/p&amp;gt;
 &amp;lt;form method="post"&amp;gt;
  &amp;lt;input type="hidden" name="responder" value="saveProperties"/&amp;gt;
  
  &amp;lt;h2&amp;gt;Page properties&amp;lt;/h2&amp;gt;
  &amp;lt;div class="properties"&amp;gt;
   &amp;lt;fieldset&amp;gt;
    &amp;lt;legend&amp;gt;Page type:&amp;lt;/legend&amp;gt;
        &amp;lt;label for="Static"&amp;gt;&amp;lt;input type="radio" id="Static" name="PageType" value="Static" checked="checked"/&amp;gt;Static&amp;lt;/label&amp;gt;
        &amp;lt;label for="Test"&amp;gt;&amp;lt;input type="radio" id="Test" name="PageType" value="Test"/&amp;gt;Test&amp;lt;/label&amp;gt;
        &amp;lt;label for="Suite"&amp;gt;&amp;lt;input type="radio" id="Suite" name="PageType" value="Suite"/&amp;gt;Suite&amp;lt;/label&amp;gt;
        
    &amp;lt;label for="Prune"&amp;gt;&amp;lt;input type="checkbox" id="Prune" name="Prune"/&amp;gt;Skip (Recursive)&amp;lt;/label&amp;gt;
   &amp;lt;/fieldset&amp;gt;
     
   &amp;lt;fieldset&amp;gt;
    &amp;lt;legend&amp;gt;Actions:&amp;lt;/legend&amp;gt;
        &amp;lt;label for="Edit"&amp;gt;&amp;lt;input type="checkbox" id="Edit" name="Edit"/&amp;gt;Edit&amp;lt;/label&amp;gt;
        &amp;lt;label for="Versions"&amp;gt;&amp;lt;input type="checkbox" id="Versions" name="Versions" checked="checked"/&amp;gt;Versions&amp;lt;/label&amp;gt;
        &amp;lt;label for="Properties"&amp;gt;&amp;lt;input type="checkbox" id="Properties" name="Properties" checked="checked"/&amp;gt;Properties&amp;lt;/label&amp;gt;
        &amp;lt;label for="Refactor"&amp;gt;&amp;lt;input type="checkbox" id="Refactor" name="Refactor" checked="checked"/&amp;gt;Refactor&amp;lt;/label&amp;gt;
        &amp;lt;label for="WhereUsed"&amp;gt;&amp;lt;input type="checkbox" id="WhereUsed" name="WhereUsed" checked="checked"/&amp;gt;WhereUsed&amp;lt;/label&amp;gt;
       &amp;lt;/fieldset&amp;gt;

   &amp;lt;fieldset&amp;gt;
    &amp;lt;legend&amp;gt;Navigation:&amp;lt;/legend&amp;gt;
        &amp;lt;label for="RecentChanges"&amp;gt;&amp;lt;input type="checkbox" id="RecentChanges" name="RecentChanges" checked="checked"/&amp;gt;RecentChanges&amp;lt;/label&amp;gt;
        &amp;lt;label for="Files"&amp;gt;&amp;lt;input type="checkbox" id="Files" name="Files" checked="checked"/&amp;gt;Files&amp;lt;/label&amp;gt;
        &amp;lt;label for="Search"&amp;gt;&amp;lt;input type="checkbox" id="Search" name="Search" checked="checked"/&amp;gt;Search&amp;lt;/label&amp;gt;
       &amp;lt;/fieldset&amp;gt;
    
   &amp;lt;fieldset&amp;gt;
    &amp;lt;legend&amp;gt;Security:&amp;lt;/legend&amp;gt;
    	&amp;lt;label for="secure-read"&amp;gt;&amp;lt;input type="checkbox" id="secure-read" name="secure-read"/&amp;gt;secure-read&amp;lt;/label&amp;gt;
    	&amp;lt;label for="secure-write"&amp;gt;&amp;lt;input type="checkbox" id="secure-write" name="secure-write"/&amp;gt;secure-write&amp;lt;/label&amp;gt;
    	&amp;lt;label for="secure-test"&amp;gt;&amp;lt;input type="checkbox" id="secure-test" name="secure-test"/&amp;gt;secure-test&amp;lt;/label&amp;gt;
       &amp;lt;/fieldset&amp;gt;
  &amp;lt;/div&amp;gt;

  &amp;lt;div id="virtual-wiki-properties"&amp;gt;
   &amp;lt;fieldset&amp;gt;
    &amp;lt;label for="HelpText"&amp;gt;Help text:&amp;lt;/label&amp;gt;
    &amp;lt;input type="text" id="HelpText" name="HelpText" value="" size="70"/&amp;gt;
   &amp;lt;/fieldset&amp;gt;
    
   &amp;lt;fieldset&amp;gt;
    &amp;lt;label for="Suites"&amp;gt;Tags:&amp;lt;/label&amp;gt;
     &amp;lt;input type="text" id="Suites" title="Separate tags by a comma" name="Suites" value="" size="70"/&amp;gt;
   &amp;lt;/fieldset&amp;gt;
  &amp;lt;/div&amp;gt;
  &amp;lt;fieldset class="buttons"&amp;gt;
   &amp;lt;input type="submit" name="Save" value="Save Properties" accesskey="s"/&amp;gt;
  &amp;lt;/fieldset&amp;gt;
 &amp;lt;/form&amp;gt;

 &amp;lt;form method="post" action="" id="wiki-import"&amp;gt;
     &amp;lt;h2&amp;gt;Wiki Import Update&amp;lt;/h2&amp;gt;
   &amp;lt;p&amp;gt;&amp;lt;a href="ImportingPage.ImportedChild"&amp;gt;ImportedChild&amp;lt;/a&amp;gt; imports its content and subpages from
   &amp;lt;a href="http://localhost:9123/ImportedPage.ImportedChild"&amp;gt;http://localhost:9123/ImportedPage.ImportedChild&amp;lt;/a&amp;gt;.&amp;lt;/p&amp;gt;
       
   &amp;lt;label class="checkbox" for="autoUpdate"&amp;gt;&amp;lt;input type="checkbox" id="autoUpdate" name="autoUpdate"/&amp;gt;Automatically update imported content when executing tests&amp;lt;/label&amp;gt;
   &amp;lt;input type="hidden" name="responder" value="import"/&amp;gt;
  &amp;lt;/fieldset&amp;gt;
  &amp;lt;fieldset class="buttons"&amp;gt;
   &amp;lt;input type="submit" name="save" value="Update Content and Subpages"/&amp;gt;
  &amp;lt;/fieldset&amp;gt;
 &amp;lt;/form&amp;gt;
 
 
 &amp;lt;form method="get" action="" name="symbolics" id="symbolics"&amp;gt;
  &amp;lt;input type="hidden" name="responder" value="symlink"/&amp;gt;
  &amp;lt;h2&amp;gt;Symbolic Links&amp;lt;/h2&amp;gt;
  &amp;lt;table class="dirListing"&amp;gt;
   &amp;lt;tr&amp;gt;
    &amp;lt;th&amp;gt;Name&amp;lt;/th&amp;gt;
    &amp;lt;th&amp;gt;Path to Page&amp;lt;/th&amp;gt;
    &amp;lt;th&amp;gt;Actions&amp;lt;/th&amp;gt;
   &amp;lt;/tr&amp;gt;
      &amp;lt;tr&amp;gt;
    &amp;lt;td&amp;gt;
     &amp;lt;input type="text" name="linkName" size="30"/&amp;gt;
    &amp;lt;/td&amp;gt;
    &amp;lt;td&amp;gt;
     &amp;lt;input type="text" name="linkPath" size="70"/&amp;gt;
    &amp;lt;/td&amp;gt;
    &amp;lt;td&amp;gt;
     &amp;lt;input type="submit" name="submit" value="Create/Replace"/&amp;gt;
    &amp;lt;/td&amp;gt;
   &amp;lt;/tr&amp;gt;
  &amp;lt;/table&amp;gt;
  
  &amp;lt;a class="button" href="ImportingPage.ImportedChild"&amp;gt;Cancel&amp;lt;/a&amp;gt;

 &amp;lt;/form&amp;gt;


&amp;lt;script src="/files/fitnesse/javascript/jquery.tagsinput.js" type="text/javascript"&amp;gt;&amp;lt;/script&amp;gt;
&amp;lt;script type="text/javascript"&amp;gt;
$(function () {
  /* Tags */
  $('#Suites').tagsInput();
});
&amp;lt;/script&amp;gt;
  &amp;lt;/article&amp;gt;
  
  
 &amp;lt;/body&amp;gt;
&amp;lt;/html&amp;gt;
&lt;/td&gt;&lt;/tr&gt;
	&lt;tr&gt;
		&lt;td&gt;check&lt;/td&gt;
		&lt;td&gt;request page&lt;/td&gt;
		&lt;td&gt;ImportingPage.ImportedChild&lt;/td&gt;
		&lt;td&gt;&lt;span class="pass"&gt;200&lt;/span&gt;&lt;/td&gt;
	&lt;/tr&gt;
	&lt;tr&gt;
		&lt;td&gt;show&lt;/td&gt;
		&lt;td colspan="3"&gt;content&lt;/td&gt;
	&lt;td&gt;HTTP/1.1 200 OK
Cache-Control: max-age=0
Content-Length: 6241
Content-Type: text/html; charset=utf-8

&amp;lt;!DOCTYPE html&amp;gt;
&amp;lt;html&amp;gt;
 &amp;lt;head&amp;gt;
  &amp;lt;meta http-equiv="Content-Type" content="text/html; charset=utf-8"/&amp;gt;
  &amp;lt;title&amp;gt;ImportingPage.ImportedChild&amp;lt;/title&amp;gt;
    &amp;lt;!--[if lt IE 9]&amp;gt;
   &amp;lt;script&amp;gt;
    document.createElement('header');
    document.createElement('nav');
    document.createElement('section');
    document.createElement('article');
    document.createElement('footer');
   &amp;lt;/script&amp;gt;
  &amp;lt;![endif]--&amp;gt;
  
  &amp;lt;link rel="stylesheet" type="text/css" href="/files/fitnesse/css/fitnesse_wiki.css" /&amp;gt;
  &amp;lt;link rel="stylesheet" type="text/css" href="/files/fitnesse/css/fitnesse_pages.css" /&amp;gt;
  &amp;lt;link rel="stylesheet" type="text/css" href="/files/fitnesse/css/fitnesse_straight.css" /&amp;gt;
  &amp;lt;link rel="stylesheet" type="text/css" href="/files/fitnesse/wysiwyg/wysiwyg.css" media="screen"/&amp;gt;
  &amp;lt;link rel="stylesheet" type="text/css" href="/files/fitnesse/question.mark/question.mark.css" /&amp;gt;
  &amp;lt;link rel="wysiwyg.base" href="/" /&amp;gt;
  &amp;lt;link rel="wysiwyg.stylesheet" type="text/css" href="/files/fitnesse/css/fitnesse.css" media="screen" /&amp;gt;
  &amp;lt;link rel="wysiwyg.stylesheet" type="text/css" href="/files/fitnesse/wysiwyg/editor.css" media="screen" /&amp;gt;
  &amp;lt;link rel="shortcut icon" type="image/png" href="/files/fitnesse/images/favicon.png" /&amp;gt;
  &amp;lt;script src="/files/fitnesse/javascript/jquery-1.7.2.min.js" type="text/javascript"&amp;gt;&amp;lt;/script&amp;gt;
  &amp;lt;script src="/files/fitnesse/javascript/fitnesse.js" type="text/javascript"&amp;gt;&amp;lt;/script&amp;gt;
  &amp;lt;script src="/files/fitnesse/javascript/fitnesse_straight.js" type="text/javascript"&amp;gt;&amp;lt;/script&amp;gt;
 &amp;lt;/head&amp;gt;
 &amp;lt;body class="imported"&amp;gt;

  &amp;lt;header&amp;gt;
   &amp;lt;a href="/FrontPage" id="art_niche"&amp;gt;&amp;lt;span&amp;gt;FitNesse&amp;lt;/span&amp;gt;&amp;lt;/a&amp;gt;

&amp;lt;ul&amp;gt;
 &amp;lt;li&amp;gt;&amp;lt;a href="/ImportingPage"&amp;gt;ImportingPage&amp;lt;/a&amp;gt;&amp;lt;/li&amp;gt;
&amp;lt;/ul&amp;gt;
&amp;lt;h1&amp;gt;ImportedChild&amp;lt;/h1&amp;gt;



  &amp;lt;/header&amp;gt;
  
    
  &amp;lt;nav&amp;gt;
   &amp;lt;ul&amp;gt;
     &amp;lt;li&amp;gt;&amp;lt;a href="ImportingPage.ImportedChild?edit" accesskey="e"&amp;gt;Edit Locally&amp;lt;/a&amp;gt;&amp;lt;/li&amp;gt;
   &amp;lt;li&amp;gt;&amp;lt;a href="http://localhost:9123/ImportedPage.ImportedChild?responder=edit&amp;amp;amp;redirectToReferer=true&amp;amp;amp;redirectAction=importAndView"&amp;gt;Edit Remotely&amp;lt;/a&amp;gt;&amp;lt;/li&amp;gt;
 
  
 &amp;lt;li id="tools" aria-haspopup="true"&amp;gt;&amp;lt;a href="#" class="label"&amp;gt;Tools&amp;lt;/a&amp;gt;
      &amp;lt;ul&amp;gt;
     &amp;lt;li&amp;gt;&amp;lt;a href="ImportingPage.ImportedChild?properties" accesskey="p"&amp;gt;Properties&amp;lt;/a&amp;gt;&amp;lt;/li&amp;gt;
       &amp;lt;li&amp;gt;&amp;lt;a href="ImportingPage.ImportedChild?whereUsed" accesskey="w"&amp;gt;Where Used&amp;lt;/a&amp;gt;&amp;lt;/li&amp;gt;
       &amp;lt;li&amp;gt;&amp;lt;a href="ImportingPage.ImportedChild?versions" accesskey="v"&amp;gt;Versions&amp;lt;/a&amp;gt;&amp;lt;/li&amp;gt;
    
     &amp;lt;li class="divider"&amp;gt;&amp;lt;a href="ImportingPage.ImportedChild?refactor&amp;amp;amp;type=rename"&amp;gt;Rename&amp;lt;/a&amp;gt;&amp;lt;/li&amp;gt;
   &amp;lt;li&amp;gt;&amp;lt;a href="ImportingPage.ImportedChild?refactor&amp;amp;amp;type=move"&amp;gt;Move&amp;lt;/a&amp;gt;&amp;lt;/li&amp;gt;
   &amp;lt;li&amp;gt;&amp;lt;a href="ImportingPage.ImportedChild?refactor&amp;amp;amp;type=replace"&amp;gt;Replace&amp;lt;/a&amp;gt;&amp;lt;/li&amp;gt;
   &amp;lt;li&amp;gt;&amp;lt;a href="ImportingPage.ImportedChild?deletePage"&amp;gt;Delete&amp;lt;/a&amp;gt;&amp;lt;/li&amp;gt;
       &amp;lt;li  class="divider"&amp;gt;&amp;lt;a href="/files" accesskey="f"&amp;gt;Files&amp;lt;/a&amp;gt;&amp;lt;/li&amp;gt;
       &amp;lt;li&amp;gt;&amp;lt;a href="?searchForm" accesskey="s"&amp;gt;Search&amp;lt;/a&amp;gt;&amp;lt;/li&amp;gt;
       &amp;lt;li&amp;gt;&amp;lt;a href="/RecentChanges" accesskey=""&amp;gt;Recent Changes&amp;lt;/a&amp;gt;&amp;lt;/li&amp;gt;
  
      
     &amp;lt;li class="divider"&amp;gt;&amp;lt;a href="/FitNesse.UserGuide" accesskey=""&amp;gt;User Guide&amp;lt;/a&amp;gt;&amp;lt;/li&amp;gt;
    &amp;lt;/ul&amp;gt;
 &amp;lt;/li&amp;gt;
&amp;lt;/ul&amp;gt;
  &amp;lt;/nav&amp;gt;
  
  &amp;lt;article&amp;gt;
   nothing

&amp;lt;div id="helpUnderlay" class="help-underlay"&amp;gt;
    &amp;lt;div id="helpModal" class="help-modal"&amp;gt;
        &amp;lt;h1&amp;gt;Keyboard Shortcuts &amp;lt;kbd class="help-key"&amp;gt;&amp;lt;span&amp;gt;?&amp;lt;/span&amp;gt;&amp;lt;/kbd&amp;gt;&amp;lt;/h1&amp;gt;
        &amp;lt;div id="helpClose" class="help-close"&amp;gt;&amp;amp;times;&amp;lt;/div&amp;gt;
        &amp;lt;div id="helpModalContent" class="help-modal-content"&amp;gt;
            &amp;lt;div id="helpListWrap" class="help-list-wrap"&amp;gt;
                &amp;lt;ul class="help-list"&amp;gt;
                    &amp;lt;li class="help-key-unit"&amp;gt;
                        &amp;lt;kbd class="help-key"&amp;gt;&amp;lt;span&amp;gt;t&amp;lt;/span&amp;gt;&amp;lt;/kbd&amp;gt;
                        &amp;lt;span class="help-key-def"&amp;gt;Test&amp;lt;/span&amp;gt;
                    &amp;lt;/li&amp;gt;
                    &amp;lt;li class="help-key-unit"&amp;gt;
                        &amp;lt;kbd class="help-key"&amp;gt;&amp;lt;span&amp;gt;e&amp;lt;/span&amp;gt;&amp;lt;/kbd&amp;gt;
                        &amp;lt;span class="help-key-def"&amp;gt;Edit page&amp;lt;/span&amp;gt;
                    &amp;lt;/li&amp;gt;
                    &amp;lt;li class="help-key-unit"&amp;gt;
                        &amp;lt;kbd class="help-key"&amp;gt;&amp;lt;span&amp;gt;a&amp;lt;/span&amp;gt;&amp;lt;/kbd&amp;gt;
                        &amp;lt;span class="help-key-def"&amp;gt;Add new page&amp;lt;/span&amp;gt;
                    &amp;lt;/li&amp;gt;
                    &amp;lt;li class="help-key-unit"&amp;gt;
                        &amp;lt;kbd class="help-key"&amp;gt;&amp;lt;span&amp;gt;p&amp;lt;/span&amp;gt;&amp;lt;/kbd&amp;gt;
                        &amp;lt;span class="help-key-def"&amp;gt;Properties&amp;lt;/span&amp;gt;
                    &amp;lt;/li&amp;gt;
                    &amp;lt;li class="help-key-unit"&amp;gt;
                        &amp;lt;kbd class="help-key"&amp;gt;&amp;lt;span&amp;gt;w&amp;lt;/span&amp;gt;&amp;lt;/kbd&amp;gt;
                        &amp;lt;span class="help-key-def"&amp;gt;Where used?&amp;lt;/span&amp;gt;
                    &amp;lt;/li&amp;gt;
                    &amp;lt;li class="help-key-unit"&amp;gt;
                        &amp;lt;kbd class="help-key"&amp;gt;&amp;lt;span&amp;gt;/&amp;lt;/span&amp;gt;&amp;lt;/kbd&amp;gt;
                        &amp;lt;span class="help-key-def"&amp;gt;Focus on search bar&amp;lt;/span&amp;gt;
                    &amp;lt;/li&amp;gt;
                    &amp;lt;li class="help-key-unit"&amp;gt;
                        &amp;lt;kbd class="help-key"&amp;gt;&amp;lt;span&amp;gt;s&amp;lt;/span&amp;gt;&amp;lt;/kbd&amp;gt;
                        &amp;lt;span class="help-key-def"&amp;gt;Open search page&amp;lt;/span&amp;gt;
                    &amp;lt;/li&amp;gt;
                    &amp;lt;li class="help-key-unit"&amp;gt;
                        &amp;lt;kbd class="help-key"&amp;gt;&amp;lt;span&amp;gt;g&amp;lt;/span&amp;gt; &amp;lt;span&amp;gt;u&amp;lt;/span&amp;gt;&amp;lt;/kbd&amp;gt;
                        &amp;lt;span class="help-key-def"&amp;gt;Go to User Guide&amp;lt;/span&amp;gt;
                    &amp;lt;/li&amp;gt;
                &amp;lt;/ul&amp;gt;
            &amp;lt;/div&amp;gt;
        &amp;lt;/div&amp;gt;
    &amp;lt;/div&amp;gt;
&amp;lt;/div&amp;gt;

&amp;lt;script src="/files/fitnesse/javascript/mousetrap.min.js" type="text/javascript"&amp;gt;&amp;lt;/script&amp;gt;
&amp;lt;script src="/files/fitnesse/question.mark/question.mark.js" type="text/javascript"&amp;gt;&amp;lt;/script&amp;gt;

&amp;lt;script type="text/javascript"&amp;gt;

  
            Mousetrap.bind('p', function() { window.location.href ="ImportingPage.ImportedChild?properties"; });
        Mousetrap.bind('w', function() { window.location.href ="ImportingPage.ImportedChild?whereUsed"; });
        Mousetrap.bind('v', function() { window.location.href ="ImportingPage.ImportedChild?versions"; });
        Mousetrap.bind('s', function() { window.location.href ="ImportingPage.ImportedChild?searchForm"; });
    Mousetrap.bind('/', function() { 
      document.getElementById('searchString').focus();
      return false;  // stops the / character appearing in search box
    });
        Mousetrap.bind('g u', function() { window.location.href =".FitNesse.UserGuide"; });
  
&amp;lt;/script&amp;gt;

  &amp;lt;/article&amp;gt;
  
    &amp;lt;footer&amp;gt;
     &amp;lt;/footer&amp;gt;
  
 &amp;lt;/body&amp;gt;
&amp;lt;/html&amp;gt;
&lt;/td&gt;&lt;/tr&gt;
	&lt;tr&gt;
		&lt;td&gt;&lt;span class="pass"&gt;ensure&lt;/span&gt;&lt;/td&gt;
		&lt;td&gt;content matches&lt;/td&gt;
		&lt;td colspan="2"&gt;&lt;body class="imported"&gt;&lt;/td&gt;
	&lt;/tr&gt;
	&lt;tr&gt;
		&lt;td&gt;&lt;span class="pass"&gt;ensure&lt;/span&gt;&lt;/td&gt;
		&lt;td&gt;content matches&lt;/td&gt;
		&lt;td colspan="2"&gt;Edit Locally&lt;/td&gt;
	&lt;/tr&gt;
	&lt;tr&gt;
		&lt;td&gt;&lt;span class="pass"&gt;ensure&lt;/span&gt;&lt;/td&gt;
		&lt;td&gt;content matches&lt;/td&gt;
		&lt;td colspan="2"&gt;Edit Remotely&lt;/td&gt;
	&lt;/tr&gt;
&lt;/table&gt;&lt;/td&gt;&lt;/tr&gt;
	&lt;tr&gt;
		&lt;td colspan="4"&gt;&lt;/td&gt;
	&lt;/tr&gt;
	&lt;tr class="scenario closed"&gt;
		&lt;td class="pass"&gt;Water mark and edit buttons should not be on page&lt;/td&gt;
		&lt;td colspan="3" class="pass"&gt;ImportingPage&lt;/td&gt;
	&lt;/tr&gt;&lt;tr class="scenario-detail closed-detail"&gt;&lt;td colspan="4"&gt;&lt;table&gt;
	&lt;tr&gt;
		&lt;td&gt;scenario&lt;/td&gt;
		&lt;td&gt;Water mark and edit buttons should not be on page&lt;/td&gt;
		&lt;td colspan="2"&gt;page&lt;/td&gt;
	&lt;/tr&gt;
	&lt;tr&gt;
		&lt;td&gt;check&lt;/td&gt;
		&lt;td&gt;request page&lt;/td&gt;
		&lt;td&gt;ImportingPage&lt;/td&gt;
		&lt;td&gt;&lt;span class="pass"&gt;200&lt;/span&gt;&lt;/td&gt;
	&lt;/tr&gt;
	&lt;tr&gt;
		&lt;td&gt;&lt;span class="pass"&gt;reject&lt;/span&gt;&lt;/td&gt;
		&lt;td&gt;content matches&lt;/td&gt;
		&lt;td colspan="2"&gt;&lt;body class="imported"&gt;&lt;/td&gt;
	&lt;/tr&gt;
	&lt;tr&gt;
		&lt;td&gt;&lt;span class="pass"&gt;reject&lt;/span&gt;&lt;/td&gt;
		&lt;td&gt;content matches&lt;/td&gt;
		&lt;td colspan="2"&gt;Edit Locally&lt;/td&gt;
	&lt;/tr&gt;
	&lt;tr&gt;
		&lt;td&gt;&lt;span class="pass"&gt;reject&lt;/span&gt;&lt;/td&gt;
		&lt;td&gt;content matches&lt;/td&gt;
		&lt;td colspan="2"&gt;Edit Remotely&lt;/td&gt;
	&lt;/tr&gt;
&lt;/table&gt;&lt;/td&gt;&lt;/tr&gt;
	&lt;tr class="scenario closed"&gt;
		&lt;td class="pass"&gt;Water mark and edit buttons should not be on page&lt;/td&gt;
		&lt;td colspan="3" class="pass"&gt;ImportedPage&lt;/td&gt;
	&lt;/tr&gt;&lt;tr class="scenario-detail closed-detail"&gt;&lt;td colspan="4"&gt;&lt;table&gt;
	&lt;tr&gt;
		&lt;td&gt;scenario&lt;/td&gt;
		&lt;td&gt;Water mark and edit buttons should not be on page&lt;/td&gt;
		&lt;td colspan="2"&gt;page&lt;/td&gt;
	&lt;/tr&gt;
	&lt;tr&gt;
		&lt;td&gt;check&lt;/td&gt;
		&lt;td&gt;request page&lt;/td&gt;
		&lt;td&gt;ImportedPage&lt;/td&gt;
		&lt;td&gt;&lt;span class="pass"&gt;200&lt;/span&gt;&lt;/td&gt;
	&lt;/tr&gt;
	&lt;tr&gt;
		&lt;td&gt;&lt;span class="pass"&gt;reject&lt;/span&gt;&lt;/td&gt;
		&lt;td&gt;content matches&lt;/td&gt;
		&lt;td colspan="2"&gt;&lt;body class="imported"&gt;&lt;/td&gt;
	&lt;/tr&gt;
	&lt;tr&gt;
		&lt;td&gt;&lt;span class="pass"&gt;reject&lt;/span&gt;&lt;/td&gt;
		&lt;td&gt;content matches&lt;/td&gt;
		&lt;td colspan="2"&gt;Edit Locally&lt;/td&gt;
	&lt;/tr&gt;
	&lt;tr&gt;
		&lt;td&gt;&lt;span class="pass"&gt;reject&lt;/span&gt;&lt;/td&gt;
		&lt;td&gt;content matches&lt;/td&gt;
		&lt;td colspan="2"&gt;Edit Remotely&lt;/td&gt;
	&lt;/tr&gt;
&lt;/table&gt;&lt;/td&gt;&lt;/tr&gt;
	&lt;tr class="scenario closed"&gt;
		&lt;td class="pass"&gt;Water mark and edit buttons should not be on page&lt;/td&gt;
		&lt;td colspan="3" class="pass"&gt;ImportedPage.ImportedChild&lt;/td&gt;
	&lt;/tr&gt;&lt;tr class="scenario-detail closed-detail"&gt;&lt;td colspan="4"&gt;&lt;table&gt;
	&lt;tr&gt;
		&lt;td&gt;scenario&lt;/td&gt;
		&lt;td&gt;Water mark and edit buttons should not be on page&lt;/td&gt;
		&lt;td colspan="2"&gt;page&lt;/td&gt;
	&lt;/tr&gt;
	&lt;tr&gt;
		&lt;td&gt;check&lt;/td&gt;
		&lt;td&gt;request page&lt;/td&gt;
		&lt;td&gt;ImportedPage.ImportedChild&lt;/td&gt;
		&lt;td&gt;&lt;span class="pass"&gt;200&lt;/span&gt;&lt;/td&gt;
	&lt;/tr&gt;
	&lt;tr&gt;
		&lt;td&gt;&lt;span class="pass"&gt;reject&lt;/span&gt;&lt;/td&gt;
		&lt;td&gt;content matches&lt;/td&gt;
		&lt;td colspan="2"&gt;&lt;body class="imported"&gt;&lt;/td&gt;
	&lt;/tr&gt;
	&lt;tr&gt;
		&lt;td&gt;&lt;span class="pass"&gt;reject&lt;/span&gt;&lt;/td&gt;
		&lt;td&gt;content matches&lt;/td&gt;
		&lt;td colspan="2"&gt;Edit Locally&lt;/td&gt;
	&lt;/tr&gt;
	&lt;tr&gt;
		&lt;td&gt;&lt;span class="pass"&gt;reject&lt;/span&gt;&lt;/td&gt;
		&lt;td&gt;content matches&lt;/td&gt;
		&lt;td colspan="2"&gt;Edit Remotely&lt;/td&gt;
	&lt;/tr&gt;
&lt;/table&gt;&lt;/td&gt;&lt;/tr&gt;
&lt;/table&gt;
&lt;br/&gt;&lt;div class="collapsible closed"&gt;&lt;ul&gt;&lt;li&gt;&lt;a href='#' class='expandall'&gt;Expand All&lt;/a&gt;&lt;/li&gt;&lt;li&gt;&lt;a href='#' class='collapseall'&gt;Collapse All&lt;/a&gt;&lt;/li&gt;&lt;/ul&gt;
	&lt;p class="title"&gt;Included page: &lt;a href="FitNesse.SuiteAcceptanceTests.TearDown"&gt;.FitNesse.SuiteAcceptanceTests.TearDown&lt;/a&gt; &lt;a href="FitNesse.SuiteAcceptanceTests.TearDown?edit&amp;amp;redirectToReferer=true&amp;amp;redirectAction=" class="edit"&gt;(edit)&lt;/a&gt;&lt;/p&gt;
	&lt;div&gt;&lt;hr/&gt;
&lt;br/&gt;&lt;table&gt;
	&lt;tr&gt;
		&lt;td&gt;&lt;span class="pass"&gt;tear down&lt;/span&gt;&lt;/td&gt;
	&lt;/tr&gt;
&lt;/table&gt;
&lt;br/&gt;&lt;/div&gt;
&lt;/div&gt;
</content>
    <relativePageName>TestWaterMarkAndEditButtons</relativePageName>
    
    
    
    <instructions>
            <instructionResult>
        <instruction>{id='import_29_0', instruction='import', path='fitnesse.fixtures'}</instruction>
        <slimResult>pass(fitnesse.fixtures)</slimResult>
                <expectation>
                    <status>pass</status>
                    <instructionId>import_29_0</instructionId>
                    <col>0</col>
                              <row>1</row>
                    <type>ImportExpectation</type>
                                        <evaluationMessage>fitnesse.fixtures</evaluationMessage>
                  </expectation>
        
      </instructionResult>
            <instructionResult>
        <instruction>{id='decisionTable_30_0', instruction='make', instanceName='decisionTable_30', className='SetUp', args=[]}</instruction>
        <slimResult>pass(SetUp)</slimResult>
                <expectation>
                    <status>pass</status>
                    <instructionId>decisionTable_30_0</instructionId>
                    <col>0</col>
                              <row>0</row>
                    <type>ConstructionExpectation</type>
                                        <evaluationMessage>SetUp</evaluationMessage>
                  </expectation>
        
      </instructionResult>
            <instructionResult>
        <instruction>{id='library_31_0', instruction='make', instanceName='library1', className='PageDriver', args=[]}</instruction>
        <slimResult>pass(page driver)</slimResult>
                <expectation>
                    <status>pass</status>
                    <instructionId>library_31_0</instructionId>
                    <col>0</col>
                              <row>1</row>
                    <type>ConstructionExpectation</type>
                                        <evaluationMessage>page driver</evaluationMessage>
                  </expectation>
        
      </instructionResult>
            <instructionResult>
        <instruction>{id='library_31_1', instruction='make', instanceName='library2', className='EchoFixture', args=[]}</instruction>
        <slimResult>pass(echo fixture)</slimResult>
                <expectation>
                    <status>pass</status>
                    <instructionId>library_31_1</instructionId>
                    <col>0</col>
                              <row>2</row>
                    <type>ConstructionExpectation</type>
                                        <evaluationMessage>echo fixture</evaluationMessage>
                  </expectation>
        
      </instructionResult>
            <instructionResult>
        <instruction>{id='decisionTable_32_0', instruction='make', instanceName='decisionTable_32', className='PageCreator', args=[]}</instruction>
        <slimResult>pass(Page creator.)</slimResult>
                <expectation>
                    <status>pass</status>
                    <instructionId>decisionTable_32_0</instructionId>
                    <col>0</col>
                              <row>0</row>
                    <type>ConstructionExpectation</type>
                                        <evaluationMessage>Page creator.</evaluationMessage>
                  </expectation>
        
      </instructionResult>
            <instructionResult>
        <instruction>{id='decisionTable_32_4', instruction='call', instanceName='decisionTable_32', methodName='setPageName', args=[SampleWiki]}</instruction>
        <slimResult></slimResult>
                <expectation>
                    <instructionId>decisionTable_32_4</instructionId>
                    <col>0</col>
                              <row>2</row>
                    <type>VoidReturnExpectation</type>
                                      </expectation>
        
      </instructionResult>
            <instructionResult>
        <instruction>{id='decisionTable_32_5', instruction='call', instanceName='decisionTable_32', methodName='setPageContents', args=[!contents]}</instruction>
        <slimResult></slimResult>
                <expectation>
                    <instructionId>decisionTable_32_5</instructionId>
                    <col>1</col>
                              <row>2</row>
                    <type>VoidReturnExpectation</type>
                                      </expectation>
        
      </instructionResult>
            <instructionResult>
        <instruction>{id='decisionTable_32_7', instruction='call', instanceName='decisionTable_32', methodName='valid', args=[]}</instruction>
        <slimResult>pass(true)</slimResult>
                <expectation>
                    <status>pass</status>
                    <instructionId>decisionTable_32_7</instructionId>
                    <col>2</col>
                              <row>2</row>
                    <type>ReturnedValueExpectation</type>
                                        <evaluationMessage>true</evaluationMessage>
                  </expectation>
        
      </instructionResult>
            <instructionResult>
        <instruction>{id='decisionTable_32_9', instruction='call', instanceName='decisionTable_32', methodName='setPageName', args=[SampleWiki.ChildPageOne]}</instruction>
        <slimResult></slimResult>
                <expectation>
                    <instructionId>decisionTable_32_9</instructionId>
                    <col>0</col>
                              <row>3</row>
                    <type>VoidReturnExpectation</type>
                                      </expectation>
        
      </instructionResult>
            <instructionResult>
        <instruction>{id='decisionTable_32_10', instruction='call', instanceName='decisionTable_32', methodName='setPageContents', args=[child page]}</instruction>
        <slimResult></slimResult>
                <expectation>
                    <instructionId>decisionTable_32_10</instructionId>
                    <col>1</col>
                              <row>3</row>
                    <type>VoidReturnExpectation</type>
                                      </expectation>
        
      </instructionResult>
            <instructionResult>
        <instruction>{id='decisionTable_32_12', instruction='call', instanceName='decisionTable_32', methodName='valid', args=[]}</instruction>
        <slimResult>pass(true)</slimResult>
                <expectation>
                    <status>pass</status>
                    <instructionId>decisionTable_32_12</instructionId>
                    <col>2</col>
                              <row>3</row>
                    <type>ReturnedValueExpectation</type>
                                        <evaluationMessage>true</evaluationMessage>
                  </expectation>
        
      </instructionResult>
            <instructionResult>
        <instruction>{id='decisionTable_32_14', instruction='call', instanceName='decisionTable_32', methodName='setPageName', args=[SampleWiki.ChildPageOne.GrandChildPageOne]}</instruction>
        <slimResult></slimResult>
                <expectation>
                    <instructionId>decisionTable_32_14</instructionId>
                    <col>0</col>
                              <row>4</row>
                    <type>VoidReturnExpectation</type>
                                      </expectation>
        
      </instructionResult>
            <instructionResult>
        <instruction>{id='decisionTable_32_15', instruction='call', instanceName='decisionTable_32', methodName='setPageContents', args=[grand child page]}</instruction>
        <slimResult></slimResult>
                <expectation>
                    <instructionId>decisionTable_32_15</instructionId>
                    <col>1</col>
                              <row>4</row>
                    <type>VoidReturnExpectation</type>
                                      </expectation>
        
      </instructionResult>
            <instructionResult>
        <instruction>{id='decisionTable_32_17', instruction='call', instanceName='decisionTable_32', methodName='valid', args=[]}</instruction>
        <slimResult>pass(true)</slimResult>
                <expectation>
                    <status>pass</status>
                    <instructionId>decisionTable_32_17</instructionId>
                    <col>2</col>
                              <row>4</row>
                    <type>ReturnedValueExpectation</type>
                                        <evaluationMessage>true</evaluationMessage>
                  </expectation>
        
      </instructionResult>
            <instructionResult>
        <instruction>{id='decisionTable_32_19', instruction='call', instanceName='decisionTable_32', methodName='setPageName', args=[SampleWiki.ChildPageOne.GrandChildPageOne.GreatGrandChildPageOne]}</instruction>
        <slimResult></slimResult>
                <expectation>
                    <instructionId>decisionTable_32_19</instructionId>
                    <col>0</col>
                              <row>5</row>
                    <type>VoidReturnExpectation</type>
                                      </expectation>
        
      </instructionResult>
            <instructionResult>
        <instruction>{id='decisionTable_32_20', instruction='call', instanceName='decisionTable_32', methodName='setPageContents', args=[great grand child page]}</instruction>
        <slimResult></slimResult>
                <expectation>
                    <instructionId>decisionTable_32_20</instructionId>
                    <col>1</col>
                              <row>5</row>
                    <type>VoidReturnExpectation</type>
                                      </expectation>
        
      </instructionResult>
            <instructionResult>
        <instruction>{id='decisionTable_32_22', instruction='call', instanceName='decisionTable_32', methodName='valid', args=[]}</instruction>
        <slimResult>pass(true)</slimResult>
                <expectation>
                    <status>pass</status>
                    <instructionId>decisionTable_32_22</instructionId>
                    <col>2</col>
                              <row>5</row>
                    <type>ReturnedValueExpectation</type>
                                        <evaluationMessage>true</evaluationMessage>
                  </expectation>
        
      </instructionResult>
            <instructionResult>
        <instruction>{id='decisionTable_32_24', instruction='call', instanceName='decisionTable_32', methodName='setPageName', args=[SampleWiki.ChildPageTwo]}</instruction>
        <slimResult></slimResult>
                <expectation>
                    <instructionId>decisionTable_32_24</instructionId>
                    <col>0</col>
                              <row>6</row>
                    <type>VoidReturnExpectation</type>
                                      </expectation>
        
      </instructionResult>
            <instructionResult>
        <instruction>{id='decisionTable_32_25', instruction='call', instanceName='decisionTable_32', methodName='setPageContents', args=[child page]}</instruction>
        <slimResult></slimResult>
                <expectation>
                    <instructionId>decisionTable_32_25</instructionId>
                    <col>1</col>
                              <row>6</row>
                    <type>VoidReturnExpectation</type>
                                      </expectation>
        
      </instructionResult>
            <instructionResult>
        <instruction>{id='decisionTable_32_27', instruction='call', instanceName='decisionTable_32', methodName='valid', args=[]}</instruction>
        <slimResult>pass(true)</slimResult>
                <expectation>
                    <status>pass</status>
                    <instructionId>decisionTable_32_27</instructionId>
                    <col>2</col>
                              <row>6</row>
                    <type>ReturnedValueExpectation</type>
                                        <evaluationMessage>true</evaluationMessage>
                  </expectation>
        
      </instructionResult>
            <instructionResult>
        <instruction>{id='decisionTable_32_29', instruction='call', instanceName='decisionTable_32', methodName='setPageName', args=[SampleWiki.ChildPageTwo.GrandChildPageTwo]}</instruction>
        <slimResult></slimResult>
                <expectation>
                    <instructionId>decisionTable_32_29</instructionId>
                    <col>0</col>
                              <row>7</row>
                    <type>VoidReturnExpectation</type>
                                      </expectation>
        
      </instructionResult>
            <instructionResult>
        <instruction>{id='decisionTable_32_30', instruction='call', instanceName='decisionTable_32', methodName='setPageContents', args=[grand child page]}</instruction>
        <slimResult></slimResult>
                <expectation>
                    <instructionId>decisionTable_32_30</instructionId>
                    <col>1</col>
                              <row>7</row>
                    <type>VoidReturnExpectation</type>
                                      </expectation>
        
      </instructionResult>
            <instructionResult>
        <instruction>{id='decisionTable_32_32', instruction='call', instanceName='decisionTable_32', methodName='valid', args=[]}</instruction>
        <slimResult>pass(true)</slimResult>
                <expectation>
                    <status>pass</status>
                    <instructionId>decisionTable_32_32</instructionId>
                    <col>2</col>
                              <row>7</row>
                    <type>ReturnedValueExpectation</type>
                                        <evaluationMessage>true</evaluationMessage>
                  </expectation>
        
      </instructionResult>
            <instructionResult>
        <instruction>{id='decisionTable_32_34', instruction='call', instanceName='decisionTable_32', methodName='setPageName', args=[SampleWiki.ChildPageThree]}</instruction>
        <slimResult></slimResult>
                <expectation>
                    <instructionId>decisionTable_32_34</instructionId>
                    <col>0</col>
                              <row>8</row>
                    <type>VoidReturnExpectation</type>
                                      </expectation>
        
      </instructionResult>
            <instructionResult>
        <instruction>{id='decisionTable_32_35', instruction='call', instanceName='decisionTable_32', methodName='setPageContents', args=[child page]}</instruction>
        <slimResult></slimResult>
                <expectation>
                    <instructionId>decisionTable_32_35</instructionId>
                    <col>1</col>
                              <row>8</row>
                    <type>VoidReturnExpectation</type>
                                      </expectation>
        
      </instructionResult>
            <instructionResult>
        <instruction>{id='decisionTable_32_37', instruction='call', instanceName='decisionTable_32', methodName='valid', args=[]}</instruction>
        <slimResult>pass(true)</slimResult>
                <expectation>
                    <status>pass</status>
                    <instructionId>decisionTable_32_37</instructionId>
                    <col>2</col>
                              <row>8</row>
                    <type>ReturnedValueExpectation</type>
                                        <evaluationMessage>true</evaluationMessage>
                  </expectation>
        
      </instructionResult>
            <instructionResult>
        <instruction>{id='decisionTable_32_39', instruction='call', instanceName='decisionTable_32', methodName='setPageName', args=[SampleWiki.ChildWithUnicode]}</instruction>
        <slimResult></slimResult>
                <expectation>
                    <instructionId>decisionTable_32_39</instructionId>
                    <col>0</col>
                              <row>9</row>
                    <type>VoidReturnExpectation</type>
                                      </expectation>
        
      </instructionResult>
            <instructionResult>
        <instruction>{id='decisionTable_32_40', instruction='call', instanceName='decisionTable_32', methodName='setPageContents', args=[Here are some characters that make use of the unicode character set.  They were gathered from wikipedia.
japanese: メインページ
icelandic: Forsíða
ukranian: Головна стаття
thai: หน้าหลัก
greek: Κύρια Σελίδα
arabic: الصفحة الرئيسية]}</instruction>
        <slimResult></slimResult>
                <expectation>
                    <instructionId>decisionTable_32_40</instructionId>
                    <col>1</col>
                              <row>9</row>
                    <type>VoidReturnExpectation</type>
                                      </expectation>
        
      </instructionResult>
            <instructionResult>
        <instruction>{id='decisionTable_32_42', instruction='call', instanceName='decisionTable_32', methodName='valid', args=[]}</instruction>
        <slimResult>pass(true)</slimResult>
                <expectation>
                    <status>pass</status>
                    <instructionId>decisionTable_32_42</instructionId>
                    <col>2</col>
                              <row>9</row>
                    <type>ReturnedValueExpectation</type>
                                        <evaluationMessage>true</evaluationMessage>
                  </expectation>
        
      </instructionResult>
            <instructionResult>
        <instruction>{id='scriptTable_33_0/scriptTable_1_0/scriptTable_0_0', instruction='call', instanceName='scriptTableActor', methodName='createPageWithContent', args=[ImportingPage, nothing]}</instruction>
        <slimResult></slimResult>
                <expectation>
                    <instructionId>scriptTable_33_0/scriptTable_1_0/scriptTable_0_0</instructionId>
                    <col>0</col>
                              <row>1</row>
                    <type>ScriptActionExpectation</type>
                                      </expectation>
        
      </instructionResult>
            <instructionResult>
        <instruction>{id='scriptTable_33_0/scriptTable_1_0/scriptTable_0_1', instruction='callAndAssign', symbolName='IT', instanceName='scriptTableActor', methodName='echo', args=[ImportingPage]}</instruction>
        <slimResult>$IT&lt;-[ImportingPage]</slimResult>
                <expectation>
                    <instructionId>scriptTable_33_0/scriptTable_1_0/scriptTable_0_1</instructionId>
                    <col>0</col>
                              <row>2</row>
                    <type>SymbolAssignmentExpectation</type>
                                        <evaluationMessage>$IT&lt;-[ImportingPage]</evaluationMessage>
                  </expectation>
        
      </instructionResult>
            <instructionResult>
        <instruction>{id='scriptTable_33_1/scriptTable_1_0/scriptTable_0_0', instruction='call', instanceName='scriptTableActor', methodName='createPageWithContent', args=[ImportedPage, nothing]}</instruction>
        <slimResult></slimResult>
                <expectation>
                    <instructionId>scriptTable_33_1/scriptTable_1_0/scriptTable_0_0</instructionId>
                    <col>0</col>
                              <row>1</row>
                    <type>ScriptActionExpectation</type>
                                      </expectation>
        
      </instructionResult>
            <instructionResult>
        <instruction>{id='scriptTable_33_1/scriptTable_1_0/scriptTable_0_1', instruction='callAndAssign', symbolName='IT', instanceName='scriptTableActor', methodName='echo', args=[ImportedPage]}</instruction>
        <slimResult>$IT&lt;-[ImportedPage]</slimResult>
                <expectation>
                    <instructionId>scriptTable_33_1/scriptTable_1_0/scriptTable_0_1</instructionId>
                    <col>0</col>
                              <row>2</row>
                    <type>SymbolAssignmentExpectation</type>
                                        <evaluationMessage>$IT&lt;-[ImportedPage]</evaluationMessage>
                  </expectation>
        
      </instructionResult>
            <instructionResult>
        <instruction>{id='scriptTable_33_2/scriptTable_1_0/scriptTable_0_0', instruction='call', instanceName='scriptTableActor', methodName='createPageWithContent', args=[ImportedPage.ImportedChild, nothing]}</instruction>
        <slimResult></slimResult>
                <expectation>
                    <instructionId>scriptTable_33_2/scriptTable_1_0/scriptTable_0_0</instructionId>
                    <col>0</col>
                              <row>1</row>
                    <type>ScriptActionExpectation</type>
                                      </expectation>
        
      </instructionResult>
            <instructionResult>
        <instruction>{id='scriptTable_33_2/scriptTable_1_0/scriptTable_0_1', instruction='callAndAssign', symbolName='IT', instanceName='scriptTableActor', methodName='echo', args=[ImportedPage.ImportedChild]}</instruction>
        <slimResult>$IT&lt;-[ImportedPage.ImportedChild]</slimResult>
                <expectation>
                    <instructionId>scriptTable_33_2/scriptTable_1_0/scriptTable_0_1</instructionId>
                    <col>0</col>
                              <row>2</row>
                    <type>SymbolAssignmentExpectation</type>
                                        <evaluationMessage>$IT&lt;-[ImportedPage.ImportedChild]</evaluationMessage>
                  </expectation>
        
      </instructionResult>
            <instructionResult>
        <instruction>{id='scriptTable_33_3/scriptTable_26_0', instruction='call', instanceName='scriptTableActor', methodName='requestPage', args=[ImportingPage?responder=import&amp;remoteUrl=http://localhost:9123/ImportedPage]}</instruction>
        <slimResult>pass(200)</slimResult>
                <expectation>
                    <status>pass</status>
                    <instructionId>scriptTable_33_3/scriptTable_26_0</instructionId>
                    <col>3</col>
                              <row>1</row>
                    <type>ReturnedValueExpectation</type>
                                        <evaluationMessage>200</evaluationMessage>
                  </expectation>
        
      </instructionResult>
            <instructionResult>
        <instruction>{id='scriptTable_33_4/scriptTable_27_0', instruction='call', instanceName='scriptTableActor', methodName='requestPage', args=[ImportingPage.ImportedChild?properties]}</instruction>
        <slimResult>pass(200)</slimResult>
                <expectation>
                    <status>pass</status>
                    <instructionId>scriptTable_33_4/scriptTable_27_0</instructionId>
                    <col>3</col>
                              <row>1</row>
                    <type>ReturnedValueExpectation</type>
                                        <evaluationMessage>200</evaluationMessage>
                  </expectation>
        
      </instructionResult>
            <instructionResult>
        <instruction>{id='scriptTable_33_4/scriptTable_27_1', instruction='call', instanceName='scriptTableActor', methodName='content', args=[]}</instruction>
        <slimResult></slimResult>
                <expectation>
                    <instructionId>scriptTable_33_4/scriptTable_27_1</instructionId>
                    <col>0</col>
                              <row>2</row>
                    <type>ShowActionExpectation</type>
                                      </expectation>
        
      </instructionResult>
            <instructionResult>
        <instruction>{id='scriptTable_33_4/scriptTable_27_2', instruction='call', instanceName='scriptTableActor', methodName='requestPage', args=[ImportingPage.ImportedChild]}</instruction>
        <slimResult>pass(200)</slimResult>
                <expectation>
                    <status>pass</status>
                    <instructionId>scriptTable_33_4/scriptTable_27_2</instructionId>
                    <col>3</col>
                              <row>3</row>
                    <type>ReturnedValueExpectation</type>
                                        <evaluationMessage>200</evaluationMessage>
                  </expectation>
        
      </instructionResult>
            <instructionResult>
        <instruction>{id='scriptTable_33_4/scriptTable_27_3', instruction='call', instanceName='scriptTableActor', methodName='content', args=[]}</instruction>
        <slimResult></slimResult>
                <expectation>
                    <instructionId>scriptTable_33_4/scriptTable_27_3</instructionId>
                    <col>0</col>
                              <row>4</row>
                    <type>ShowActionExpectation</type>
                                      </expectation>
        
      </instructionResult>
            <instructionResult>
        <instruction>{id='scriptTable_33_4/scriptTable_27_4', instruction='call', instanceName='scriptTableActor', methodName='contentMatches', args=[&lt;body class="imported"&gt;]}</instruction>
        <slimResult>pass()</slimResult>
                <expectation>
                    <status>pass</status>
                    <instructionId>scriptTable_33_4/scriptTable_27_4</instructionId>
                    <col>0</col>
                              <row>5</row>
                    <type>EnsureActionExpectation</type>
                                      </expectation>
        
      </instructionResult>
            <instructionResult>
        <instruction>{id='scriptTable_33_4/scriptTable_27_5', instruction='call', instanceName='scriptTableActor', methodName='contentMatches', args=[Edit Locally]}</instruction>
        <slimResult>pass()</slimResult>
                <expectation>
                    <status>pass</status>
                    <instructionId>scriptTable_33_4/scriptTable_27_5</instructionId>
                    <col>0</col>
                              <row>6</row>
                    <type>EnsureActionExpectation</type>
                                      </expectation>
        
      </instructionResult>
            <instructionResult>
        <instruction>{id='scriptTable_33_4/scriptTable_27_6', instruction='call', instanceName='scriptTableActor', methodName='contentMatches', args=[Edit Remotely]}</instruction>
        <slimResult>pass()</slimResult>
                <expectation>
                    <status>pass</status>
                    <instructionId>scriptTable_33_4/scriptTable_27_6</instructionId>
                    <col>0</col>
                              <row>7</row>
                    <type>EnsureActionExpectation</type>
                                      </expectation>
        
      </instructionResult>
            <instructionResult>
        <instruction>{id='scriptTable_33_5/scriptTable_28_0', instruction='call', instanceName='scriptTableActor', methodName='requestPage', args=[ImportingPage]}</instruction>
        <slimResult>pass(200)</slimResult>
                <expectation>
                    <status>pass</status>
                    <instructionId>scriptTable_33_5/scriptTable_28_0</instructionId>
                    <col>3</col>
                              <row>1</row>
                    <type>ReturnedValueExpectation</type>
                                        <evaluationMessage>200</evaluationMessage>
                  </expectation>
        
      </instructionResult>
            <instructionResult>
        <instruction>{id='scriptTable_33_5/scriptTable_28_1', instruction='call', instanceName='scriptTableActor', methodName='contentMatches', args=[&lt;body class="imported"&gt;]}</instruction>
        <slimResult>pass()</slimResult>
                <expectation>
                    <status>pass</status>
                    <instructionId>scriptTable_33_5/scriptTable_28_1</instructionId>
                    <col>0</col>
                              <row>2</row>
                    <type>RejectActionExpectation</type>
                                      </expectation>
        
      </instructionResult>
            <instructionResult>
        <instruction>{id='scriptTable_33_5/scriptTable_28_2', instruction='call', instanceName='scriptTableActor', methodName='contentMatches', args=[Edit Locally]}</instruction>
        <slimResult>pass()</slimResult>
                <expectation>
                    <status>pass</status>
                    <instructionId>scriptTable_33_5/scriptTable_28_2</instructionId>
                    <col>0</col>
                              <row>3</row>
                    <type>RejectActionExpectation</type>
                                      </expectation>
        
      </instructionResult>
            <instructionResult>
        <instruction>{id='scriptTable_33_5/scriptTable_28_3', instruction='call', instanceName='scriptTableActor', methodName='contentMatches', args=[Edit Remotely]}</instruction>
        <slimResult>pass()</slimResult>
                <expectation>
                    <status>pass</status>
                    <instructionId>scriptTable_33_5/scriptTable_28_3</instructionId>
                    <col>0</col>
                              <row>4</row>
                    <type>RejectActionExpectation</type>
                                      </expectation>
        
      </instructionResult>
            <instructionResult>
        <instruction>{id='scriptTable_33_6/scriptTable_28_0', instruction='call', instanceName='scriptTableActor', methodName='requestPage', args=[ImportedPage]}</instruction>
        <slimResult>pass(200)</slimResult>
                <expectation>
                    <status>pass</status>
                    <instructionId>scriptTable_33_6/scriptTable_28_0</instructionId>
                    <col>3</col>
                              <row>1</row>
                    <type>ReturnedValueExpectation</type>
                                        <evaluationMessage>200</evaluationMessage>
                  </expectation>
        
      </instructionResult>
            <instructionResult>
        <instruction>{id='scriptTable_33_6/scriptTable_28_1', instruction='call', instanceName='scriptTableActor', methodName='contentMatches', args=[&lt;body class="imported"&gt;]}</instruction>
        <slimResult>pass()</slimResult>
                <expectation>
                    <status>pass</status>
                    <instructionId>scriptTable_33_6/scriptTable_28_1</instructionId>
                    <col>0</col>
                              <row>2</row>
                    <type>RejectActionExpectation</type>
                                      </expectation>
        
      </instructionResult>
            <instructionResult>
        <instruction>{id='scriptTable_33_6/scriptTable_28_2', instruction='call', instanceName='scriptTableActor', methodName='contentMatches', args=[Edit Locally]}</instruction>
        <slimResult>pass()</slimResult>
                <expectation>
                    <status>pass</status>
                    <instructionId>scriptTable_33_6/scriptTable_28_2</instructionId>
                    <col>0</col>
                              <row>3</row>
                    <type>RejectActionExpectation</type>
                                      </expectation>
        
      </instructionResult>
            <instructionResult>
        <instruction>{id='scriptTable_33_6/scriptTable_28_3', instruction='call', instanceName='scriptTableActor', methodName='contentMatches', args=[Edit Remotely]}</instruction>
        <slimResult>pass()</slimResult>
                <expectation>
                    <status>pass</status>
                    <instructionId>scriptTable_33_6/scriptTable_28_3</instructionId>
                    <col>0</col>
                              <row>4</row>
                    <type>RejectActionExpectation</type>
                                      </expectation>
        
      </instructionResult>
            <instructionResult>
        <instruction>{id='scriptTable_33_7/scriptTable_28_0', instruction='call', instanceName='scriptTableActor', methodName='requestPage', args=[ImportedPage.ImportedChild]}</instruction>
        <slimResult>pass(200)</slimResult>
                <expectation>
                    <status>pass</status>
                    <instructionId>scriptTable_33_7/scriptTable_28_0</instructionId>
                    <col>3</col>
                              <row>1</row>
                    <type>ReturnedValueExpectation</type>
                                        <evaluationMessage>200</evaluationMessage>
                  </expectation>
        
      </instructionResult>
            <instructionResult>
        <instruction>{id='scriptTable_33_7/scriptTable_28_1', instruction='call', instanceName='scriptTableActor', methodName='contentMatches', args=[&lt;body class="imported"&gt;]}</instruction>
        <slimResult>pass()</slimResult>
                <expectation>
                    <status>pass</status>
                    <instructionId>scriptTable_33_7/scriptTable_28_1</instructionId>
                    <col>0</col>
                              <row>2</row>
                    <type>RejectActionExpectation</type>
                                      </expectation>
        
      </instructionResult>
            <instructionResult>
        <instruction>{id='scriptTable_33_7/scriptTable_28_2', instruction='call', instanceName='scriptTableActor', methodName='contentMatches', args=[Edit Locally]}</instruction>
        <slimResult>pass()</slimResult>
                <expectation>
                    <status>pass</status>
                    <instructionId>scriptTable_33_7/scriptTable_28_2</instructionId>
                    <col>0</col>
                              <row>3</row>
                    <type>RejectActionExpectation</type>
                                      </expectation>
        
      </instructionResult>
            <instructionResult>
        <instruction>{id='scriptTable_33_7/scriptTable_28_3', instruction='call', instanceName='scriptTableActor', methodName='contentMatches', args=[Edit Remotely]}</instruction>
        <slimResult>pass()</slimResult>
                <expectation>
                    <status>pass</status>
                    <instructionId>scriptTable_33_7/scriptTable_28_3</instructionId>
                    <col>0</col>
                              <row>4</row>
                    <type>RejectActionExpectation</type>
                                      </expectation>
        
      </instructionResult>
            <instructionResult>
        <instruction>{id='decisionTable_34_0', instruction='make', instanceName='decisionTable_34', className='TearDown', args=[]}</instruction>
        <slimResult>pass(tear down)</slimResult>
                <expectation>
                    <status>pass</status>
                    <instructionId>decisionTable_34_0</instructionId>
                    <col>0</col>
                              <row>0</row>
                    <type>ConstructionExpectation</type>
                                        <evaluationMessage>tear down</evaluationMessage>
                  </expectation>
        
      </instructionResult>
      
    </instructions>
    
  </result>
  
    <finalCounts>
    <right>1</right>
    <wrong>0</wrong>
    <ignores>0</ignores>
    <exceptions>0</exceptions>
  </finalCounts>
  <totalRunTimeInMillis>134</totalRunTimeInMillis>
  
</testResults>

