<?xml version="1.0"?>
<testResults>
  <FitNesseVersion>v20140418</FitNesseVersion>
  <rootPath>AbapSlim.WorkingSlimTests.TestPageWithInclude</rootPath>
    <result>
    <counts>
      <right>1</right>
      <wrong>0</wrong>
      <ignores>0</ignores>
      <exceptions>0</exceptions>
    </counts>
    <runTimeInMillis>60</runTimeInMillis>
    <content>&lt;br/&gt;&lt;div class="collapsible"&gt;&lt;ul&gt;&lt;li&gt;&lt;a href='#' class='expandall'&gt;Expand All&lt;/a&gt;&lt;/li&gt;&lt;li&gt;&lt;a href='#' class='collapseall'&gt;Collapse All&lt;/a&gt;&lt;/li&gt;&lt;/ul&gt;
	&lt;p class="title"&gt;Included page: &lt;a href="AbapSlim.WorkingSlimTests.TestPageWithInclude.IncludedPage"&gt;&amp;gt;IncludedPage&lt;/a&gt; &lt;a href="AbapSlim.WorkingSlimTests.TestPageWithInclude.IncludedPage?edit&amp;amp;redirectToReferer=true&amp;amp;redirectAction=" class="edit"&gt;(edit)&lt;/a&gt;&lt;/p&gt;
	&lt;div&gt;&lt;span class="meta"&gt;variable defined: FOO=foobar&lt;/span&gt;
&lt;br/&gt;&lt;br/&gt;&lt;table&gt;
	&lt;tr&gt;
		&lt;td colspan="2"&gt;&lt;span class="pass"&gt;zcl_echo_fixture&lt;/span&gt;&lt;/td&gt;
	&lt;/tr&gt;
	&lt;tr&gt;
		&lt;td&gt;name&lt;/td&gt;
		&lt;td&gt;name?&lt;/td&gt;
	&lt;/tr&gt;
	&lt;tr&gt;
		&lt;td&gt;foobar&lt;/td&gt;
		&lt;td&gt;&lt;span class="pass"&gt;foobar&lt;/span&gt;&lt;/td&gt;
	&lt;/tr&gt;
&lt;/table&gt;
&lt;br/&gt;&lt;br/&gt;&lt;/div&gt;
&lt;/div&gt;
</content>
    <relativePageName>TestPageWithInclude</relativePageName>
    
    
    
    <instructions>
            <instructionResult>
        <instruction>{id='decisionTable_0_0', instruction='make', instanceName='decisionTable_0', className='zcl_echo_fixture', args=[]}</instruction>
        <slimResult>pass(zcl_echo_fixture)</slimResult>
                <expectation>
                    <status>pass</status>
                    <instructionId>decisionTable_0_0</instructionId>
                    <col>0</col>
                              <row>0</row>
                    <type>ConstructionExpectation</type>
                                        <evaluationMessage>zcl_echo_fixture</evaluationMessage>
                  </expectation>
        
      </instructionResult>
            <instructionResult>
        <instruction>{id='decisionTable_0_4', instruction='call', instanceName='decisionTable_0', methodName='setName', args=[foobar]}</instruction>
        <slimResult></slimResult>
                <expectation>
                    <instructionId>decisionTable_0_4</instructionId>
                    <col>0</col>
                              <row>2</row>
                    <type>VoidReturnExpectation</type>
                                      </expectation>
        
      </instructionResult>
            <instructionResult>
        <instruction>{id='decisionTable_0_6', instruction='call', instanceName='decisionTable_0', methodName='name', args=[]}</instruction>
        <slimResult>pass(foobar)</slimResult>
                <expectation>
                    <status>pass</status>
                    <instructionId>decisionTable_0_6</instructionId>
                    <col>1</col>
                              <row>2</row>
                    <type>ReturnedValueExpectation</type>
                                        <evaluationMessage>foobar</evaluationMessage>
                  </expectation>
        
      </instructionResult>
      
    </instructions>
    
  </result>
  
    <finalCounts>
    <right>1</right>
    <wrong>0</wrong>
    <ignores>0</ignores>
    <exceptions>0</exceptions>
  </finalCounts>
  <totalRunTimeInMillis>61</totalRunTimeInMillis>
  
</testResults>

