<?xml version="1.0"?>
<testResults>
  <FitNesseVersion>v20140418</FitNesseVersion>
  <rootPath>FitNesse.SuiteAcceptanceTests.SuiteFixtureTests.SuiteColumnFixtureSpec.TestMissingField</rootPath>
    <result>
    <counts>
      <right>2</right>
      <wrong>0</wrong>
      <ignores>0</ignores>
      <exceptions>0</exceptions>
    </counts>
    <runTimeInMillis>713</runTimeInMillis>
    <content>&lt;div class="collapsible closed"&gt;&lt;ul&gt;&lt;li&gt;&lt;a href='#' class='expandall'&gt;Expand All&lt;/a&gt;&lt;/li&gt;&lt;li&gt;&lt;a href='#' class='collapseall'&gt;Collapse All&lt;/a&gt;&lt;/li&gt;&lt;/ul&gt;
	&lt;p class="title"&gt;Included page: &lt;a href="FitNesse.SuiteAcceptanceTests.SetUp"&gt;.FitNesse.SuiteAcceptanceTests.SetUp&lt;/a&gt; &lt;a href="FitNesse.SuiteAcceptanceTests.SetUp?edit&amp;amp;redirectToReferer=true&amp;amp;redirectAction=" class="edit"&gt;(edit)&lt;/a&gt;&lt;/p&gt;
	&lt;div&gt;&lt;table&gt;
	&lt;tr&gt;
		&lt;td&gt;Import&lt;/td&gt;
	&lt;/tr&gt;
	&lt;tr&gt;
		&lt;td&gt;fitnesse.fixtures&lt;/td&gt;
	&lt;/tr&gt;
&lt;/table&gt;
&lt;br/&gt;&lt;table&gt;
	&lt;tr&gt;
		&lt;td&gt;SetUp&lt;/td&gt;
	&lt;/tr&gt;
&lt;/table&gt;
&lt;/div&gt;
&lt;/div&gt;
&lt;br/&gt;&lt;h3&gt;When testing a column fixture, if the header row mentions a field that is not in the fixture, then the following message should appear in that cell:&lt;/h3&gt;
&lt;pre&gt;Could not find field: fieldname.&lt;/pre&gt;
&lt;br/&gt;&lt;br/&gt;&lt;ul&gt;
	&lt;li&gt;Here is a fitnesse page that should generate the error&lt;/li&gt;
&lt;/ul&gt;
&lt;p class="note"&gt;The !path must point to fitnesse-standalone.jar&lt;/p&gt;&lt;p class="note"&gt;ColumnFixtureTestFixture is a special class used for testing Column fixtures.&lt;/p&gt;&lt;table&gt;
	&lt;tr&gt;
		&lt;td colspan="3"&gt;Action fixture&lt;/td&gt;
	&lt;/tr&gt;
	&lt;tr&gt;
		&lt;td&gt;start&lt;/td&gt;
		&lt;td colspan="2"&gt;Page builder&lt;/td&gt;
	&lt;/tr&gt;
	&lt;tr&gt;
		&lt;td&gt;enter&lt;/td&gt;
		&lt;td&gt;attributes&lt;/td&gt;
		&lt;td&gt;Test=true&lt;/td&gt;
	&lt;/tr&gt;
	&lt;tr&gt;
		&lt;td&gt;enter&lt;/td&gt;
		&lt;td&gt;line&lt;/td&gt;
		&lt;td&gt;
!path classes
!path lib/*.jar
&lt;/td&gt;
	&lt;/tr&gt;
	&lt;tr&gt;
		&lt;td&gt;enter&lt;/td&gt;
		&lt;td&gt;line&lt;/td&gt;
		&lt;td&gt;|Import|&lt;/td&gt;
	&lt;/tr&gt;
	&lt;tr&gt;
		&lt;td&gt;enter&lt;/td&gt;
		&lt;td&gt;line&lt;/td&gt;
		&lt;td&gt;|fitnesse.fixtures|&lt;/td&gt;
	&lt;/tr&gt;
	&lt;tr&gt;
		&lt;td&gt;enter&lt;/td&gt;
		&lt;td&gt;line&lt;/td&gt;
		&lt;td&gt;&lt;/td&gt;
	&lt;/tr&gt;
	&lt;tr&gt;
		&lt;td&gt;enter&lt;/td&gt;
		&lt;td&gt;line&lt;/td&gt;
		&lt;td&gt;|Column fixture test fixture|&lt;/td&gt;
	&lt;/tr&gt;
	&lt;tr&gt;
		&lt;td&gt;enter&lt;/td&gt;
		&lt;td&gt;line&lt;/td&gt;
		&lt;td&gt;|no such field|&lt;/td&gt;
	&lt;/tr&gt;
	&lt;tr&gt;
		&lt;td&gt;enter&lt;/td&gt;
		&lt;td&gt;page&lt;/td&gt;
		&lt;td&gt;ColumnFixtureTestPage&lt;/td&gt;
	&lt;/tr&gt;
&lt;/table&gt;
&lt;br/&gt;&lt;table&gt;
	&lt;tr&gt;
		&lt;td colspan="2"&gt;Response Requester&lt;/td&gt;
	&lt;/tr&gt;
	&lt;tr&gt;
		&lt;td&gt;uri&lt;/td&gt;
		&lt;td&gt;status?&lt;/td&gt;
	&lt;/tr&gt;
	&lt;tr&gt;
		&lt;td&gt;ColumnFixtureTestPage?test&lt;/td&gt;
		&lt;td class="pass"&gt;200&lt;/td&gt;
	&lt;/tr&gt;
&lt;/table&gt;
&lt;br/&gt;&lt;ul&gt;
	&lt;li&gt;The error message should show up in the response&lt;/li&gt;
&lt;/ul&gt;
&lt;br/&gt;&lt;table&gt;
	&lt;tr&gt;
		&lt;td colspan="4"&gt;Response examiner&lt;/td&gt;
	&lt;/tr&gt;
	&lt;tr&gt;
		&lt;td&gt;type&lt;/td&gt;
		&lt;td&gt;pattern&lt;/td&gt;
		&lt;td&gt;matches?&lt;/td&gt;
		&lt;td&gt;contents?&lt;/td&gt;
	&lt;/tr&gt;
	&lt;tr&gt;
		&lt;td&gt;contents&lt;/td&gt;
		&lt;td&gt;Could not find field: no such field&lt;/td&gt;
		&lt;td class="pass"&gt;true&lt;/td&gt;
		&lt;td&gt; &lt;span class="fit_grey"&gt;HTTP/1.1 200 OK
Transfer-Encoding: chunked
Content-Type: text/html; charset=utf-8

6f
&amp;lt;!DOCTYPE html&amp;gt;
&amp;lt;html&amp;gt;
 &amp;lt;head&amp;gt;
  &amp;lt;meta http-equiv="Content-Type" content="text/html; charset=utf-8"/&amp;gt;
  &amp;lt;title&amp;gt;
23
Test Results: ColumnFixtureTestPage
b
&amp;lt;/title&amp;gt;
  
12b
  &amp;lt;!--[if lt IE 9]&amp;gt;
   &amp;lt;script&amp;gt;
    document.createElement('header');
    document.createElement('nav');
    document.createElement('section');
    document.createElement('article');
    document.createElement('footer');
   &amp;lt;/script&amp;gt;
  &amp;lt;![endif]--&amp;gt;
  
  &amp;lt;link rel="stylesheet" type="text/css" href="
1
/
58
files/fitnesse/css/fitnesse_wiki.css" /&amp;gt;
  &amp;lt;link rel="stylesheet" type="text/css" href="
1
/
59
files/fitnesse/css/fitnesse_pages.css" /&amp;gt;
  &amp;lt;link rel="stylesheet" type="text/css" href="
1
/
13
files/fitnesse/css/
11
fitnesse_straight
38
.css" /&amp;gt;
  &amp;lt;link rel="stylesheet" type="text/css" href="
1
/
64
files/fitnesse/wysiwyg/wysiwyg.css" media="screen"/&amp;gt;
  &amp;lt;link rel="stylesheet" type="text/css" href="
1
/
54
files/fitnesse/question.mark/question.mark.css" /&amp;gt;
  &amp;lt;link rel="wysiwyg.base" href="
1
/
3c
" /&amp;gt;
  &amp;lt;link rel="wysiwyg.stylesheet" type="text/css" href="
1
/
6a
files/fitnesse/css/fitnesse.css" media="screen" /&amp;gt;
  &amp;lt;link rel="wysiwyg.stylesheet" type="text/css" href="
1
/
68
files/fitnesse/wysiwyg/editor.css" media="screen" /&amp;gt;
  &amp;lt;link rel="shortcut icon" type="image/png" href="
1
/
35
files/fitnesse/images/favicon.png" /&amp;gt;
  &amp;lt;script src="
1
/
5f
files/fitnesse/javascript/jquery-1.7.2.min.js" type="text/javascript"&amp;gt;&amp;lt;/script&amp;gt;
  &amp;lt;script src="
1
/
57
files/fitnesse/javascript/fitnesse.js" type="text/javascript"&amp;gt;&amp;lt;/script&amp;gt;
  &amp;lt;script src="
1
/
1a
files/fitnesse/javascript/
11
fitnesse_straight
35
.js" type="text/javascript"&amp;gt;&amp;lt;/script&amp;gt;
 &amp;lt;/head&amp;gt;
 &amp;lt;body
8
 class="
8
testPage
1
"
11
&amp;gt;

  &amp;lt;header&amp;gt;
   
9
&amp;lt;a href="
1
/
3a
FrontPage" id="art_niche"&amp;gt;&amp;lt;span&amp;gt;FitNesse&amp;lt;/span&amp;gt;&amp;lt;/a&amp;gt;

&amp;lt;ul&amp;gt;

a
&amp;lt;/ul&amp;gt;
&amp;lt;h1&amp;gt;
9
&amp;lt;a href="
1
/
15
ColumnFixtureTestPage
2
"&amp;gt;
15
ColumnFixtureTestPage
4
&amp;lt;/a&amp;gt;
7
&amp;lt;/h1&amp;gt;


1


1


11
  &amp;lt;/header&amp;gt;
  
  
3
   
127
&amp;lt;div id="error-nav" class="hidden"&amp;gt;
  &amp;lt;p id="error-nav-label"&amp;gt;Failure Navigator&amp;lt;/p&amp;gt;
  &amp;lt;div id="error-nav-controls"&amp;gt;
  &amp;lt;button id="error-nav-prev"&amp;gt;&amp;lt;&amp;lt;/button&amp;gt;
  &amp;lt;input id="error-nav-text" type="text"&amp;gt;
   of &amp;lt;span id="error-nav-max"&amp;gt;&amp;lt;/span&amp;gt;
  &amp;lt;button id="error-nav-next"&amp;gt;&amp;gt;&amp;lt;/button&amp;gt;
  &amp;lt;/div&amp;gt;
&amp;lt;/div&amp;gt;

2
  
e
  
  &amp;lt;nav&amp;gt;
   
24
&amp;lt;ul&amp;gt;&amp;lt;li id="test-action"&amp;gt;&amp;lt;/li&amp;gt;&amp;lt;/ul&amp;gt;

15
&amp;lt;div class="hidden"&amp;gt;

6
&amp;lt;ul&amp;gt;
 
1
 
e
 &amp;lt;li&amp;gt;&amp;lt;a href="
15
ColumnFixtureTestPage
24
?test" accesskey="t"&amp;gt;Test&amp;lt;/a&amp;gt;&amp;lt;/li&amp;gt;
 
1
 
e
 &amp;lt;li&amp;gt;&amp;lt;a href="
15
ColumnFixtureTestPage
24
?edit" accesskey="e"&amp;gt;Edit&amp;lt;/a&amp;gt;&amp;lt;/li&amp;gt;
 
1
 
1
 
2

 
2c
 &amp;lt;li id="add" aria-haspopup="true"&amp;gt;&amp;lt;a href="
15
ColumnFixtureTestPage
26
?new" class="label"&amp;gt;Add&amp;lt;/a&amp;gt;
  &amp;lt;ul&amp;gt;
   
10
  &amp;lt;/ul&amp;gt;
 &amp;lt;/li&amp;gt;
 
30
 
 &amp;lt;li id="tools" aria-haspopup="true"&amp;gt;&amp;lt;a href="
1d
#" class="label"&amp;gt;Tools&amp;lt;/a&amp;gt;
  
2
  
9
  &amp;lt;ul&amp;gt;
  
6
   &amp;lt;li
a
&amp;gt;&amp;lt;a href="
15
ColumnFixtureTestPage
31
?properties" accesskey="p"&amp;gt;Properties&amp;lt;/a&amp;gt;&amp;lt;/li&amp;gt;
  
2
  
6
   &amp;lt;li
a
&amp;gt;&amp;lt;a href="
15
ColumnFixtureTestPage
30
?whereUsed" accesskey="w"&amp;gt;Where Used&amp;lt;/a&amp;gt;&amp;lt;/li&amp;gt;
  
2
  
6
   &amp;lt;li
a
&amp;gt;&amp;lt;a href="
15
ColumnFixtureTestPage
2d
?versions" accesskey="v"&amp;gt;Versions&amp;lt;/a&amp;gt;&amp;lt;/li&amp;gt;
  
5
  
  
6
   &amp;lt;li
10
 class="divider"
a
&amp;gt;&amp;lt;a href="
15
ColumnFixtureTestPage
3b
?refactor&amp;amp;amp;type=rename"&amp;gt;Rename&amp;lt;/a&amp;gt;&amp;lt;/li&amp;gt;
   &amp;lt;li&amp;gt;&amp;lt;a href="
15
ColumnFixtureTestPage
37
?refactor&amp;amp;amp;type=move"&amp;gt;Move&amp;lt;/a&amp;gt;&amp;lt;/li&amp;gt;
   &amp;lt;li&amp;gt;&amp;lt;a href="
15
ColumnFixtureTestPage
3d
?refactor&amp;amp;amp;type=replace"&amp;gt;Replace&amp;lt;/a&amp;gt;&amp;lt;/li&amp;gt;
   &amp;lt;li&amp;gt;&amp;lt;a href="
15
ColumnFixtureTestPage
1f
?deletePage"&amp;gt;Delete&amp;lt;/a&amp;gt;&amp;lt;/li&amp;gt;
  
2
  
7
   &amp;lt;li 
10
 class="divider"
a
&amp;gt;&amp;lt;a href="
1
/
26
files" accesskey="f"&amp;gt;Files&amp;lt;/a&amp;gt;&amp;lt;/li&amp;gt;
  
2
  
6
   &amp;lt;li
37
&amp;gt;&amp;lt;a href="?searchForm" accesskey="s"&amp;gt;Search&amp;lt;/a&amp;gt;&amp;lt;/li&amp;gt;
  
2
  
6
   &amp;lt;li
a
&amp;gt;&amp;lt;a href="
1
/
36
RecentChanges" accesskey=""&amp;gt;Recent Changes&amp;lt;/a&amp;gt;&amp;lt;/li&amp;gt;
  
3

  
6
   &amp;lt;li
10
 class="divider"
34
&amp;gt;&amp;lt;a href="?testHistory"&amp;gt;Test History&amp;lt;/a&amp;gt;&amp;lt;/li&amp;gt;
   &amp;lt;li
a
&amp;gt;&amp;lt;a href="
15
ColumnFixtureTestPage
26
?pageHistory"&amp;gt;Page History&amp;lt;/a&amp;gt;&amp;lt;/li&amp;gt;
  
2
  
6
   &amp;lt;li
3a
&amp;gt;&amp;lt;a href="?test&amp;amp;amp;remote_debug"&amp;gt;Remote Debug&amp;lt;/a&amp;gt;&amp;lt;/li&amp;gt;
  
2
  
3

  
6
   &amp;lt;li
10
 class="divider"
a
&amp;gt;&amp;lt;a href="
1
/
37
FitNesse.UserGuide" accesskey=""&amp;gt;User Guide&amp;lt;/a&amp;gt;&amp;lt;/li&amp;gt;
  
15
  &amp;lt;/ul&amp;gt;
 &amp;lt;/li&amp;gt;
&amp;lt;/ul&amp;gt;

2e
&amp;lt;/div&amp;gt;
&amp;lt;script type="text/javascript"&amp;gt;//&amp;lt;!--
 
12
$(function() {
   
22
$('nav &amp;gt; div &amp;gt; ul &amp;gt; li').appendTo(
23
$('nav &amp;gt; ul'));
 });
//--&amp;gt;&amp;lt;/script&amp;gt;
1b
  &amp;lt;/nav&amp;gt;
  
  &amp;lt;article&amp;gt;
   
30
&amp;lt;div id="test-summary"&amp;gt;Running Tests ...&amp;lt;/div&amp;gt;


af
&amp;lt;script&amp;gt;document.getElementById("test-action").innerHTML = "&amp;lt;a href=\"#\" onclick=\"doSilentRequest('?responder=stoptest&amp;amp;id=1')\" class=\"stop\"&amp;gt;Stop Test&amp;lt;/a&amp;gt;\r\n";&amp;lt;/script&amp;gt;

c9
&amp;lt;br/&amp;gt;&amp;lt;span class="meta"&amp;gt;classpath: classes&amp;lt;/span&amp;gt;&amp;lt;br/&amp;gt;&amp;lt;span class="meta"&amp;gt;classpath: lib/*.jar&amp;lt;/span&amp;gt;&amp;lt;br/&amp;gt;&amp;lt;table&amp;gt;
	&amp;lt;tr&amp;gt;
		&amp;lt;td&amp;gt;Import&amp;lt;/td&amp;gt;
	&amp;lt;/tr&amp;gt;
	&amp;lt;tr&amp;gt;
		&amp;lt;td&amp;gt;fitnesse.fixtures&amp;lt;/td&amp;gt;
	&amp;lt;/tr&amp;gt;
&amp;lt;/table&amp;gt;
d1

&amp;lt;br/&amp;gt;&amp;lt;table&amp;gt;
	&amp;lt;tr&amp;gt;
		&amp;lt;td&amp;gt;Column fixture test fixture&amp;lt;/td&amp;gt;
	&amp;lt;/tr&amp;gt;
	&amp;lt;tr&amp;gt;
		&amp;lt;td class="error"&amp;gt;no such field&amp;lt;hr/&amp;gt; &amp;lt;span class="fit_label"&amp;gt;Could not find field: no such field.&amp;lt;/span&amp;gt;&amp;lt;/td&amp;gt;
	&amp;lt;/tr&amp;gt;
&amp;lt;/table&amp;gt;

49
&amp;lt;script&amp;gt;document.getElementById("test-action").innerHTML = "";&amp;lt;/script&amp;gt;

9b
&amp;lt;script&amp;gt;document.getElementById("test-action").innerHTML = "&amp;lt;a href=\"ErrorLogs.ColumnFixtureTestPage\" class=\"ok\"&amp;gt;Tests Executed OK&amp;lt;/a&amp;gt;\r\n";&amp;lt;/script&amp;gt;

39
&amp;lt;script&amp;gt;$("#error-nav").toggleClass("hidden");&amp;lt;/script&amp;gt;

27
&amp;lt;script&amp;gt;initErrorMetadata();&amp;lt;/script&amp;gt;

dc
&amp;lt;script&amp;gt;document.getElementById("test-summary").innerHTML = "&amp;lt;strong&amp;gt;Assertions:&amp;lt;/strong&amp;gt; 0 right, 0 wrong, 0 ignored, 1 exceptions (0.014 seconds)";document.getElementById("test-summary").className = "error";&amp;lt;/script&amp;gt;

1


12
  &amp;lt;/article&amp;gt;
  
  
e
  &amp;lt;footer&amp;gt;
   
e
  &amp;lt;/footer&amp;gt;
  
12

 &amp;lt;/body&amp;gt;
&amp;lt;/html&amp;gt;

0
Exit-Code: 1

&lt;/span&gt;&lt;/td&gt;
	&lt;/tr&gt;
&lt;/table&gt;
&lt;div class="collapsible closed"&gt;&lt;ul&gt;&lt;li&gt;&lt;a href='#' class='expandall'&gt;Expand All&lt;/a&gt;&lt;/li&gt;&lt;li&gt;&lt;a href='#' class='collapseall'&gt;Collapse All&lt;/a&gt;&lt;/li&gt;&lt;/ul&gt;
	&lt;p class="title"&gt;Included page: &lt;a href="FitNesse.SuiteAcceptanceTests.TearDown"&gt;.FitNesse.SuiteAcceptanceTests.TearDown&lt;/a&gt; &lt;a href="FitNesse.SuiteAcceptanceTests.TearDown?edit&amp;amp;redirectToReferer=true&amp;amp;redirectAction=" class="edit"&gt;(edit)&lt;/a&gt;&lt;/p&gt;
	&lt;div&gt;&lt;hr/&gt;
&lt;br/&gt;&lt;table&gt;
	&lt;tr&gt;
		&lt;td&gt;tear down&lt;/td&gt;
	&lt;/tr&gt;
&lt;/table&gt;
&lt;br/&gt;&lt;/div&gt;
&lt;/div&gt;
</content>
    <relativePageName>TestMissingField</relativePageName>
    
    
    
  </result>
  
    <finalCounts>
    <right>1</right>
    <wrong>0</wrong>
    <ignores>0</ignores>
    <exceptions>0</exceptions>
  </finalCounts>
  <totalRunTimeInMillis>714</totalRunTimeInMillis>
  
</testResults>

