<?xml version="1.0"?>
<testResults>
  <FitNesseVersion>v20140418</FitNesseVersion>
  <rootPath>AbapSlim.NotWorkingSlimTests.SlimSymbolDollarDollar</rootPath>
    <result>
    <counts>
      <right>2</right>
      <wrong>1</wrong>
      <ignores>0</ignores>
      <exceptions>0</exceptions>
    </counts>
    <runTimeInMillis>83</runTimeInMillis>
    <content>&lt;br/&gt;$$ should prevent symbol expression and reduce to a single $.  &lt;br/&gt;So $$a should translate to $a.&lt;br/&gt;&lt;br/&gt;&lt;table&gt;
	&lt;tr&gt;
		&lt;td colspan="4"&gt;script&lt;/td&gt;
	&lt;/tr&gt;
	&lt;tr&gt;
		&lt;td&gt;$x&amp;lt;-[null]&lt;/td&gt;
		&lt;td&gt;echo&lt;/td&gt;
		&lt;td colspan="2"&gt;bob&lt;/td&gt;
	&lt;/tr&gt;
	&lt;tr&gt;
		&lt;td&gt;check&lt;/td&gt;
		&lt;td&gt;echo&lt;/td&gt;
		&lt;td&gt;$$x-&gt;[null]&lt;/td&gt;
		&lt;td&gt;[$$x] &lt;span class="fail"&gt;expected [$$x-&amp;gt;[null]]&lt;/span&gt;&lt;/td&gt;
	&lt;/tr&gt;
	&lt;tr&gt;
		&lt;td&gt;check&lt;/td&gt;
		&lt;td&gt;echo&lt;/td&gt;
		&lt;td&gt;$$a&lt;/td&gt;
		&lt;td&gt;&lt;span class="pass"&gt;$$a&lt;/span&gt;&lt;/td&gt;
	&lt;/tr&gt;
	&lt;tr&gt;
		&lt;td&gt;check&lt;/td&gt;
		&lt;td&gt;echo&lt;/td&gt;
		&lt;td&gt;$$&lt;/td&gt;
		&lt;td&gt;&lt;span class="pass"&gt;$$&lt;/span&gt;&lt;/td&gt;
	&lt;/tr&gt;
&lt;/table&gt;
&lt;br/&gt;&lt;br/&gt;</content>
    <relativePageName>SlimSymbolDollarDollar</relativePageName>
    
    
    
    <instructions>
            <instructionResult>
        <instruction>{id='scriptTable_0_0', instruction='callAndAssign', symbolName='x', instanceName='scriptTableActor', methodName='echo', args=[bob]}</instruction>
        <slimResult>$x&lt;-[null]</slimResult>
                <expectation>
                    <instructionId>scriptTable_0_0</instructionId>
                    <col>0</col>
                              <row>1</row>
                    <type>SymbolAssignmentExpectation</type>
                                        <evaluationMessage>$x&lt;-[null]</evaluationMessage>
                  </expectation>
        
      </instructionResult>
            <instructionResult>
        <instruction>{id='scriptTable_0_1', instruction='call', instanceName='scriptTableActor', methodName='echo', args=[$$x]}</instruction>
        <slimResult>fail(a=$$x;e=$$x-&gt;[null])</slimResult>
                <expectation>
                    <status>fail</status>
                    <instructionId>scriptTable_0_1</instructionId>
                    <col>3</col>
                              <row>2</row>
                    <type>ReturnedValueExpectation</type>
                    <actual>$$x</actual>
                              <expected>$$x-&gt;[null]</expected>
                            </expectation>
        
      </instructionResult>
            <instructionResult>
        <instruction>{id='scriptTable_0_2', instruction='call', instanceName='scriptTableActor', methodName='echo', args=[$$a]}</instruction>
        <slimResult>pass($$a)</slimResult>
                <expectation>
                    <status>pass</status>
                    <instructionId>scriptTable_0_2</instructionId>
                    <col>3</col>
                              <row>3</row>
                    <type>ReturnedValueExpectation</type>
                                        <evaluationMessage>$$a</evaluationMessage>
                  </expectation>
        
      </instructionResult>
            <instructionResult>
        <instruction>{id='scriptTable_0_3', instruction='call', instanceName='scriptTableActor', methodName='echo', args=[$$]}</instruction>
        <slimResult>pass($$)</slimResult>
                <expectation>
                    <status>pass</status>
                    <instructionId>scriptTable_0_3</instructionId>
                    <col>3</col>
                              <row>4</row>
                    <type>ReturnedValueExpectation</type>
                                        <evaluationMessage>$$</evaluationMessage>
                  </expectation>
        
      </instructionResult>
      
    </instructions>
    
  </result>
  
    <finalCounts>
    <right>0</right>
    <wrong>1</wrong>
    <ignores>0</ignores>
    <exceptions>0</exceptions>
  </finalCounts>
  <totalRunTimeInMillis>84</totalRunTimeInMillis>
  
</testResults>

