<?xml version="1.0"?>
<testResults>
  <FitNesseVersion>v20140418</FitNesseVersion>
  <rootPath>AbapSlim.NotWorkingSlimTests.DefineTableTypeTest</rootPath>
    <result>
    <counts>
      <right>0</right>
      <wrong>1</wrong>
      <ignores>0</ignores>
      <exceptions>3</exceptions>
    </counts>
    <runTimeInMillis>58</runTimeInMillis>
    <content>&lt;br/&gt;Purpose:  Checks that the Define Table Type table works&lt;br/&gt;&lt;br/&gt;By default table should be parsed as a decision table.&lt;br/&gt;&lt;table&gt;
	&lt;tr&gt;
		&lt;td&gt;Table Or Decision Fixture &lt;span class="error"&gt;Unknown construction message&lt;/span&gt;&lt;/td&gt;
	&lt;/tr&gt;
	&lt;tr&gt;
		&lt;td&gt;parsing as?&lt;/td&gt;
	&lt;/tr&gt;
	&lt;tr&gt;
		&lt;td&gt;[/__ERROR__/] &lt;span class="fail"&gt;expected [Parsed as Decision fixture]&lt;/span&gt;&lt;/td&gt;
	&lt;/tr&gt;
&lt;/table&gt;
&lt;br/&gt;&lt;br/&gt;However after this table it should be parsed as a Table: table.&lt;br/&gt;&lt;br/&gt;&lt;table&gt;
	&lt;tr&gt;
		&lt;td colspan="2"&gt;Define Table Type&lt;/td&gt;
	&lt;/tr&gt;
	&lt;tr&gt;
		&lt;td&gt;Table or Decision Fixture&lt;/td&gt;
		&lt;td&gt;as Table&lt;/td&gt;
	&lt;/tr&gt;
&lt;/table&gt;
&lt;br/&gt;&lt;br/&gt;&lt;table&gt;
	&lt;tr&gt;
		&lt;td colspan="2"&gt;Table Or Decision Fixture &lt;span class="error"&gt;/__ERROR__/&lt;/span&gt;&lt;/td&gt;
	&lt;/tr&gt;
	&lt;tr&gt;
		&lt;td&gt;parsing as?&lt;/td&gt;
		&lt;td&gt;Parsed as Table fixture&lt;/td&gt;
	&lt;/tr&gt;
&lt;/table&gt;
</content>
    <relativePageName>DefineTableTypeTest</relativePageName>
    
    
    
    <instructions>
            <instructionResult>
        <instruction>{id='decisionTable_0_0', instruction='make', instanceName='decisionTable_0', className='TableOrDecisionFixture', args=[]}</instruction>
        <slimResult>error(a=/__ERROR__/;Unknown construction message)</slimResult>
                <expectation>
                    <status>error</status>
                    <instructionId>decisionTable_0_0</instructionId>
                    <col>0</col>
                              <row>0</row>
                    <type>ConstructionExpectation</type>
                    <actual>/__ERROR__/</actual>
                                        <evaluationMessage>Unknown construction message</evaluationMessage>
                  </expectation>
        
      </instructionResult>
            <instructionResult>
        <instruction>{id='decisionTable_0_5', instruction='call', instanceName='decisionTable_0', methodName='parsingAs', args=[]}</instruction>
        <slimResult>fail(a=/__ERROR__/;e=Parsed as Decision fixture)</slimResult>
                <expectation>
                    <status>fail</status>
                    <instructionId>decisionTable_0_5</instructionId>
                    <col>0</col>
                              <row>2</row>
                    <type>ReturnedValueExpectation</type>
                    <actual>/__ERROR__/</actual>
                              <expected>Parsed as Decision fixture</expected>
                            </expectation>
        
      </instructionResult>
            <instructionResult>
        <instruction>{id='tableTable_1_0', instruction='make', instanceName='tableTable_1', className='TableOrDecisionFixture', args=[]}</instruction>
        <slimResult>error(a=/__ERROR__/;Unknown construction message)</slimResult>
                <expectation>
                    <status>error</status>
                    <instructionId>tableTable_1_0</instructionId>
                    <col>0</col>
                              <row>0</row>
                    <type>ConstructionExpectation</type>
                    <actual>/__ERROR__/</actual>
                                        <evaluationMessage>Unknown construction message</evaluationMessage>
                  </expectation>
        
      </instructionResult>
            <instructionResult>
        <instruction>{id='tableTable_1_1', instruction='call', instanceName='tableTable_1', methodName='doTable', args=[[[parsing as?, Parsed as Table fixture]]]}</instruction>
        <slimResult>error(/__ERROR__/)</slimResult>
                <expectation>
                    <status>error</status>
                    <instructionId>tableTable_1_1</instructionId>
                              <type>TableTableExpectation</type>
                                        <evaluationMessage>/__ERROR__/</evaluationMessage>
                  </expectation>
        
      </instructionResult>
      
    </instructions>
    
  </result>
  
    <finalCounts>
    <right>0</right>
    <wrong>1</wrong>
    <ignores>0</ignores>
    <exceptions>0</exceptions>
  </finalCounts>
  <totalRunTimeInMillis>60</totalRunTimeInMillis>
  
</testResults>

