<?xml version="1.0"?>
<testResults>
  <FitNesseVersion>v20140418</FitNesseVersion>
  <rootPath>FitNesse.SuiteAcceptanceTests.SuiteTestHistory.SuiteTestHistoryTests.PageHistoryHasGreenDateFieldIfNoErrors</rootPath>
    <result>
    <counts>
      <right>3</right>
      <wrong>0</wrong>
      <ignores>0</ignores>
      <exceptions>0</exceptions>
    </counts>
    <runTimeInMillis>72</runTimeInMillis>
    <content>&lt;div class="collapsible closed"&gt;&lt;ul&gt;&lt;li&gt;&lt;a href='#' class='expandall'&gt;Expand All&lt;/a&gt;&lt;/li&gt;&lt;li&gt;&lt;a href='#' class='collapseall'&gt;Collapse All&lt;/a&gt;&lt;/li&gt;&lt;/ul&gt;
	&lt;p class="title"&gt;Scenario Libraries&lt;/p&gt;
	&lt;div&gt;&lt;div class="collapsible closed"&gt;&lt;ul&gt;&lt;li&gt;&lt;a href='#' class='expandall'&gt;Expand All&lt;/a&gt;&lt;/li&gt;&lt;li&gt;&lt;a href='#' class='collapseall'&gt;Collapse All&lt;/a&gt;&lt;/li&gt;&lt;/ul&gt;
	&lt;p class="title"&gt;Included page: &lt;a href="FitNesse.SuiteAcceptanceTests.ScenarioLibrary"&gt;.FitNesse.SuiteAcceptanceTests.ScenarioLibrary&lt;/a&gt; &lt;a href="FitNesse.SuiteAcceptanceTests.ScenarioLibrary?edit&amp;amp;redirectToReferer=true&amp;amp;redirectAction=" class="edit"&gt;(edit)&lt;/a&gt;&lt;/p&gt;
	&lt;div&gt;&lt;table&gt;
	&lt;tr&gt;
		&lt;td&gt;scenario&lt;/td&gt;
		&lt;td&gt;given page&lt;/td&gt;
		&lt;td&gt;page&lt;/td&gt;
		&lt;td&gt;with content&lt;/td&gt;
		&lt;td&gt;content&lt;/td&gt;
	&lt;/tr&gt;
	&lt;tr&gt;
		&lt;td&gt;create page&lt;/td&gt;
		&lt;td&gt;@page&lt;/td&gt;
		&lt;td&gt;with content&lt;/td&gt;
		&lt;td colspan="2"&gt;@content&lt;/td&gt;
	&lt;/tr&gt;
	&lt;tr&gt;
		&lt;td&gt;$IT=&lt;/td&gt;
		&lt;td&gt;echo&lt;/td&gt;
		&lt;td colspan="3"&gt;@page&lt;/td&gt;
	&lt;/tr&gt;
&lt;/table&gt;
&lt;br/&gt;&lt;table&gt;
	&lt;tr&gt;
		&lt;td&gt;scenario&lt;/td&gt;
		&lt;td&gt;given page&lt;/td&gt;
		&lt;td colspan="2"&gt;page&lt;/td&gt;
	&lt;/tr&gt;
	&lt;tr&gt;
		&lt;td&gt;given page&lt;/td&gt;
		&lt;td&gt;@page&lt;/td&gt;
		&lt;td&gt;with content&lt;/td&gt;
		&lt;td&gt;nothing&lt;/td&gt;
	&lt;/tr&gt;
&lt;/table&gt;
&lt;br/&gt;&lt;table&gt;
	&lt;tr&gt;
		&lt;td&gt;scenario&lt;/td&gt;
		&lt;td&gt;given test page&lt;/td&gt;
		&lt;td&gt;page&lt;/td&gt;
	&lt;/tr&gt;
	&lt;tr&gt;
		&lt;td&gt;given page&lt;/td&gt;
		&lt;td colspan="2"&gt;@page&lt;/td&gt;
	&lt;/tr&gt;
	&lt;tr&gt;
		&lt;td&gt;make&lt;/td&gt;
		&lt;td&gt;@page&lt;/td&gt;
		&lt;td&gt;a test page&lt;/td&gt;
	&lt;/tr&gt;
&lt;/table&gt;
&lt;br/&gt;&lt;table&gt;
	&lt;tr&gt;
		&lt;td&gt;scenario&lt;/td&gt;
		&lt;td&gt;given slim test page&lt;/td&gt;
		&lt;td colspan="2"&gt;page&lt;/td&gt;
	&lt;/tr&gt;
	&lt;tr&gt;
		&lt;td&gt;given page&lt;/td&gt;
		&lt;td&gt;@page&lt;/td&gt;
		&lt;td&gt;with content&lt;/td&gt;
		&lt;td&gt;!define TEST_SYSTEM {slim}&lt;/td&gt;
	&lt;/tr&gt;
	&lt;tr&gt;
		&lt;td&gt;make&lt;/td&gt;
		&lt;td&gt;@page&lt;/td&gt;
		&lt;td colspan="2"&gt;a test page&lt;/td&gt;
	&lt;/tr&gt;
&lt;/table&gt;
&lt;br/&gt;&lt;table&gt;
	&lt;tr&gt;
		&lt;td&gt;scenario&lt;/td&gt;
		&lt;td&gt;page&lt;/td&gt;
		&lt;td&gt;source&lt;/td&gt;
		&lt;td&gt;should have link to&lt;/td&gt;
		&lt;td&gt;target&lt;/td&gt;
	&lt;/tr&gt;
	&lt;tr&gt;
		&lt;td&gt;check&lt;/td&gt;
		&lt;td&gt;request page&lt;/td&gt;
		&lt;td&gt;@source&lt;/td&gt;
		&lt;td colspan="2"&gt;200&lt;/td&gt;
	&lt;/tr&gt;
	&lt;tr&gt;
		&lt;td&gt;ensure&lt;/td&gt;
		&lt;td&gt;content contains&lt;/td&gt;
		&lt;td colspan="3"&gt;&amp;lt;a href="@target"&lt;/td&gt;
	&lt;/tr&gt;
	&lt;tr&gt;
		&lt;td&gt;$IT=&lt;/td&gt;
		&lt;td&gt;echo&lt;/td&gt;
		&lt;td colspan="3"&gt;@source&lt;/td&gt;
	&lt;/tr&gt;
&lt;/table&gt;
&lt;br/&gt;&lt;table&gt;
	&lt;tr&gt;
		&lt;td&gt;scenario&lt;/td&gt;
		&lt;td&gt;it should have link to&lt;/td&gt;
		&lt;td colspan="2"&gt;target&lt;/td&gt;
	&lt;/tr&gt;
	&lt;tr&gt;
		&lt;td&gt;page&lt;/td&gt;
		&lt;td&gt;$IT&lt;/td&gt;
		&lt;td&gt;should have link to&lt;/td&gt;
		&lt;td&gt;@target&lt;/td&gt;
	&lt;/tr&gt;
&lt;/table&gt;
&lt;br/&gt;&lt;table&gt;
	&lt;tr&gt;
		&lt;td&gt;scenario&lt;/td&gt;
		&lt;td&gt;and it should have link to&lt;/td&gt;
		&lt;td colspan="2"&gt;target&lt;/td&gt;
	&lt;/tr&gt;
	&lt;tr&gt;
		&lt;td&gt;page&lt;/td&gt;
		&lt;td&gt;$IT&lt;/td&gt;
		&lt;td&gt;should have link to&lt;/td&gt;
		&lt;td&gt;@target&lt;/td&gt;
	&lt;/tr&gt;
&lt;/table&gt;
&lt;br/&gt;&lt;table&gt;
	&lt;tr&gt;
		&lt;td&gt;scenario&lt;/td&gt;
		&lt;td&gt;page&lt;/td&gt;
		&lt;td&gt;source&lt;/td&gt;
		&lt;td&gt;should have creating link to&lt;/td&gt;
		&lt;td&gt;target&lt;/td&gt;
	&lt;/tr&gt;
	&lt;tr&gt;
		&lt;td&gt;check&lt;/td&gt;
		&lt;td&gt;request page&lt;/td&gt;
		&lt;td&gt;@source&lt;/td&gt;
		&lt;td colspan="2"&gt;200&lt;/td&gt;
	&lt;/tr&gt;
	&lt;tr&gt;
		&lt;td&gt;ensure&lt;/td&gt;
		&lt;td&gt;content contains&lt;/td&gt;
		&lt;td colspan="3"&gt;@target&amp;lt;a title="create page" href="@target?edit&amp;amp;nonExistent=true"&amp;gt;[?]&amp;lt;/a&amp;gt;&lt;/td&gt;
	&lt;/tr&gt;
&lt;/table&gt;
&lt;br/&gt;&lt;table&gt;
	&lt;tr&gt;
		&lt;td&gt;scenario&lt;/td&gt;
		&lt;td&gt;it should have creating link to&lt;/td&gt;
		&lt;td colspan="2"&gt;target&lt;/td&gt;
	&lt;/tr&gt;
	&lt;tr&gt;
		&lt;td&gt;page&lt;/td&gt;
		&lt;td&gt;$IT&lt;/td&gt;
		&lt;td&gt;should have creating link to&lt;/td&gt;
		&lt;td&gt;@target&lt;/td&gt;
	&lt;/tr&gt;
&lt;/table&gt;
&lt;br/&gt;&lt;table&gt;
	&lt;tr&gt;
		&lt;td&gt;scenario&lt;/td&gt;
		&lt;td&gt;page&lt;/td&gt;
		&lt;td&gt;source&lt;/td&gt;
		&lt;td&gt;should contain&lt;/td&gt;
		&lt;td&gt;text&lt;/td&gt;
	&lt;/tr&gt;
	&lt;tr&gt;
		&lt;td&gt;check&lt;/td&gt;
		&lt;td&gt;request page&lt;/td&gt;
		&lt;td&gt;@source&lt;/td&gt;
		&lt;td colspan="2"&gt;200&lt;/td&gt;
	&lt;/tr&gt;
	&lt;tr&gt;
		&lt;td&gt;ensure&lt;/td&gt;
		&lt;td&gt;content contains&lt;/td&gt;
		&lt;td colspan="3"&gt;@text&lt;/td&gt;
	&lt;/tr&gt;
	&lt;tr&gt;
		&lt;td&gt;show&lt;/td&gt;
		&lt;td colspan="4"&gt;content&lt;/td&gt;
	&lt;/tr&gt;
&lt;/table&gt;
&lt;br/&gt;&lt;table&gt;
	&lt;tr&gt;
		&lt;td&gt;scenario&lt;/td&gt;
		&lt;td&gt;page&lt;/td&gt;
		&lt;td&gt;source&lt;/td&gt;
		&lt;td&gt;should not contain&lt;/td&gt;
		&lt;td&gt;text&lt;/td&gt;
	&lt;/tr&gt;
	&lt;tr&gt;
		&lt;td&gt;check&lt;/td&gt;
		&lt;td&gt;request page&lt;/td&gt;
		&lt;td&gt;@source&lt;/td&gt;
		&lt;td colspan="2"&gt;200&lt;/td&gt;
	&lt;/tr&gt;
	&lt;tr&gt;
		&lt;td&gt;reject&lt;/td&gt;
		&lt;td&gt;content contains&lt;/td&gt;
		&lt;td colspan="3"&gt;@text&lt;/td&gt;
	&lt;/tr&gt;
	&lt;tr&gt;
		&lt;td&gt;show&lt;/td&gt;
		&lt;td colspan="4"&gt;content&lt;/td&gt;
	&lt;/tr&gt;
&lt;/table&gt;
&lt;br/&gt;&lt;table&gt;
	&lt;tr&gt;
		&lt;td&gt;scenario&lt;/td&gt;
		&lt;td&gt;page&lt;/td&gt;
		&lt;td&gt;source&lt;/td&gt;
		&lt;td&gt;should match&lt;/td&gt;
		&lt;td&gt;text&lt;/td&gt;
	&lt;/tr&gt;
	&lt;tr&gt;
		&lt;td&gt;check&lt;/td&gt;
		&lt;td&gt;request page&lt;/td&gt;
		&lt;td&gt;@source&lt;/td&gt;
		&lt;td colspan="2"&gt;200&lt;/td&gt;
	&lt;/tr&gt;
	&lt;tr&gt;
		&lt;td&gt;ensure&lt;/td&gt;
		&lt;td&gt;content matches&lt;/td&gt;
		&lt;td colspan="3"&gt;@text&lt;/td&gt;
	&lt;/tr&gt;
	&lt;tr&gt;
		&lt;td&gt;show&lt;/td&gt;
		&lt;td colspan="4"&gt;content&lt;/td&gt;
	&lt;/tr&gt;
&lt;/table&gt;
&lt;br/&gt;&lt;table&gt;
	&lt;tr&gt;
		&lt;td&gt;scenario&lt;/td&gt;
		&lt;td&gt;it should contain&lt;/td&gt;
		&lt;td colspan="2"&gt;text&lt;/td&gt;
	&lt;/tr&gt;
	&lt;tr&gt;
		&lt;td&gt;page&lt;/td&gt;
		&lt;td&gt;$IT&lt;/td&gt;
		&lt;td&gt;should contain&lt;/td&gt;
		&lt;td&gt;@text&lt;/td&gt;
	&lt;/tr&gt;
&lt;/table&gt;
&lt;br/&gt;&lt;table&gt;
	&lt;tr&gt;
		&lt;td&gt;scenario&lt;/td&gt;
		&lt;td&gt;it should not contain&lt;/td&gt;
		&lt;td colspan="2"&gt;text&lt;/td&gt;
	&lt;/tr&gt;
	&lt;tr&gt;
		&lt;td&gt;page&lt;/td&gt;
		&lt;td&gt;$IT&lt;/td&gt;
		&lt;td&gt;should not contain&lt;/td&gt;
		&lt;td&gt;@text&lt;/td&gt;
	&lt;/tr&gt;
&lt;/table&gt;
&lt;br/&gt;&lt;table&gt;
	&lt;tr&gt;
		&lt;td&gt;scenario&lt;/td&gt;
		&lt;td&gt;it should contain&lt;/td&gt;
		&lt;td&gt;text&lt;/td&gt;
		&lt;td&gt;in line&lt;/td&gt;
		&lt;td&gt;symbol&lt;/td&gt;
	&lt;/tr&gt;
	&lt;tr&gt;
		&lt;td&gt;check&lt;/td&gt;
		&lt;td&gt;request page&lt;/td&gt;
		&lt;td&gt;$IT&lt;/td&gt;
		&lt;td colspan="2"&gt;200&lt;/td&gt;
	&lt;/tr&gt;
	&lt;tr&gt;
		&lt;td&gt;$@symbol=&lt;/td&gt;
		&lt;td&gt;line number containing&lt;/td&gt;
		&lt;td colspan="3"&gt;@text&lt;/td&gt;
	&lt;/tr&gt;
&lt;/table&gt;
&lt;br/&gt;&lt;table&gt;
	&lt;tr&gt;
		&lt;td&gt;scenario&lt;/td&gt;
		&lt;td&gt;it should match&lt;/td&gt;
		&lt;td colspan="2"&gt;text&lt;/td&gt;
	&lt;/tr&gt;
	&lt;tr&gt;
		&lt;td&gt;page&lt;/td&gt;
		&lt;td&gt;$IT&lt;/td&gt;
		&lt;td&gt;should match&lt;/td&gt;
		&lt;td&gt;@text&lt;/td&gt;
	&lt;/tr&gt;
&lt;/table&gt;
&lt;br/&gt;&lt;table&gt;
	&lt;tr&gt;
		&lt;td&gt;scenario&lt;/td&gt;
		&lt;td&gt;test results for page&lt;/td&gt;
		&lt;td&gt;source&lt;/td&gt;
		&lt;td&gt;should contain&lt;/td&gt;
		&lt;td&gt;text&lt;/td&gt;
	&lt;/tr&gt;
	&lt;tr&gt;
		&lt;td&gt;check&lt;/td&gt;
		&lt;td&gt;request page&lt;/td&gt;
		&lt;td&gt;@source?test&lt;/td&gt;
		&lt;td colspan="2"&gt;200&lt;/td&gt;
	&lt;/tr&gt;
	&lt;tr&gt;
		&lt;td&gt;ensure&lt;/td&gt;
		&lt;td&gt;content contains&lt;/td&gt;
		&lt;td colspan="3"&gt;@text&lt;/td&gt;
	&lt;/tr&gt;
	&lt;tr&gt;
		&lt;td&gt;show&lt;/td&gt;
		&lt;td colspan="4"&gt;content&lt;/td&gt;
	&lt;/tr&gt;
&lt;/table&gt;
&lt;br/&gt;&lt;table&gt;
	&lt;tr&gt;
		&lt;td&gt;scenario&lt;/td&gt;
		&lt;td&gt;its test results should contain&lt;/td&gt;
		&lt;td colspan="2"&gt;text&lt;/td&gt;
	&lt;/tr&gt;
	&lt;tr&gt;
		&lt;td&gt;test results for page&lt;/td&gt;
		&lt;td&gt;$IT&lt;/td&gt;
		&lt;td&gt;should contain&lt;/td&gt;
		&lt;td&gt;@text&lt;/td&gt;
	&lt;/tr&gt;
&lt;/table&gt;
&lt;br/&gt;&lt;table&gt;
	&lt;tr&gt;
		&lt;td&gt;scenario&lt;/td&gt;
		&lt;td&gt;test ressults for page&lt;/td&gt;
		&lt;td&gt;source&lt;/td&gt;
		&lt;td&gt;should not contain&lt;/td&gt;
		&lt;td&gt;text&lt;/td&gt;
	&lt;/tr&gt;
	&lt;tr&gt;
		&lt;td&gt;check&lt;/td&gt;
		&lt;td&gt;request page&lt;/td&gt;
		&lt;td&gt;@source?test&lt;/td&gt;
		&lt;td colspan="2"&gt;200&lt;/td&gt;
	&lt;/tr&gt;
	&lt;tr&gt;
		&lt;td&gt;reject&lt;/td&gt;
		&lt;td&gt;content contains&lt;/td&gt;
		&lt;td colspan="3"&gt;@text&lt;/td&gt;
	&lt;/tr&gt;
	&lt;tr&gt;
		&lt;td&gt;show&lt;/td&gt;
		&lt;td colspan="4"&gt;content&lt;/td&gt;
	&lt;/tr&gt;
&lt;/table&gt;
&lt;br/&gt;&lt;table&gt;
	&lt;tr&gt;
		&lt;td&gt;scenario&lt;/td&gt;
		&lt;td&gt;and should contain&lt;/td&gt;
		&lt;td&gt;text&lt;/td&gt;
	&lt;/tr&gt;
	&lt;tr&gt;
		&lt;td&gt;ensure&lt;/td&gt;
		&lt;td&gt;content contains&lt;/td&gt;
		&lt;td&gt;@text&lt;/td&gt;
	&lt;/tr&gt;
	&lt;tr&gt;
		&lt;td&gt;show&lt;/td&gt;
		&lt;td colspan="2"&gt;content&lt;/td&gt;
	&lt;/tr&gt;
&lt;/table&gt;
&lt;br/&gt;&lt;table&gt;
	&lt;tr&gt;
		&lt;td&gt;scenario&lt;/td&gt;
		&lt;td&gt;and should match&lt;/td&gt;
		&lt;td&gt;text&lt;/td&gt;
	&lt;/tr&gt;
	&lt;tr&gt;
		&lt;td&gt;ensure&lt;/td&gt;
		&lt;td&gt;content matches&lt;/td&gt;
		&lt;td&gt;@text&lt;/td&gt;
	&lt;/tr&gt;
	&lt;tr&gt;
		&lt;td&gt;show&lt;/td&gt;
		&lt;td colspan="2"&gt;content&lt;/td&gt;
	&lt;/tr&gt;
&lt;/table&gt;
&lt;br/&gt;&lt;table&gt;
	&lt;tr&gt;
		&lt;td&gt;scenario&lt;/td&gt;
		&lt;td&gt;and should not contain&lt;/td&gt;
		&lt;td&gt;text&lt;/td&gt;
	&lt;/tr&gt;
	&lt;tr&gt;
		&lt;td&gt;reject&lt;/td&gt;
		&lt;td&gt;content contains&lt;/td&gt;
		&lt;td&gt;@text&lt;/td&gt;
	&lt;/tr&gt;
	&lt;tr&gt;
		&lt;td&gt;show&lt;/td&gt;
		&lt;td colspan="2"&gt;content&lt;/td&gt;
	&lt;/tr&gt;
&lt;/table&gt;
&lt;br/&gt;&lt;table&gt;
	&lt;tr&gt;
		&lt;td&gt;scenario&lt;/td&gt;
		&lt;td&gt;widget&lt;/td&gt;
		&lt;td&gt;wikiText&lt;/td&gt;
		&lt;td&gt;should render&lt;/td&gt;
		&lt;td&gt;htmlText&lt;/td&gt;
	&lt;/tr&gt;
	&lt;tr&gt;
		&lt;td&gt;create page&lt;/td&gt;
		&lt;td&gt;WidgetPage&lt;/td&gt;
		&lt;td&gt;with content&lt;/td&gt;
		&lt;td colspan="2"&gt;@wikiText&lt;/td&gt;
	&lt;/tr&gt;
	&lt;tr&gt;
		&lt;td&gt;check&lt;/td&gt;
		&lt;td&gt;request page&lt;/td&gt;
		&lt;td&gt;WidgetPage&lt;/td&gt;
		&lt;td colspan="2"&gt;200&lt;/td&gt;
	&lt;/tr&gt;
	&lt;tr&gt;
		&lt;td&gt;ensure&lt;/td&gt;
		&lt;td&gt;content matches&lt;/td&gt;
		&lt;td colspan="3"&gt;@htmlText&lt;/td&gt;
	&lt;/tr&gt;
	&lt;tr&gt;
		&lt;td&gt;show&lt;/td&gt;
		&lt;td colspan="4"&gt;content&lt;/td&gt;
	&lt;/tr&gt;
&lt;/table&gt;
&lt;br/&gt;&lt;table&gt;
	&lt;tr&gt;
		&lt;td&gt;scenario&lt;/td&gt;
		&lt;td&gt;the line&lt;/td&gt;
		&lt;td&gt;after&lt;/td&gt;
		&lt;td&gt;should come after&lt;/td&gt;
		&lt;td&gt;before&lt;/td&gt;
	&lt;/tr&gt;
	&lt;tr&gt;
		&lt;td&gt;check&lt;/td&gt;
		&lt;td&gt;echo int&lt;/td&gt;
		&lt;td&gt;$@before&lt;/td&gt;
		&lt;td colspan="2"&gt;&amp;lt; $@after&lt;/td&gt;
	&lt;/tr&gt;
&lt;/table&gt;
&lt;br/&gt;&lt;table&gt;
	&lt;tr&gt;
		&lt;td&gt;scenario&lt;/td&gt;
		&lt;td colspan="3"&gt;pass&lt;/td&gt;
	&lt;/tr&gt;
	&lt;tr&gt;
		&lt;td&gt;check&lt;/td&gt;
		&lt;td&gt;echo&lt;/td&gt;
		&lt;td&gt;pass&lt;/td&gt;
		&lt;td&gt;pass&lt;/td&gt;
	&lt;/tr&gt;
&lt;/table&gt;
&lt;/div&gt;
&lt;/div&gt;
&lt;div class="collapsible closed"&gt;&lt;ul&gt;&lt;li&gt;&lt;a href='#' class='expandall'&gt;Expand All&lt;/a&gt;&lt;/li&gt;&lt;li&gt;&lt;a href='#' class='collapseall'&gt;Collapse All&lt;/a&gt;&lt;/li&gt;&lt;/ul&gt;
	&lt;p class="title"&gt;Included page: &lt;a href="FitNesse.SuiteAcceptanceTests.SuiteTestHistory.ScenarioLibrary"&gt;.FitNesse.SuiteAcceptanceTests.SuiteTestHistory.ScenarioLibrary&lt;/a&gt; &lt;a href="FitNesse.SuiteAcceptanceTests.SuiteTestHistory.ScenarioLibrary?edit&amp;amp;redirectToReferer=true&amp;amp;redirectAction=" class="edit"&gt;(edit)&lt;/a&gt;&lt;/p&gt;
	&lt;div&gt;&lt;table&gt;
	&lt;tr&gt;
		&lt;td&gt;scenario&lt;/td&gt;
		&lt;td&gt;get history for page&lt;/td&gt;
		&lt;td colspan="2"&gt;page&lt;/td&gt;
	&lt;/tr&gt;
	&lt;tr&gt;
		&lt;td&gt;check&lt;/td&gt;
		&lt;td&gt;request page&lt;/td&gt;
		&lt;td&gt;@page?pageHistory&lt;/td&gt;
		&lt;td&gt;200&lt;/td&gt;
	&lt;/tr&gt;
	&lt;tr&gt;
		&lt;td&gt;$TESTPAGE=&lt;/td&gt;
		&lt;td&gt;echo&lt;/td&gt;
		&lt;td colspan="2"&gt;@page&lt;/td&gt;
	&lt;/tr&gt;
	&lt;tr&gt;
		&lt;td&gt;show&lt;/td&gt;
		&lt;td colspan="3"&gt;content&lt;/td&gt;
	&lt;/tr&gt;
&lt;/table&gt;
&lt;br/&gt;&lt;table&gt;
	&lt;tr&gt;
		&lt;td&gt;scenario&lt;/td&gt;
		&lt;td colspan="3"&gt;get top level history&lt;/td&gt;
	&lt;/tr&gt;
	&lt;tr&gt;
		&lt;td&gt;check&lt;/td&gt;
		&lt;td&gt;request page&lt;/td&gt;
		&lt;td&gt;?testHistory&lt;/td&gt;
		&lt;td&gt;200&lt;/td&gt;
	&lt;/tr&gt;
	&lt;tr&gt;
		&lt;td&gt;show&lt;/td&gt;
		&lt;td colspan="3"&gt;content&lt;/td&gt;
	&lt;/tr&gt;
&lt;/table&gt;
&lt;br/&gt;&lt;table&gt;
	&lt;tr&gt;
		&lt;td&gt;scenario&lt;/td&gt;
		&lt;td&gt;the number of page histories should be&lt;/td&gt;
		&lt;td colspan="4"&gt;number&lt;/td&gt;
	&lt;/tr&gt;
	&lt;tr&gt;
		&lt;td&gt;check&lt;/td&gt;
		&lt;td&gt;count of tag&lt;/td&gt;
		&lt;td&gt;TR&lt;/td&gt;
		&lt;td&gt;with id prefix&lt;/td&gt;
		&lt;td&gt;pageHistoryRow&lt;/td&gt;
		&lt;td&gt;@number&lt;/td&gt;
	&lt;/tr&gt;
&lt;/table&gt;
&lt;br/&gt;&lt;table&gt;
	&lt;tr&gt;
		&lt;td&gt;scenario&lt;/td&gt;
		&lt;td&gt;the page history bar for&lt;/td&gt;
		&lt;td&gt;date&lt;/td&gt;
		&lt;td&gt;should have&lt;/td&gt;
		&lt;td&gt;number&lt;/td&gt;
		&lt;td&gt;elements of class&lt;/td&gt;
		&lt;td colspan="4"&gt;class&lt;/td&gt;
	&lt;/tr&gt;
	&lt;tr&gt;
		&lt;td&gt;$date=&lt;/td&gt;
		&lt;td&gt;page history date signature of&lt;/td&gt;
		&lt;td colspan="8"&gt;@date&lt;/td&gt;
	&lt;/tr&gt;
	&lt;tr&gt;
		&lt;td&gt;check&lt;/td&gt;
		&lt;td&gt;count of tag&lt;/td&gt;
		&lt;td&gt;TD&lt;/td&gt;
		&lt;td&gt;with class&lt;/td&gt;
		&lt;td&gt;element @class&lt;/td&gt;
		&lt;td&gt;below tag&lt;/td&gt;
		&lt;td&gt;TR&lt;/td&gt;
		&lt;td&gt;with id prefix&lt;/td&gt;
		&lt;td&gt;pageHistoryRow_$date&lt;/td&gt;
		&lt;td&gt;@number&lt;/td&gt;
	&lt;/tr&gt;
&lt;/table&gt;
&lt;br/&gt;&lt;table&gt;
	&lt;tr&gt;
		&lt;td&gt;scenario&lt;/td&gt;
		&lt;td&gt;the page title should be&lt;/td&gt;
		&lt;td&gt;title&lt;/td&gt;
	&lt;/tr&gt;
	&lt;tr&gt;
		&lt;td&gt;ensure&lt;/td&gt;
		&lt;td&gt;content contains&lt;/td&gt;
		&lt;td&gt;&amp;lt;h1&amp;gt;@title&amp;lt;/h1&amp;gt;&lt;/td&gt;
	&lt;/tr&gt;
&lt;/table&gt;
&lt;br/&gt;&lt;table&gt;
	&lt;tr&gt;
		&lt;td&gt;scenario&lt;/td&gt;
		&lt;td&gt;the page title should be a link to&lt;/td&gt;
		&lt;td&gt;page&lt;/td&gt;
		&lt;td&gt;with value&lt;/td&gt;
		&lt;td&gt;value&lt;/td&gt;
	&lt;/tr&gt;
	&lt;tr&gt;
		&lt;td&gt;ensure&lt;/td&gt;
		&lt;td&gt;content contains&lt;/td&gt;
		&lt;td colspan="3"&gt;&amp;lt;h1&amp;gt;&amp;lt;a href="/@page"&amp;gt;@value&amp;lt;/a&amp;gt;&amp;lt;/h1&amp;gt;&lt;/td&gt;
	&lt;/tr&gt;
&lt;/table&gt;
&lt;br/&gt;&lt;br/&gt;&lt;table&gt;
	&lt;tr&gt;
		&lt;td&gt;scenario&lt;/td&gt;
		&lt;td&gt;the bread crumb&lt;/td&gt;
		&lt;td&gt;crumb&lt;/td&gt;
		&lt;td&gt;should be a link to&lt;/td&gt;
		&lt;td&gt;page&lt;/td&gt;
	&lt;/tr&gt;
	&lt;tr&gt;
		&lt;td&gt;ensure&lt;/td&gt;
		&lt;td&gt;content contains&lt;/td&gt;
		&lt;td colspan="3"&gt;&amp;lt;a href="/@page"&amp;gt;@crumb&amp;lt;/a&amp;gt;&lt;/td&gt;
	&lt;/tr&gt;
&lt;/table&gt;
&lt;br/&gt;&lt;table&gt;
	&lt;tr&gt;
		&lt;td&gt;scenario&lt;/td&gt;
		&lt;td&gt;The page history bar for&lt;/td&gt;
		&lt;td&gt;date&lt;/td&gt;
		&lt;td&gt;should have a&lt;/td&gt;
		&lt;td&gt;id&lt;/td&gt;
		&lt;td&gt;with class&lt;/td&gt;
		&lt;td&gt;class&lt;/td&gt;
		&lt;td&gt;and value&lt;/td&gt;
		&lt;td&gt;value&lt;/td&gt;
	&lt;/tr&gt;
	&lt;tr&gt;
		&lt;td&gt;$date=&lt;/td&gt;
		&lt;td&gt;page history date signature of&lt;/td&gt;
		&lt;td colspan="7"&gt;@date&lt;/td&gt;
	&lt;/tr&gt;
	&lt;tr&gt;
		&lt;td&gt;ensure&lt;/td&gt;
		&lt;td&gt;content of tag with id&lt;/td&gt;
		&lt;td&gt;pageHistoryRow_$date&lt;/td&gt;
		&lt;td&gt;contains&lt;/td&gt;
		&lt;td colspan="5"&gt;&amp;lt;td class="@id @class"&amp;gt;@value&amp;lt;/td&amp;gt;&lt;/td&gt;
	&lt;/tr&gt;
	&lt;tr&gt;
		&lt;td&gt;show&lt;/td&gt;
		&lt;td&gt;content of tag with id&lt;/td&gt;
		&lt;td colspan="7"&gt;pageHistoryRow_$date&lt;/td&gt;
	&lt;/tr&gt;
&lt;/table&gt;
&lt;br/&gt;&lt;table&gt;
	&lt;tr&gt;
		&lt;td&gt;scenario&lt;/td&gt;
		&lt;td&gt;The page history bar for&lt;/td&gt;
		&lt;td&gt;date&lt;/td&gt;
		&lt;td&gt;should have a date field with class&lt;/td&gt;
		&lt;td&gt;class&lt;/td&gt;
	&lt;/tr&gt;
	&lt;tr&gt;
		&lt;td&gt;$date=&lt;/td&gt;
		&lt;td&gt;page history date signature of&lt;/td&gt;
		&lt;td colspan="3"&gt;@date&lt;/td&gt;
	&lt;/tr&gt;
	&lt;tr&gt;
		&lt;td&gt;ensure&lt;/td&gt;
		&lt;td&gt;content of tag with id&lt;/td&gt;
		&lt;td&gt;pageHistoryRow_$date&lt;/td&gt;
		&lt;td&gt;contains&lt;/td&gt;
		&lt;td&gt;&amp;lt;td class="date_field @class"&amp;gt;&lt;/td&gt;
	&lt;/tr&gt;
&lt;/table&gt;
&lt;br/&gt;&lt;table&gt;
	&lt;tr&gt;
		&lt;td&gt;scenario&lt;/td&gt;
		&lt;td&gt;the top level history line for&lt;/td&gt;
		&lt;td&gt;page&lt;/td&gt;
		&lt;td&gt;is a link to the page history&lt;/td&gt;
	&lt;/tr&gt;
	&lt;tr&gt;
		&lt;td&gt;ensure&lt;/td&gt;
		&lt;td&gt;content contains&lt;/td&gt;
		&lt;td colspan="2"&gt;&amp;lt;a href="/@page?pageHistory"&amp;gt;@page&amp;lt;/a&amp;gt;&lt;/td&gt;
	&lt;/tr&gt;
&lt;/table&gt;
&lt;br/&gt;&lt;table&gt;
	&lt;tr&gt;
		&lt;td&gt;scenario&lt;/td&gt;
		&lt;td&gt;The page history line for&lt;/td&gt;
		&lt;td&gt;date&lt;/td&gt;
		&lt;td&gt;should be a link to result&lt;/td&gt;
		&lt;td&gt;resultDate&lt;/td&gt;
	&lt;/tr&gt;
	&lt;tr&gt;
		&lt;td&gt;ensure&lt;/td&gt;
		&lt;td&gt;content contains&lt;/td&gt;
		&lt;td colspan="3"&gt;&amp;lt;a href="$TESTPAGE?pageHistory&amp;amp;resultDate=@resultDate"&amp;gt;@date&amp;lt;/a&amp;gt;&lt;/td&gt;
	&lt;/tr&gt;
&lt;/table&gt;
&lt;br/&gt;&lt;table&gt;
	&lt;tr&gt;
		&lt;td&gt;scenario&lt;/td&gt;
		&lt;td&gt;the top level history line for&lt;/td&gt;
		&lt;td&gt;page&lt;/td&gt;
		&lt;td&gt;should have a&lt;/td&gt;
		&lt;td&gt;class&lt;/td&gt;
		&lt;td&gt;link with&lt;/td&gt;
		&lt;td&gt;sign&lt;/td&gt;
		&lt;td&gt;to result&lt;/td&gt;
		&lt;td&gt;resultDate&lt;/td&gt;
	&lt;/tr&gt;
	&lt;tr&gt;
		&lt;td&gt;ensure&lt;/td&gt;
		&lt;td&gt;content contains&lt;/td&gt;
		&lt;td colspan="7"&gt;&amp;lt;td class="@class"&amp;gt;&amp;lt;a href="@page?pageHistory&amp;amp;resultDate=@resultDate"&amp;gt;@sign&amp;lt;/a&amp;gt;&amp;lt;/td&amp;gt;&lt;/td&gt;
	&lt;/tr&gt;
&lt;/table&gt;
&lt;br/&gt;&lt;table&gt;
	&lt;tr&gt;
		&lt;td&gt;scenario&lt;/td&gt;
		&lt;td&gt;the top level history line for&lt;/td&gt;
		&lt;td&gt;page&lt;/td&gt;
		&lt;td&gt;should not have a link to&lt;/td&gt;
		&lt;td&gt;resultDate&lt;/td&gt;
	&lt;/tr&gt;
	&lt;tr&gt;
		&lt;td&gt;reject&lt;/td&gt;
		&lt;td&gt;content contains&lt;/td&gt;
		&lt;td colspan="3"&gt;&amp;lt;a href="@page?pageHistory&amp;amp;resultDate=@resultDate"&amp;gt;&lt;/td&gt;
	&lt;/tr&gt;
&lt;/table&gt;
&lt;br/&gt;&lt;table&gt;
	&lt;tr&gt;
		&lt;td&gt;scenario&lt;/td&gt;
		&lt;td&gt;class for pass fail in top level history line&lt;/td&gt;
		&lt;td&gt;page&lt;/td&gt;
		&lt;td&gt;&lt;/td&gt;
		&lt;td&gt;pass class&lt;/td&gt;
		&lt;td&gt;&lt;/td&gt;
		&lt;td&gt;pass count&lt;/td&gt;
		&lt;td&gt;&lt;/td&gt;
		&lt;td&gt;fail class&lt;/td&gt;
		&lt;td&gt;&lt;/td&gt;
		&lt;td&gt;fail count&lt;/td&gt;
	&lt;/tr&gt;
	&lt;tr&gt;
		&lt;td&gt;ensure&lt;/td&gt;
		&lt;td&gt;html contains&lt;/td&gt;
		&lt;td colspan="9"&gt;&amp;lt;a href="/@page?pageHistory"&amp;gt;@page&amp;lt;/a&amp;gt;&amp;lt;/td&amp;gt; &amp;lt;td class="@passClass"&amp;gt;@passCount&amp;lt;/td&amp;gt; &amp;lt;td class="@failClass"&amp;gt;@failCount&amp;lt;/td&amp;gt;&lt;/td&gt;
	&lt;/tr&gt;
&lt;/table&gt;
&lt;br/&gt;&lt;table&gt;
	&lt;tr&gt;
		&lt;td&gt;scenario&lt;/td&gt;
		&lt;td&gt;assume time is&lt;/td&gt;
		&lt;td&gt;time&lt;/td&gt;
	&lt;/tr&gt;
	&lt;tr&gt;
		&lt;td&gt;freeze clock at&lt;/td&gt;
		&lt;td colspan="2"&gt;@time&lt;/td&gt;
	&lt;/tr&gt;
&lt;/table&gt;
&lt;br/&gt;&lt;table&gt;
	&lt;tr&gt;
		&lt;td&gt;scenario&lt;/td&gt;
		&lt;td&gt;with subpage&lt;/td&gt;
		&lt;td&gt;name&lt;/td&gt;
		&lt;td&gt;with content&lt;/td&gt;
		&lt;td&gt;content&lt;/td&gt;
	&lt;/tr&gt;
	&lt;tr&gt;
		&lt;td&gt;create page&lt;/td&gt;
		&lt;td&gt;$IT.@name&lt;/td&gt;
		&lt;td&gt;with content&lt;/td&gt;
		&lt;td colspan="2"&gt;@content&lt;/td&gt;
	&lt;/tr&gt;
&lt;/table&gt;
&lt;br/&gt;&lt;table&gt;
	&lt;tr&gt;
		&lt;td&gt;scenario&lt;/td&gt;
		&lt;td&gt;run suite&lt;/td&gt;
		&lt;td colspan="2"&gt;name&lt;/td&gt;
	&lt;/tr&gt;
	&lt;tr&gt;
		&lt;td&gt;check&lt;/td&gt;
		&lt;td&gt;request page&lt;/td&gt;
		&lt;td&gt;@name?suite&lt;/td&gt;
		&lt;td&gt;200&lt;/td&gt;
	&lt;/tr&gt;
&lt;/table&gt;
&lt;/div&gt;
&lt;/div&gt;
&lt;/div&gt;
&lt;/div&gt;
&lt;div class="collapsible closed"&gt;&lt;ul&gt;&lt;li&gt;&lt;a href='#' class='expandall'&gt;Expand All&lt;/a&gt;&lt;/li&gt;&lt;li&gt;&lt;a href='#' class='collapseall'&gt;Collapse All&lt;/a&gt;&lt;/li&gt;&lt;/ul&gt;
	&lt;p class="title"&gt;Included page: &lt;a href="FitNesse.SuiteAcceptanceTests.SuiteTestHistory.SetUp"&gt;.FitNesse.SuiteAcceptanceTests.SuiteTestHistory.SetUp&lt;/a&gt; &lt;a href="FitNesse.SuiteAcceptanceTests.SuiteTestHistory.SetUp?edit&amp;amp;redirectToReferer=true&amp;amp;redirectAction=" class="edit"&gt;(edit)&lt;/a&gt;&lt;/p&gt;
	&lt;div&gt;&lt;div class="collapsible closed"&gt;&lt;ul&gt;&lt;li&gt;&lt;a href='#' class='expandall'&gt;Expand All&lt;/a&gt;&lt;/li&gt;&lt;li&gt;&lt;a href='#' class='collapseall'&gt;Collapse All&lt;/a&gt;&lt;/li&gt;&lt;/ul&gt;
	&lt;p class="title"&gt;Included page: &lt;a href="FitNesse.SuiteAcceptanceTests.SetUp"&gt;&amp;lt;SuiteAcceptanceTests.SetUp&lt;/a&gt; &lt;a href="FitNesse.SuiteAcceptanceTests.SetUp?edit&amp;amp;redirectToReferer=true&amp;amp;redirectAction=" class="edit"&gt;(edit)&lt;/a&gt;&lt;/p&gt;
	&lt;div&gt;&lt;table&gt;
	&lt;tr&gt;
		&lt;td&gt;Import&lt;/td&gt;
	&lt;/tr&gt;
	&lt;tr&gt;
		&lt;td&gt;&lt;span class="pass"&gt;fitnesse.fixtures&lt;/span&gt;&lt;/td&gt;
	&lt;/tr&gt;
&lt;/table&gt;
&lt;br/&gt;&lt;table&gt;
	&lt;tr&gt;
		&lt;td&gt;&lt;span class="pass"&gt;SetUp&lt;/span&gt;&lt;/td&gt;
	&lt;/tr&gt;
&lt;/table&gt;
&lt;/div&gt;
&lt;/div&gt;
&lt;br/&gt;&lt;table&gt;
	&lt;tr&gt;
		&lt;td&gt;Library&lt;/td&gt;
	&lt;/tr&gt;
	&lt;tr&gt;
		&lt;td&gt;&lt;span class="pass"&gt;page driver&lt;/span&gt;&lt;/td&gt;
	&lt;/tr&gt;
	&lt;tr&gt;
		&lt;td&gt;&lt;span class="pass"&gt;echo fixture&lt;/span&gt;&lt;/td&gt;
	&lt;/tr&gt;
	&lt;tr&gt;
		&lt;td&gt;&lt;span class="pass"&gt;clock fixture&lt;/span&gt;&lt;/td&gt;
	&lt;/tr&gt;
&lt;/table&gt;
&lt;/div&gt;
&lt;/div&gt;
&lt;br/&gt;&lt;table&gt;
	&lt;tr&gt;
		&lt;td colspan="6"&gt;&lt;span class="pass"&gt;page history&lt;/span&gt;&lt;/td&gt;
	&lt;/tr&gt;
	&lt;tr&gt;
		&lt;td&gt;name&lt;/td&gt;
		&lt;td&gt;date&lt;/td&gt;
		&lt;td&gt;right&lt;/td&gt;
		&lt;td&gt;wrong&lt;/td&gt;
		&lt;td&gt;ignores&lt;/td&gt;
		&lt;td&gt;exceptions&lt;/td&gt;
	&lt;/tr&gt;
	&lt;tr&gt;
		&lt;td&gt;TestPage&lt;/td&gt;
		&lt;td&gt;5-May-2009&lt;/td&gt;
		&lt;td&gt;20&lt;/td&gt;
		&lt;td&gt;00&lt;/td&gt;
		&lt;td&gt;0&lt;/td&gt;
		&lt;td&gt;0&lt;/td&gt;
	&lt;/tr&gt;
&lt;/table&gt;
&lt;br/&gt;&lt;table&gt;
	&lt;tr&gt;
		&lt;td colspan="4"&gt;script&lt;/td&gt;
	&lt;/tr&gt;
	&lt;tr class="scenario closed"&gt;
		&lt;td class="pass"&gt;get history for page&lt;/td&gt;
		&lt;td colspan="3" class="pass"&gt;TestPage&lt;/td&gt;
	&lt;/tr&gt;&lt;tr class="scenario-detail closed-detail"&gt;&lt;td colspan="4"&gt;&lt;table&gt;
	&lt;tr&gt;
		&lt;td&gt;scenario&lt;/td&gt;
		&lt;td&gt;get history for page&lt;/td&gt;
		&lt;td colspan="2"&gt;page&lt;/td&gt;
	&lt;/tr&gt;
	&lt;tr&gt;
		&lt;td&gt;check&lt;/td&gt;
		&lt;td&gt;request page&lt;/td&gt;
		&lt;td&gt;TestPage?pageHistory&lt;/td&gt;
		&lt;td&gt;&lt;span class="pass"&gt;200&lt;/span&gt;&lt;/td&gt;
	&lt;/tr&gt;
	&lt;tr&gt;
		&lt;td&gt;$TESTPAGE&amp;lt;-[TestPage]&lt;/td&gt;
		&lt;td&gt;echo&lt;/td&gt;
		&lt;td colspan="2"&gt;TestPage&lt;/td&gt;
	&lt;/tr&gt;
	&lt;tr&gt;
		&lt;td&gt;show&lt;/td&gt;
		&lt;td colspan="3"&gt;content&lt;/td&gt;
	&lt;td&gt;HTTP/1.1 200 OK
Content-Length: 4491
Content-Type: text/html; charset=utf-8

&amp;lt;!DOCTYPE html&amp;gt;
&amp;lt;html&amp;gt;
 &amp;lt;head&amp;gt;
  &amp;lt;meta http-equiv="Content-Type" content="text/html; charset=utf-8"/&amp;gt;
  &amp;lt;title&amp;gt;Page History&amp;lt;/title&amp;gt;
    &amp;lt;!--[if lt IE 9]&amp;gt;
   &amp;lt;script&amp;gt;
    document.createElement('header');
    document.createElement('nav');
    document.createElement('section');
    document.createElement('article');
    document.createElement('footer');
   &amp;lt;/script&amp;gt;
  &amp;lt;![endif]--&amp;gt;
  
  &amp;lt;link rel="stylesheet" type="text/css" href="/files/fitnesse/css/fitnesse_wiki.css" /&amp;gt;
  &amp;lt;link rel="stylesheet" type="text/css" href="/files/fitnesse/css/fitnesse_pages.css" /&amp;gt;
  &amp;lt;link rel="stylesheet" type="text/css" href="/files/fitnesse/css/fitnesse_straight.css" /&amp;gt;
  &amp;lt;link rel="stylesheet" type="text/css" href="/files/fitnesse/wysiwyg/wysiwyg.css" media="screen"/&amp;gt;
  &amp;lt;link rel="stylesheet" type="text/css" href="/files/fitnesse/question.mark/question.mark.css" /&amp;gt;
  &amp;lt;link rel="wysiwyg.base" href="/" /&amp;gt;
  &amp;lt;link rel="wysiwyg.stylesheet" type="text/css" href="/files/fitnesse/css/fitnesse.css" media="screen" /&amp;gt;
  &amp;lt;link rel="wysiwyg.stylesheet" type="text/css" href="/files/fitnesse/wysiwyg/editor.css" media="screen" /&amp;gt;
  &amp;lt;link rel="shortcut icon" type="image/png" href="/files/fitnesse/images/favicon.png" /&amp;gt;
  &amp;lt;script src="/files/fitnesse/javascript/jquery-1.7.2.min.js" type="text/javascript"&amp;gt;&amp;lt;/script&amp;gt;
  &amp;lt;script src="/files/fitnesse/javascript/fitnesse.js" type="text/javascript"&amp;gt;&amp;lt;/script&amp;gt;
  &amp;lt;script src="/files/fitnesse/javascript/fitnesse_straight.js" type="text/javascript"&amp;gt;&amp;lt;/script&amp;gt;
 &amp;lt;/head&amp;gt;
 &amp;lt;body class="pageHistory"&amp;gt;

  &amp;lt;header&amp;gt;
   &amp;lt;a href="/FrontPage" id="art_niche"&amp;gt;&amp;lt;span&amp;gt;FitNesse&amp;lt;/span&amp;gt;&amp;lt;/a&amp;gt;

&amp;lt;ul&amp;gt;
&amp;lt;/ul&amp;gt;
&amp;lt;h1&amp;gt;&amp;lt;a href="/TestPage"&amp;gt;TestPage&amp;lt;/a&amp;gt;&amp;lt;/h1&amp;gt;



  &amp;lt;/header&amp;gt;
  
    
  &amp;lt;nav&amp;gt;
   &amp;lt;ul&amp;gt;
 &amp;lt;li&amp;gt;&amp;lt;a href="/TestPage"&amp;gt;View&amp;lt;/a&amp;gt;&amp;lt;/li&amp;gt;
&amp;lt;/ul&amp;gt;  &amp;lt;/nav&amp;gt;
  
  &amp;lt;article&amp;gt;
   &amp;lt;h1&amp;gt;Page history&amp;lt;/h1&amp;gt;
&amp;lt;form action= "" method="get" name="compareHistory"&amp;gt;
 &amp;lt;fieldset&amp;gt;
  &amp;lt;input type="hidden" value="compareHistory" name="responder"/&amp;gt;
  &amp;lt;input type="submit" value="Compare" /&amp;gt;
  &amp;lt;a class="button" href="TestPage"&amp;gt;Cancel&amp;lt;/a&amp;gt;
  &amp;lt;label for="hidePassedTests"&amp;gt;&amp;lt;input type="checkbox" id="hidePassedTests"&amp;gt;Hide passed tests&amp;lt;/label&amp;gt;
 &amp;lt;/fieldset&amp;gt;
 &amp;lt;table&amp;gt;
  &amp;lt;tr&amp;gt;
    &amp;lt;th&amp;gt;Compare&amp;lt;/th&amp;gt;
    &amp;lt;th&amp;gt;Time&amp;lt;/th&amp;gt;
    &amp;lt;th&amp;gt;Pass&amp;lt;/th&amp;gt;
    &amp;lt;th&amp;gt;Fail&amp;lt;/th&amp;gt;
    &amp;lt;th colspan="50"&amp;gt;0..20&amp;lt;/th&amp;gt;
  &amp;lt;/tr&amp;gt;
        &amp;lt;tr id="pageHistoryRow_20090505000000"&amp;gt;
      &amp;lt;td&amp;gt;&amp;lt;input type="checkbox" name="TestResult_20090505000000_20_0_0_0.xml"/&amp;gt;&amp;lt;/td&amp;gt;
            &amp;lt;td class="date_field pass"&amp;gt;
      &amp;lt;a href="TestPage?pageHistory&amp;amp;amp;resultDate=20090505000000"&amp;gt;05 May, 09 00:00&amp;lt;/a&amp;gt;
      &amp;lt;/td&amp;gt;
      &amp;lt;td class="pass_count pass"&amp;gt;20&amp;lt;/td&amp;gt;
      &amp;lt;td class="fail_count ignore"&amp;gt;0&amp;lt;/td&amp;gt;
      &amp;lt;td class="element pass"&amp;gt;&amp;amp;nbsp;&amp;lt;/td&amp;gt;&amp;lt;td class="element pass"&amp;gt;&amp;amp;nbsp;&amp;lt;/td&amp;gt;&amp;lt;td class="element pass"&amp;gt;&amp;amp;nbsp;&amp;lt;/td&amp;gt;&amp;lt;td class="element pass"&amp;gt;&amp;amp;nbsp;&amp;lt;/td&amp;gt;&amp;lt;td class="element pass"&amp;gt;&amp;amp;nbsp;&amp;lt;/td&amp;gt;&amp;lt;td class="element pass"&amp;gt;&amp;amp;nbsp;&amp;lt;/td&amp;gt;&amp;lt;td class="element pass"&amp;gt;&amp;amp;nbsp;&amp;lt;/td&amp;gt;&amp;lt;td class="element pass"&amp;gt;&amp;amp;nbsp;&amp;lt;/td&amp;gt;&amp;lt;td class="element pass"&amp;gt;&amp;amp;nbsp;&amp;lt;/td&amp;gt;&amp;lt;td class="element pass"&amp;gt;&amp;amp;nbsp;&amp;lt;/td&amp;gt;&amp;lt;td class="element pass"&amp;gt;&amp;amp;nbsp;&amp;lt;/td&amp;gt;&amp;lt;td class="element pass"&amp;gt;&amp;amp;nbsp;&amp;lt;/td&amp;gt;&amp;lt;td class="element pass"&amp;gt;&amp;amp;nbsp;&amp;lt;/td&amp;gt;&amp;lt;td class="element pass"&amp;gt;&amp;amp;nbsp;&amp;lt;/td&amp;gt;&amp;lt;td class="element pass"&amp;gt;&amp;amp;nbsp;&amp;lt;/td&amp;gt;&amp;lt;td class="element pass"&amp;gt;&amp;amp;nbsp;&amp;lt;/td&amp;gt;&amp;lt;td class="element pass"&amp;gt;&amp;amp;nbsp;&amp;lt;/td&amp;gt;&amp;lt;td class="element pass"&amp;gt;&amp;amp;nbsp;&amp;lt;/td&amp;gt;&amp;lt;td class="element pass"&amp;gt;&amp;amp;nbsp;&amp;lt;/td&amp;gt;&amp;lt;td class="element pass"&amp;gt;&amp;amp;nbsp;&amp;lt;/td&amp;gt;&amp;lt;td class="element pass"&amp;gt;&amp;amp;nbsp;&amp;lt;/td&amp;gt;&amp;lt;td class="element pass"&amp;gt;&amp;amp;nbsp;&amp;lt;/td&amp;gt;&amp;lt;td class="element pass"&amp;gt;&amp;amp;nbsp;&amp;lt;/td&amp;gt;&amp;lt;td class="element pass"&amp;gt;&amp;amp;nbsp;&amp;lt;/td&amp;gt;&amp;lt;td class="element pass"&amp;gt;&amp;amp;nbsp;&amp;lt;/td&amp;gt;&amp;lt;td class="element pass"&amp;gt;&amp;amp;nbsp;&amp;lt;/td&amp;gt;&amp;lt;td class="element pass"&amp;gt;&amp;amp;nbsp;&amp;lt;/td&amp;gt;&amp;lt;td class="element pass"&amp;gt;&amp;amp;nbsp;&amp;lt;/td&amp;gt;&amp;lt;td class="element pass"&amp;gt;&amp;amp;nbsp;&amp;lt;/td&amp;gt;&amp;lt;td class="element pass"&amp;gt;&amp;amp;nbsp;&amp;lt;/td&amp;gt;&amp;lt;td class="element pass"&amp;gt;&amp;amp;nbsp;&amp;lt;/td&amp;gt;&amp;lt;td class="element pass"&amp;gt;&amp;amp;nbsp;&amp;lt;/td&amp;gt;&amp;lt;td class="element pass"&amp;gt;&amp;amp;nbsp;&amp;lt;/td&amp;gt;&amp;lt;td class="element pass"&amp;gt;&amp;amp;nbsp;&amp;lt;/td&amp;gt;&amp;lt;td class="element pass"&amp;gt;&amp;amp;nbsp;&amp;lt;/td&amp;gt;&amp;lt;td class="element pass"&amp;gt;&amp;amp;nbsp;&amp;lt;/td&amp;gt;&amp;lt;td class="element pass"&amp;gt;&amp;amp;nbsp;&amp;lt;/td&amp;gt;&amp;lt;td class="element pass"&amp;gt;&amp;amp;nbsp;&amp;lt;/td&amp;gt;&amp;lt;td class="element pass"&amp;gt;&amp;amp;nbsp;&amp;lt;/td&amp;gt;&amp;lt;td class="element pass"&amp;gt;&amp;amp;nbsp;&amp;lt;/td&amp;gt;&amp;lt;td class="element pass"&amp;gt;&amp;amp;nbsp;&amp;lt;/td&amp;gt;&amp;lt;td class="element pass"&amp;gt;&amp;amp;nbsp;&amp;lt;/td&amp;gt;&amp;lt;td class="element pass"&amp;gt;&amp;amp;nbsp;&amp;lt;/td&amp;gt;&amp;lt;td class="element pass"&amp;gt;&amp;amp;nbsp;&amp;lt;/td&amp;gt;&amp;lt;td class="element pass"&amp;gt;&amp;amp;nbsp;&amp;lt;/td&amp;gt;&amp;lt;td class="element pass"&amp;gt;&amp;amp;nbsp;&amp;lt;/td&amp;gt;&amp;lt;td class="element pass"&amp;gt;&amp;amp;nbsp;&amp;lt;/td&amp;gt;&amp;lt;td class="element pass"&amp;gt;&amp;amp;nbsp;&amp;lt;/td&amp;gt;&amp;lt;td class="element pass"&amp;gt;&amp;amp;nbsp;&amp;lt;/td&amp;gt;&amp;lt;td class="element pass"&amp;gt;&amp;amp;nbsp;&amp;lt;/td&amp;gt;               &amp;lt;/tr&amp;gt;
   &amp;lt;/table&amp;gt;
&amp;lt;/form&amp;gt;
  &amp;lt;/article&amp;gt;
  
  
 &amp;lt;/body&amp;gt;
&amp;lt;/html&amp;gt;
&lt;/td&gt;&lt;/tr&gt;
&lt;/table&gt;&lt;/td&gt;&lt;/tr&gt;
	&lt;tr class="scenario closed"&gt;
		&lt;td class="pass"&gt;the number of page histories should be&lt;/td&gt;
		&lt;td colspan="3" class="pass"&gt;1&lt;/td&gt;
	&lt;/tr&gt;&lt;tr class="scenario-detail closed-detail"&gt;&lt;td colspan="4"&gt;&lt;table&gt;
	&lt;tr&gt;
		&lt;td&gt;scenario&lt;/td&gt;
		&lt;td&gt;the number of page histories should be&lt;/td&gt;
		&lt;td colspan="4"&gt;number&lt;/td&gt;
	&lt;/tr&gt;
	&lt;tr&gt;
		&lt;td&gt;check&lt;/td&gt;
		&lt;td&gt;count of tag&lt;/td&gt;
		&lt;td&gt;TR&lt;/td&gt;
		&lt;td&gt;with id prefix&lt;/td&gt;
		&lt;td&gt;pageHistoryRow&lt;/td&gt;
		&lt;td&gt;&lt;span class="pass"&gt;1&lt;/span&gt;&lt;/td&gt;
	&lt;/tr&gt;
&lt;/table&gt;&lt;/td&gt;&lt;/tr&gt;
	&lt;tr class="scenario closed"&gt;
		&lt;td class="pass"&gt;The page history bar for&lt;/td&gt;
		&lt;td class="pass"&gt;5-May-2009&lt;/td&gt;
		&lt;td class="pass"&gt;should have a date field with class&lt;/td&gt;
		&lt;td class="pass"&gt;pass&lt;/td&gt;
	&lt;/tr&gt;&lt;tr class="scenario-detail closed-detail"&gt;&lt;td colspan="4"&gt;&lt;table&gt;
	&lt;tr&gt;
		&lt;td&gt;scenario&lt;/td&gt;
		&lt;td&gt;The page history bar for&lt;/td&gt;
		&lt;td&gt;date&lt;/td&gt;
		&lt;td&gt;should have a date field with class&lt;/td&gt;
		&lt;td&gt;class&lt;/td&gt;
	&lt;/tr&gt;
	&lt;tr&gt;
		&lt;td&gt;$date&amp;lt;-[20090505000000]&lt;/td&gt;
		&lt;td&gt;page history date signature of&lt;/td&gt;
		&lt;td colspan="3"&gt;5-May-2009&lt;/td&gt;
	&lt;/tr&gt;
	&lt;tr&gt;
		&lt;td&gt;&lt;span class="pass"&gt;ensure&lt;/span&gt;&lt;/td&gt;
		&lt;td&gt;content of tag with id&lt;/td&gt;
		&lt;td&gt;pageHistoryRow_$date-&gt;[20090505000000]&lt;/td&gt;
		&lt;td&gt;contains&lt;/td&gt;
		&lt;td&gt;&lt;td class="date_field pass"&gt;&lt;/td&gt;
	&lt;/tr&gt;
&lt;/table&gt;&lt;/td&gt;&lt;/tr&gt;
&lt;/table&gt;
&lt;br/&gt;&lt;div class="collapsible closed"&gt;&lt;ul&gt;&lt;li&gt;&lt;a href='#' class='expandall'&gt;Expand All&lt;/a&gt;&lt;/li&gt;&lt;li&gt;&lt;a href='#' class='collapseall'&gt;Collapse All&lt;/a&gt;&lt;/li&gt;&lt;/ul&gt;
	&lt;p class="title"&gt;Included page: &lt;a href="FitNesse.SuiteAcceptanceTests.TearDown"&gt;.FitNesse.SuiteAcceptanceTests.TearDown&lt;/a&gt; &lt;a href="FitNesse.SuiteAcceptanceTests.TearDown?edit&amp;amp;redirectToReferer=true&amp;amp;redirectAction=" class="edit"&gt;(edit)&lt;/a&gt;&lt;/p&gt;
	&lt;div&gt;&lt;hr/&gt;
&lt;br/&gt;&lt;table&gt;
	&lt;tr&gt;
		&lt;td&gt;&lt;span class="pass"&gt;tear down&lt;/span&gt;&lt;/td&gt;
	&lt;/tr&gt;
&lt;/table&gt;
&lt;br/&gt;&lt;/div&gt;
&lt;/div&gt;
</content>
    <relativePageName>PageHistoryHasGreenDateFieldIfNoErrors</relativePageName>
    
    
    
    <instructions>
            <instructionResult>
        <instruction>{id='import_42_0', instruction='import', path='fitnesse.fixtures'}</instruction>
        <slimResult>pass(fitnesse.fixtures)</slimResult>
                <expectation>
                    <status>pass</status>
                    <instructionId>import_42_0</instructionId>
                    <col>0</col>
                              <row>1</row>
                    <type>ImportExpectation</type>
                                        <evaluationMessage>fitnesse.fixtures</evaluationMessage>
                  </expectation>
        
      </instructionResult>
            <instructionResult>
        <instruction>{id='decisionTable_43_0', instruction='make', instanceName='decisionTable_43', className='SetUp', args=[]}</instruction>
        <slimResult>pass(SetUp)</slimResult>
                <expectation>
                    <status>pass</status>
                    <instructionId>decisionTable_43_0</instructionId>
                    <col>0</col>
                              <row>0</row>
                    <type>ConstructionExpectation</type>
                                        <evaluationMessage>SetUp</evaluationMessage>
                  </expectation>
        
      </instructionResult>
            <instructionResult>
        <instruction>{id='library_44_0', instruction='make', instanceName='library1', className='PageDriver', args=[]}</instruction>
        <slimResult>pass(page driver)</slimResult>
                <expectation>
                    <status>pass</status>
                    <instructionId>library_44_0</instructionId>
                    <col>0</col>
                              <row>1</row>
                    <type>ConstructionExpectation</type>
                                        <evaluationMessage>page driver</evaluationMessage>
                  </expectation>
        
      </instructionResult>
            <instructionResult>
        <instruction>{id='library_44_1', instruction='make', instanceName='library2', className='EchoFixture', args=[]}</instruction>
        <slimResult>pass(echo fixture)</slimResult>
                <expectation>
                    <status>pass</status>
                    <instructionId>library_44_1</instructionId>
                    <col>0</col>
                              <row>2</row>
                    <type>ConstructionExpectation</type>
                                        <evaluationMessage>echo fixture</evaluationMessage>
                  </expectation>
        
      </instructionResult>
            <instructionResult>
        <instruction>{id='library_44_2', instruction='make', instanceName='library3', className='ClockFixture', args=[]}</instruction>
        <slimResult>pass(clock fixture)</slimResult>
                <expectation>
                    <status>pass</status>
                    <instructionId>library_44_2</instructionId>
                    <col>0</col>
                              <row>3</row>
                    <type>ConstructionExpectation</type>
                                        <evaluationMessage>clock fixture</evaluationMessage>
                  </expectation>
        
      </instructionResult>
            <instructionResult>
        <instruction>{id='decisionTable_45_0', instruction='make', instanceName='decisionTable_45', className='PageHistory', args=[]}</instruction>
        <slimResult>pass(page history)</slimResult>
                <expectation>
                    <status>pass</status>
                    <instructionId>decisionTable_45_0</instructionId>
                    <col>0</col>
                              <row>0</row>
                    <type>ConstructionExpectation</type>
                                        <evaluationMessage>page history</evaluationMessage>
                  </expectation>
        
      </instructionResult>
            <instructionResult>
        <instruction>{id='decisionTable_45_4', instruction='call', instanceName='decisionTable_45', methodName='setName', args=[TestPage]}</instruction>
        <slimResult></slimResult>
                <expectation>
                    <instructionId>decisionTable_45_4</instructionId>
                    <col>0</col>
                              <row>2</row>
                    <type>VoidReturnExpectation</type>
                                      </expectation>
        
      </instructionResult>
            <instructionResult>
        <instruction>{id='decisionTable_45_5', instruction='call', instanceName='decisionTable_45', methodName='setDate', args=[5-May-2009]}</instruction>
        <slimResult></slimResult>
                <expectation>
                    <instructionId>decisionTable_45_5</instructionId>
                    <col>1</col>
                              <row>2</row>
                    <type>VoidReturnExpectation</type>
                                      </expectation>
        
      </instructionResult>
            <instructionResult>
        <instruction>{id='decisionTable_45_6', instruction='call', instanceName='decisionTable_45', methodName='setRight', args=[20]}</instruction>
        <slimResult></slimResult>
                <expectation>
                    <instructionId>decisionTable_45_6</instructionId>
                    <col>2</col>
                              <row>2</row>
                    <type>VoidReturnExpectation</type>
                                      </expectation>
        
      </instructionResult>
            <instructionResult>
        <instruction>{id='decisionTable_45_7', instruction='call', instanceName='decisionTable_45', methodName='setWrong', args=[00]}</instruction>
        <slimResult></slimResult>
                <expectation>
                    <instructionId>decisionTable_45_7</instructionId>
                    <col>3</col>
                              <row>2</row>
                    <type>VoidReturnExpectation</type>
                                      </expectation>
        
      </instructionResult>
            <instructionResult>
        <instruction>{id='decisionTable_45_8', instruction='call', instanceName='decisionTable_45', methodName='setIgnores', args=[0]}</instruction>
        <slimResult></slimResult>
                <expectation>
                    <instructionId>decisionTable_45_8</instructionId>
                    <col>4</col>
                              <row>2</row>
                    <type>VoidReturnExpectation</type>
                                      </expectation>
        
      </instructionResult>
            <instructionResult>
        <instruction>{id='decisionTable_45_9', instruction='call', instanceName='decisionTable_45', methodName='setExceptions', args=[0]}</instruction>
        <slimResult></slimResult>
                <expectation>
                    <instructionId>decisionTable_45_9</instructionId>
                    <col>5</col>
                              <row>2</row>
                    <type>VoidReturnExpectation</type>
                                      </expectation>
        
      </instructionResult>
            <instructionResult>
        <instruction>{id='scriptTable_46_0/scriptTable_25_0', instruction='call', instanceName='scriptTableActor', methodName='requestPage', args=[TestPage?pageHistory]}</instruction>
        <slimResult>pass(200)</slimResult>
                <expectation>
                    <status>pass</status>
                    <instructionId>scriptTable_46_0/scriptTable_25_0</instructionId>
                    <col>3</col>
                              <row>1</row>
                    <type>ReturnedValueExpectation</type>
                                        <evaluationMessage>200</evaluationMessage>
                  </expectation>
        
      </instructionResult>
            <instructionResult>
        <instruction>{id='scriptTable_46_0/scriptTable_25_1', instruction='callAndAssign', symbolName='TESTPAGE', instanceName='scriptTableActor', methodName='echo', args=[TestPage]}</instruction>
        <slimResult>$TESTPAGE&lt;-[TestPage]</slimResult>
                <expectation>
                    <instructionId>scriptTable_46_0/scriptTable_25_1</instructionId>
                    <col>0</col>
                              <row>2</row>
                    <type>SymbolAssignmentExpectation</type>
                                        <evaluationMessage>$TESTPAGE&lt;-[TestPage]</evaluationMessage>
                  </expectation>
        
      </instructionResult>
            <instructionResult>
        <instruction>{id='scriptTable_46_0/scriptTable_25_2', instruction='call', instanceName='scriptTableActor', methodName='content', args=[]}</instruction>
        <slimResult></slimResult>
                <expectation>
                    <instructionId>scriptTable_46_0/scriptTable_25_2</instructionId>
                    <col>0</col>
                              <row>3</row>
                    <type>ShowActionExpectation</type>
                                      </expectation>
        
      </instructionResult>
            <instructionResult>
        <instruction>{id='scriptTable_46_1/scriptTable_27_0', instruction='call', instanceName='scriptTableActor', methodName='countOfTagWithIdPrefix', args=[TR, pageHistoryRow]}</instruction>
        <slimResult>pass(1)</slimResult>
                <expectation>
                    <status>pass</status>
                    <instructionId>scriptTable_46_1/scriptTable_27_0</instructionId>
                    <col>5</col>
                              <row>1</row>
                    <type>ReturnedValueExpectation</type>
                                        <evaluationMessage>1</evaluationMessage>
                  </expectation>
        
      </instructionResult>
            <instructionResult>
        <instruction>{id='scriptTable_46_2/scriptTable_33_0', instruction='callAndAssign', symbolName='date', instanceName='scriptTableActor', methodName='pageHistoryDateSignatureOf', args=[5-May-2009]}</instruction>
        <slimResult>$date&lt;-[20090505000000]</slimResult>
                <expectation>
                    <instructionId>scriptTable_46_2/scriptTable_33_0</instructionId>
                    <col>0</col>
                              <row>1</row>
                    <type>SymbolAssignmentExpectation</type>
                                        <evaluationMessage>$date&lt;-[20090505000000]</evaluationMessage>
                  </expectation>
        
      </instructionResult>
            <instructionResult>
        <instruction>{id='scriptTable_46_2/scriptTable_33_1', instruction='call', instanceName='scriptTableActor', methodName='contentOfTagWithIdContains', args=[pageHistoryRow_$date, &lt;td class="date_field pass"&gt;]}</instruction>
        <slimResult>pass()</slimResult>
                <expectation>
                    <status>pass</status>
                    <instructionId>scriptTable_46_2/scriptTable_33_1</instructionId>
                    <col>0</col>
                              <row>2</row>
                    <type>EnsureActionExpectation</type>
                                      </expectation>
        
      </instructionResult>
            <instructionResult>
        <instruction>{id='decisionTable_47_0', instruction='make', instanceName='decisionTable_47', className='TearDown', args=[]}</instruction>
        <slimResult>pass(tear down)</slimResult>
                <expectation>
                    <status>pass</status>
                    <instructionId>decisionTable_47_0</instructionId>
                    <col>0</col>
                              <row>0</row>
                    <type>ConstructionExpectation</type>
                                        <evaluationMessage>tear down</evaluationMessage>
                  </expectation>
        
      </instructionResult>
      
    </instructions>
    
  </result>
  
    <finalCounts>
    <right>1</right>
    <wrong>0</wrong>
    <ignores>0</ignores>
    <exceptions>0</exceptions>
  </finalCounts>
  <totalRunTimeInMillis>73</totalRunTimeInMillis>
  
</testResults>

